[0.000000] (-) TimerEvent: {}
[0.000399] (-) JobUnselected: {'identifier': 'particle_filter'}
[0.000766] (-) JobUnselected: {'identifier': 'slam_karto'}
[0.000944] (-) JobUnselected: {'identifier': 'sllidar_ros2'}
[0.000973] (bolide_interfaces) JobQueued: {'identifier': 'bolide_interfaces', 'dependencies': OrderedDict()}
[0.001003] (control_bolide) JobQueued: {'identifier': 'control_bolide', 'dependencies': OrderedDict({'bolide_interfaces': '/home/voiture/course_2025_slam_pkgs/workspace/install/bolide_interfaces'})}
[0.001037] (perception_bolide) JobQueued: {'identifier': 'perception_bolide', 'dependencies': OrderedDict({'bolide_interfaces': '/home/voiture/course_2025_slam_pkgs/workspace/install/bolide_interfaces'})}
[0.001061] (planning_bolide) JobQueued: {'identifier': 'planning_bolide', 'dependencies': OrderedDict({'bolide_interfaces': '/home/voiture/course_2025_slam_pkgs/workspace/install/bolide_interfaces'})}
[0.001083] (bolide_interfaces) JobStarted: {'identifier': 'bolide_interfaces'}
[0.018218] (bolide_interfaces) JobProgress: {'identifier': 'bolide_interfaces', 'progress': 'cmake'}
[0.019789] (bolide_interfaces) JobProgress: {'identifier': 'bolide_interfaces', 'progress': 'build'}
[0.020939] (bolide_interfaces) Command: {'cmd': ['/usr/bin/cmake', '--build', '/home/voiture/course_2025_slam_pkgs/workspace/build/bolide_interfaces', '--', '-j4', '-l4'], 'cwd': '/home/voiture/course_2025_slam_pkgs/workspace/build/bolide_interfaces', 'env': OrderedDict({'LESSOPEN': '| /usr/bin/lesspipe %s', 'LANGUAGE': 'en', 'USER': 'voiture', 'XDG_SESSION_TYPE': 'x11', 'CLUTTER_DISABLE_MIPMAPPED_TEXT': '1', 'SHLVL': '1', 'LD_LIBRARY_PATH': '/home/voiture/course_2025_slam_pkgs/workspace/install/bolide_interfaces/lib:/opt/ros/jazzy/opt/rviz_ogre_vendor/lib:/opt/ros/jazzy/lib/aarch64-linux-gnu:/opt/ros/jazzy/opt/gz_math_vendor/lib:/opt/ros/jazzy/opt/gz_utils_vendor/lib:/opt/ros/jazzy/opt/gz_cmake_vendor/lib:/opt/ros/jazzy/lib', 'HOME': '/home/voiture', 'OLDPWD': '/home/voiture', 'DESKTOP_SESSION': 'ubuntu', 'ROS_PYTHON_VERSION': '3', 'GNOME_SHELL_SESSION_MODE': 'ubuntu', 'GTK_MODULES': 'gail:atk-bridge', 'XDG_SEAT_PATH': '/org/freedesktop/DisplayManager/Seat0', 'PS1': '\\[\\e]0;\\u@\\h: \\w\\a\\]${debian_chroot:+($debian_chroot)}\\[\\033[01;32m\\]\\u@\\h\\[\\033[00m\\]:\\[\\033[01;34m\\]\\w\\[\\033[00m\\]\\$', 'SYSTEMD_EXEC_PID': '2120', 'GSM_SKIP_SSH_AGENT_WORKAROUND': 'true', 'DBUS_SESSION_BUS_ADDRESS': 'unix:path=/run/user/1002/bus', 'COLORTERM': 'truecolor', 'DEBUGINFOD_URLS': 'https://debuginfod.ubuntu.com', 'IM_CONFIG_PHASE': '1', 'COLCON_PREFIX_PATH': '/home/voiture/course_2025_slam_pkgs/workspace/install', 'ROS_DISTRO': 'jazzy', 'LOGNAME': 'voiture', '_': '/usr/bin/colcon', 'ROS_VERSION': '2', 'MEMORY_PRESSURE_WATCH': '/sys/fs/cgroup/user.slice/user-1002.slice/user@1002.service/session.slice/org.gnome.Shell@x11.service/memory.pressure', 'XDG_SESSION_CLASS': 'user', 'TERM': 'xterm-256color', 'GNOME_DESKTOP_SESSION_ID': 'this-is-deprecated', 'PATH': '/opt/ros/jazzy/bin:/usr/local/sbin:/usr/local/bin:/usr/sbin:/usr/bin:/sbin:/bin:/usr/games:/usr/local/games:/snap/bin', 'SESSION_MANAGER': 'local/voiture1:@/tmp/.ICE-unix/2087,unix/voiture1:/tmp/.ICE-unix/2087', 'GDM_LANG': 'en', 'XDG_SESSION_PATH': '/org/freedesktop/DisplayManager/Session0', 'XDG_MENU_PREFIX': 'gnome-', 'GNOME_TERMINAL_SCREEN': '/org/gnome/Terminal/screen/bb37d3ac_3e05_49b7_8b52_9f2fe2d04ef2', 'XDG_RUNTIME_DIR': '/run/user/1002', 'DISPLAY': ':0', 'LANG': 'C.UTF-8', 'XDG_CURRENT_DESKTOP': 'ubuntu:GNOME', 'XMODIFIERS': '@im=ibus', 'XDG_SESSION_DESKTOP': 'ubuntu', 'XAUTHORITY': '/home/voiture/.Xauthority', 'LS_COLORS': 'rs=0:di=01;34:ln=01;36:mh=00:pi=40;33:so=01;35:do=01;35:bd=40;33;01:cd=40;33;01:or=40;31;01:mi=00:su=37;41:sg=30;43:ca=00:tw=30;42:ow=34;42:st=37;44:ex=01;32:*.tar=01;31:*.tgz=01;31:*.arc=01;31:*.arj=01;31:*.taz=01;31:*.lha=01;31:*.lz4=01;31:*.lzh=01;31:*.lzma=01;31:*.tlz=01;31:*.txz=01;31:*.tzo=01;31:*.t7z=01;31:*.zip=01;31:*.z=01;31:*.dz=01;31:*.gz=01;31:*.lrz=01;31:*.lz=01;31:*.lzo=01;31:*.xz=01;31:*.zst=01;31:*.tzst=01;31:*.bz2=01;31:*.bz=01;31:*.tbz=01;31:*.tbz2=01;31:*.tz=01;31:*.deb=01;31:*.rpm=01;31:*.jar=01;31:*.war=01;31:*.ear=01;31:*.sar=01;31:*.rar=01;31:*.alz=01;31:*.ace=01;31:*.zoo=01;31:*.cpio=01;31:*.7z=01;31:*.rz=01;31:*.cab=01;31:*.wim=01;31:*.swm=01;31:*.dwm=01;31:*.esd=01;31:*.avif=01;35:*.jpg=01;35:*.jpeg=01;35:*.mjpg=01;35:*.mjpeg=01;35:*.gif=01;35:*.bmp=01;35:*.pbm=01;35:*.pgm=01;35:*.ppm=01;35:*.tga=01;35:*.xbm=01;35:*.xpm=01;35:*.tif=01;35:*.tiff=01;35:*.png=01;35:*.svg=01;35:*.svgz=01;35:*.mng=01;35:*.pcx=01;35:*.mov=01;35:*.mpg=01;35:*.mpeg=01;35:*.m2v=01;35:*.mkv=01;35:*.webm=01;35:*.webp=01;35:*.ogm=01;35:*.mp4=01;35:*.m4v=01;35:*.mp4v=01;35:*.vob=01;35:*.qt=01;35:*.nuv=01;35:*.wmv=01;35:*.asf=01;35:*.rm=01;35:*.rmvb=01;35:*.flc=01;35:*.avi=01;35:*.fli=01;35:*.flv=01;35:*.gl=01;35:*.dl=01;35:*.xcf=01;35:*.xwd=01;35:*.yuv=01;35:*.cgm=01;35:*.emf=01;35:*.ogv=01;35:*.ogx=01;35:*.aac=00;36:*.au=00;36:*.flac=00;36:*.m4a=00;36:*.mid=00;36:*.midi=00;36:*.mka=00;36:*.mp3=00;36:*.mpc=00;36:*.ogg=00;36:*.ra=00;36:*.wav=00;36:*.oga=00;36:*.opus=00;36:*.spx=00;36:*.xspf=00;36:*~=00;90:*#=00;90:*.bak=00;90:*.crdownload=00;90:*.dpkg-dist=00;90:*.dpkg-new=00;90:*.dpkg-old=00;90:*.dpkg-tmp=00;90:*.old=00;90:*.orig=00;90:*.part=00;90:*.rej=00;90:*.rpmnew=00;90:*.rpmorig=00;90:*.rpmsave=00;90:*.swp=00;90:*.tmp=00;90:*.ucf-dist=00;90:*.ucf-new=00;90:*.ucf-old=00;90:', 'GNOME_TERMINAL_SERVICE': ':1.103', 'SSH_AUTH_SOCK': '/run/user/1002/keyring/ssh', 'ROS_DOMAIN_ID': '10', 'XDG_GREETER_DATA_DIR': '/var/lib/lightdm-data/voiture', 'AMENT_PREFIX_PATH': '/home/voiture/course_2025_slam_pkgs/workspace/install/sllidar_ros2:/home/voiture/course_2025_slam_pkgs/workspace/install/planning_bolide:/home/voiture/course_2025_slam_pkgs/workspace/install/perception_bolide:/home/voiture/course_2025_slam_pkgs/workspace/install/particle_filter:/home/voiture/course_2025_slam_pkgs/workspace/install/control_bolide:/home/voiture/course_2025_slam_pkgs/workspace/install/bolide_interfaces:/opt/ros/jazzy', 'SHELL': '/bin/bash', 'QT_ACCESSIBILITY': '1', 'GDMSESSION': 'ubuntu', 'LESSCLOSE': '/usr/bin/lesspipe %s %s', 'GPG_AGENT_INFO': '/run/user/1002/gnupg/S.gpg-agent:0:1', 'ROS_AUTOMATIC_DISCOVERY_RANGE': 'SUBNET', 'QT_IM_MODULE': 'ibus', 'PWD': '/home/voiture/course_2025_slam_pkgs/workspace/build/bolide_interfaces', 'XDG_CONFIG_DIRS': '/etc/xdg/xdg-ubuntu:/etc/xdg', 'XDG_DATA_DIRS': '/usr/share/ubuntu:/usr/share/gnome:/usr/local/share:/usr/share:/var/lib/snapd/desktop', 'PYTHONPATH': '/home/voiture/course_2025_slam_pkgs/workspace/install/planning_bolide/lib/python3.12/site-packages:/home/voiture/course_2025_slam_pkgs/workspace/install/perception_bolide/lib/python3.12/site-packages:/home/voiture/course_2025_slam_pkgs/workspace/install/particle_filter/lib/python3.12/site-packages:/home/voiture/course_2025_slam_pkgs/workspace/install/control_bolide/lib/python3.12/site-packages:/home/voiture/course_2025_slam_pkgs/workspace/install/bolide_interfaces/lib/python3.12/site-packages:/opt/ros/jazzy/lib/python3.12/site-packages', 'COLCON': '1', 'MEMORY_PRESSURE_WRITE': 'c29tZSAyMDAwMDAgMjAwMDAwMAA=', 'VTE_VERSION': '7600', 'CMAKE_PREFIX_PATH': '/home/voiture/course_2025_slam_pkgs/workspace/install/sllidar_ros2:/home/voiture/course_2025_slam_pkgs/workspace/install/bolide_interfaces:/opt/ros/jazzy/opt/gz_math_vendor:/opt/ros/jazzy/opt/gz_utils_vendor:/opt/ros/jazzy/opt/gz_cmake_vendor:/home/voiture/course_2025_slam_pkgs/workspace/install/planning_bolide:/home/voiture/course_2025_slam_pkgs/workspace/install/perception_bolide:/home/voiture/course_2025_slam_pkgs/workspace/install/particle_filter:/home/voiture/course_2025_slam_pkgs/workspace/install/control_bolide:/opt/ros/jazzy'}), 'shell': False}
[0.099706] (-) TimerEvent: {}
[0.134642] (bolide_interfaces) StdoutLine: {'line': b'[  1%] Built target bolide_interfaces__rosidl_generator_type_description\n'}
[0.166213] (bolide_interfaces) StdoutLine: {'line': b'[  1%] Built target ament_cmake_python_copy_bolide_interfaces\n'}
[0.183194] (bolide_interfaces) StdoutLine: {'line': b'[  2%] Built target bolide_interfaces__cpp\n'}
[0.199876] (bolide_interfaces) StdoutLine: {'line': b'[ 25%] Built target bolide_interfaces__rosidl_generator_c\n'}
[0.200259] (-) TimerEvent: {}
[0.277405] (bolide_interfaces) StdoutLine: {'line': b'[ 35%] Built target bolide_interfaces__rosidl_typesupport_cpp\n'}
[0.302787] (-) TimerEvent: {}
[0.306969] (bolide_interfaces) StdoutLine: {'line': b'[ 44%] Built target bolide_interfaces__rosidl_typesupport_fastrtps_cpp\n'}
[0.315550] (bolide_interfaces) StdoutLine: {'line': b'[ 54%] Built target bolide_interfaces__rosidl_typesupport_fastrtps_c\n'}
[0.403053] (-) TimerEvent: {}
[0.419469] (bolide_interfaces) StdoutLine: {'line': b'[ 63%] Built target bolide_interfaces__rosidl_typesupport_c\n'}
[0.420063] (bolide_interfaces) StdoutLine: {'line': b'[ 72%] Built target bolide_interfaces__rosidl_typesupport_introspection_c\n'}
[0.449452] (bolide_interfaces) StdoutLine: {'line': b'[ 82%] Built target bolide_interfaces__rosidl_typesupport_introspection_cpp\n'}
[0.503227] (-) TimerEvent: {}
[0.515038] (bolide_interfaces) StdoutLine: {'line': b'[ 82%] Built target bolide_interfaces\n'}
[0.568793] (bolide_interfaces) StdoutLine: {'line': b'[ 83%] Built target bolide_interfaces__py\n'}
[0.605028] (-) TimerEvent: {}
[0.630769] (bolide_interfaces) StdoutLine: {'line': b'[ 91%] Built target bolide_interfaces__rosidl_generator_py\n'}
[0.688925] (bolide_interfaces) StdoutLine: {'line': b'[ 97%] Built target bolide_interfaces_s__rosidl_typesupport_c\n'}
[0.689262] (bolide_interfaces) StdoutLine: {'line': b'[ 97%] Built target bolide_interfaces_s__rosidl_typesupport_introspection_c\n'}
[0.705141] (-) TimerEvent: {}
[0.719581] (bolide_interfaces) StdoutLine: {'line': b'[100%] Built target bolide_interfaces_s__rosidl_typesupport_fastrtps_c\n'}
[0.741933] (bolide_interfaces) StdoutLine: {'line': b'running egg_info\n'}
[0.771273] (bolide_interfaces) StdoutLine: {'line': b'writing bolide_interfaces.egg-info/PKG-INFO\n'}
[0.771713] (bolide_interfaces) StdoutLine: {'line': b'writing dependency_links to bolide_interfaces.egg-info/dependency_links.txt\n'}
[0.772815] (bolide_interfaces) StdoutLine: {'line': b'writing top-level names to bolide_interfaces.egg-info/top_level.txt\n'}
[0.805222] (-) TimerEvent: {}
[0.851875] (bolide_interfaces) StdoutLine: {'line': b"reading manifest file 'bolide_interfaces.egg-info/SOURCES.txt'\n"}
[0.852765] (bolide_interfaces) StdoutLine: {'line': b"writing manifest file 'bolide_interfaces.egg-info/SOURCES.txt'\n"}
[0.905376] (-) TimerEvent: {}
[0.928570] (bolide_interfaces) StdoutLine: {'line': b'[100%] Built target ament_cmake_python_build_bolide_interfaces_egg\n'}
[0.951608] (bolide_interfaces) CommandEnded: {'returncode': 0}
[0.952571] (bolide_interfaces) JobProgress: {'identifier': 'bolide_interfaces', 'progress': 'install'}
[0.968840] (bolide_interfaces) Command: {'cmd': ['/usr/bin/cmake', '--install', '/home/voiture/course_2025_slam_pkgs/workspace/build/bolide_interfaces'], 'cwd': '/home/voiture/course_2025_slam_pkgs/workspace/build/bolide_interfaces', 'env': OrderedDict({'LESSOPEN': '| /usr/bin/lesspipe %s', 'LANGUAGE': 'en', 'USER': 'voiture', 'XDG_SESSION_TYPE': 'x11', 'CLUTTER_DISABLE_MIPMAPPED_TEXT': '1', 'SHLVL': '1', 'LD_LIBRARY_PATH': '/home/voiture/course_2025_slam_pkgs/workspace/install/bolide_interfaces/lib:/opt/ros/jazzy/opt/rviz_ogre_vendor/lib:/opt/ros/jazzy/lib/aarch64-linux-gnu:/opt/ros/jazzy/opt/gz_math_vendor/lib:/opt/ros/jazzy/opt/gz_utils_vendor/lib:/opt/ros/jazzy/opt/gz_cmake_vendor/lib:/opt/ros/jazzy/lib', 'HOME': '/home/voiture', 'OLDPWD': '/home/voiture', 'DESKTOP_SESSION': 'ubuntu', 'ROS_PYTHON_VERSION': '3', 'GNOME_SHELL_SESSION_MODE': 'ubuntu', 'GTK_MODULES': 'gail:atk-bridge', 'XDG_SEAT_PATH': '/org/freedesktop/DisplayManager/Seat0', 'PS1': '\\[\\e]0;\\u@\\h: \\w\\a\\]${debian_chroot:+($debian_chroot)}\\[\\033[01;32m\\]\\u@\\h\\[\\033[00m\\]:\\[\\033[01;34m\\]\\w\\[\\033[00m\\]\\$', 'SYSTEMD_EXEC_PID': '2120', 'GSM_SKIP_SSH_AGENT_WORKAROUND': 'true', 'DBUS_SESSION_BUS_ADDRESS': 'unix:path=/run/user/1002/bus', 'COLORTERM': 'truecolor', 'DEBUGINFOD_URLS': 'https://debuginfod.ubuntu.com', 'IM_CONFIG_PHASE': '1', 'COLCON_PREFIX_PATH': '/home/voiture/course_2025_slam_pkgs/workspace/install', 'ROS_DISTRO': 'jazzy', 'LOGNAME': 'voiture', '_': '/usr/bin/colcon', 'ROS_VERSION': '2', 'MEMORY_PRESSURE_WATCH': '/sys/fs/cgroup/user.slice/user-1002.slice/user@1002.service/session.slice/org.gnome.Shell@x11.service/memory.pressure', 'XDG_SESSION_CLASS': 'user', 'TERM': 'xterm-256color', 'GNOME_DESKTOP_SESSION_ID': 'this-is-deprecated', 'PATH': '/opt/ros/jazzy/bin:/usr/local/sbin:/usr/local/bin:/usr/sbin:/usr/bin:/sbin:/bin:/usr/games:/usr/local/games:/snap/bin', 'SESSION_MANAGER': 'local/voiture1:@/tmp/.ICE-unix/2087,unix/voiture1:/tmp/.ICE-unix/2087', 'GDM_LANG': 'en', 'XDG_SESSION_PATH': '/org/freedesktop/DisplayManager/Session0', 'XDG_MENU_PREFIX': 'gnome-', 'GNOME_TERMINAL_SCREEN': '/org/gnome/Terminal/screen/bb37d3ac_3e05_49b7_8b52_9f2fe2d04ef2', 'XDG_RUNTIME_DIR': '/run/user/1002', 'DISPLAY': ':0', 'LANG': 'C.UTF-8', 'XDG_CURRENT_DESKTOP': 'ubuntu:GNOME', 'XMODIFIERS': '@im=ibus', 'XDG_SESSION_DESKTOP': 'ubuntu', 'XAUTHORITY': '/home/voiture/.Xauthority', 'LS_COLORS': 'rs=0:di=01;34:ln=01;36:mh=00:pi=40;33:so=01;35:do=01;35:bd=40;33;01:cd=40;33;01:or=40;31;01:mi=00:su=37;41:sg=30;43:ca=00:tw=30;42:ow=34;42:st=37;44:ex=01;32:*.tar=01;31:*.tgz=01;31:*.arc=01;31:*.arj=01;31:*.taz=01;31:*.lha=01;31:*.lz4=01;31:*.lzh=01;31:*.lzma=01;31:*.tlz=01;31:*.txz=01;31:*.tzo=01;31:*.t7z=01;31:*.zip=01;31:*.z=01;31:*.dz=01;31:*.gz=01;31:*.lrz=01;31:*.lz=01;31:*.lzo=01;31:*.xz=01;31:*.zst=01;31:*.tzst=01;31:*.bz2=01;31:*.bz=01;31:*.tbz=01;31:*.tbz2=01;31:*.tz=01;31:*.deb=01;31:*.rpm=01;31:*.jar=01;31:*.war=01;31:*.ear=01;31:*.sar=01;31:*.rar=01;31:*.alz=01;31:*.ace=01;31:*.zoo=01;31:*.cpio=01;31:*.7z=01;31:*.rz=01;31:*.cab=01;31:*.wim=01;31:*.swm=01;31:*.dwm=01;31:*.esd=01;31:*.avif=01;35:*.jpg=01;35:*.jpeg=01;35:*.mjpg=01;35:*.mjpeg=01;35:*.gif=01;35:*.bmp=01;35:*.pbm=01;35:*.pgm=01;35:*.ppm=01;35:*.tga=01;35:*.xbm=01;35:*.xpm=01;35:*.tif=01;35:*.tiff=01;35:*.png=01;35:*.svg=01;35:*.svgz=01;35:*.mng=01;35:*.pcx=01;35:*.mov=01;35:*.mpg=01;35:*.mpeg=01;35:*.m2v=01;35:*.mkv=01;35:*.webm=01;35:*.webp=01;35:*.ogm=01;35:*.mp4=01;35:*.m4v=01;35:*.mp4v=01;35:*.vob=01;35:*.qt=01;35:*.nuv=01;35:*.wmv=01;35:*.asf=01;35:*.rm=01;35:*.rmvb=01;35:*.flc=01;35:*.avi=01;35:*.fli=01;35:*.flv=01;35:*.gl=01;35:*.dl=01;35:*.xcf=01;35:*.xwd=01;35:*.yuv=01;35:*.cgm=01;35:*.emf=01;35:*.ogv=01;35:*.ogx=01;35:*.aac=00;36:*.au=00;36:*.flac=00;36:*.m4a=00;36:*.mid=00;36:*.midi=00;36:*.mka=00;36:*.mp3=00;36:*.mpc=00;36:*.ogg=00;36:*.ra=00;36:*.wav=00;36:*.oga=00;36:*.opus=00;36:*.spx=00;36:*.xspf=00;36:*~=00;90:*#=00;90:*.bak=00;90:*.crdownload=00;90:*.dpkg-dist=00;90:*.dpkg-new=00;90:*.dpkg-old=00;90:*.dpkg-tmp=00;90:*.old=00;90:*.orig=00;90:*.part=00;90:*.rej=00;90:*.rpmnew=00;90:*.rpmorig=00;90:*.rpmsave=00;90:*.swp=00;90:*.tmp=00;90:*.ucf-dist=00;90:*.ucf-new=00;90:*.ucf-old=00;90:', 'GNOME_TERMINAL_SERVICE': ':1.103', 'SSH_AUTH_SOCK': '/run/user/1002/keyring/ssh', 'ROS_DOMAIN_ID': '10', 'XDG_GREETER_DATA_DIR': '/var/lib/lightdm-data/voiture', 'AMENT_PREFIX_PATH': '/home/voiture/course_2025_slam_pkgs/workspace/install/sllidar_ros2:/home/voiture/course_2025_slam_pkgs/workspace/install/planning_bolide:/home/voiture/course_2025_slam_pkgs/workspace/install/perception_bolide:/home/voiture/course_2025_slam_pkgs/workspace/install/particle_filter:/home/voiture/course_2025_slam_pkgs/workspace/install/control_bolide:/home/voiture/course_2025_slam_pkgs/workspace/install/bolide_interfaces:/opt/ros/jazzy', 'SHELL': '/bin/bash', 'QT_ACCESSIBILITY': '1', 'GDMSESSION': 'ubuntu', 'LESSCLOSE': '/usr/bin/lesspipe %s %s', 'GPG_AGENT_INFO': '/run/user/1002/gnupg/S.gpg-agent:0:1', 'ROS_AUTOMATIC_DISCOVERY_RANGE': 'SUBNET', 'QT_IM_MODULE': 'ibus', 'PWD': '/home/voiture/course_2025_slam_pkgs/workspace/build/bolide_interfaces', 'XDG_CONFIG_DIRS': '/etc/xdg/xdg-ubuntu:/etc/xdg', 'XDG_DATA_DIRS': '/usr/share/ubuntu:/usr/share/gnome:/usr/local/share:/usr/share:/var/lib/snapd/desktop', 'PYTHONPATH': '/home/voiture/course_2025_slam_pkgs/workspace/install/planning_bolide/lib/python3.12/site-packages:/home/voiture/course_2025_slam_pkgs/workspace/install/perception_bolide/lib/python3.12/site-packages:/home/voiture/course_2025_slam_pkgs/workspace/install/particle_filter/lib/python3.12/site-packages:/home/voiture/course_2025_slam_pkgs/workspace/install/control_bolide/lib/python3.12/site-packages:/home/voiture/course_2025_slam_pkgs/workspace/install/bolide_interfaces/lib/python3.12/site-packages:/opt/ros/jazzy/lib/python3.12/site-packages', 'COLCON': '1', 'MEMORY_PRESSURE_WRITE': 'c29tZSAyMDAwMDAgMjAwMDAwMAA=', 'VTE_VERSION': '7600', 'CMAKE_PREFIX_PATH': '/home/voiture/course_2025_slam_pkgs/workspace/install/sllidar_ros2:/home/voiture/course_2025_slam_pkgs/workspace/install/bolide_interfaces:/opt/ros/jazzy/opt/gz_math_vendor:/opt/ros/jazzy/opt/gz_utils_vendor:/opt/ros/jazzy/opt/gz_cmake_vendor:/home/voiture/course_2025_slam_pkgs/workspace/install/planning_bolide:/home/voiture/course_2025_slam_pkgs/workspace/install/perception_bolide:/home/voiture/course_2025_slam_pkgs/workspace/install/particle_filter:/home/voiture/course_2025_slam_pkgs/workspace/install/control_bolide:/opt/ros/jazzy'}), 'shell': False}
[0.985602] (bolide_interfaces) StdoutLine: {'line': b'-- Install configuration: ""\n'}
[0.985959] (bolide_interfaces) StdoutLine: {'line': b'-- Up-to-date: /home/voiture/course_2025_slam_pkgs/workspace/install/bolide_interfaces/share/ament_index/resource_index/rosidl_interfaces/bolide_interfaces\n'}
[0.986137] (bolide_interfaces) StdoutLine: {'line': b'-- Up-to-date: /home/voiture/course_2025_slam_pkgs/workspace/install/bolide_interfaces/share/bolide_interfaces/msg/CameraInfo.json\n'}
[0.986275] (bolide_interfaces) StdoutLine: {'line': b'-- Up-to-date: /home/voiture/course_2025_slam_pkgs/workspace/install/bolide_interfaces/share/bolide_interfaces/msg/ForkSpeed.json\n'}
[0.986399] (bolide_interfaces) StdoutLine: {'line': b'-- Up-to-date: /home/voiture/course_2025_slam_pkgs/workspace/install/bolide_interfaces/share/bolide_interfaces/msg/MultipleRange.json\n'}
[0.986496] (bolide_interfaces) StdoutLine: {'line': b'-- Up-to-date: /home/voiture/course_2025_slam_pkgs/workspace/install/bolide_interfaces/share/bolide_interfaces/msg/SpeedDirection.json\n'}
[0.986581] (bolide_interfaces) StdoutLine: {'line': b'-- Up-to-date: /home/voiture/course_2025_slam_pkgs/workspace/install/bolide_interfaces/share/bolide_interfaces/srv/LaunchEkf.json\n'}
[0.986662] (bolide_interfaces) StdoutLine: {'line': b'-- Up-to-date: /home/voiture/course_2025_slam_pkgs/workspace/install/bolide_interfaces/include/bolide_interfaces/bolide_interfaces\n'}
[0.986768] (bolide_interfaces) StdoutLine: {'line': b'-- Up-to-date: /home/voiture/course_2025_slam_pkgs/workspace/install/bolide_interfaces/include/bolide_interfaces/bolide_interfaces/srv\n'}
[0.986943] (bolide_interfaces) StdoutLine: {'line': b'-- Up-to-date: /home/voiture/course_2025_slam_pkgs/workspace/install/bolide_interfaces/include/bolide_interfaces/bolide_interfaces/srv/detail\n'}
[0.987078] (bolide_interfaces) StdoutLine: {'line': b'-- Installing: /home/voiture/course_2025_slam_pkgs/workspace/install/bolide_interfaces/include/bolide_interfaces/bolide_interfaces/srv/detail/launch_ekf__type_support.c\n'}
[0.987174] (bolide_interfaces) StdoutLine: {'line': b'-- Up-to-date: /home/voiture/course_2025_slam_pkgs/workspace/install/bolide_interfaces/include/bolide_interfaces/bolide_interfaces/srv/detail/launch_ekf__functions.c\n'}
[0.987265] (bolide_interfaces) StdoutLine: {'line': b'-- Up-to-date: /home/voiture/course_2025_slam_pkgs/workspace/install/bolide_interfaces/include/bolide_interfaces/bolide_interfaces/srv/detail/launch_ekf__struct.h\n'}
[0.987353] (bolide_interfaces) StdoutLine: {'line': b'-- Up-to-date: /home/voiture/course_2025_slam_pkgs/workspace/install/bolide_interfaces/include/bolide_interfaces/bolide_interfaces/srv/detail/launch_ekf__type_support.h\n'}
[0.987433] (bolide_interfaces) StdoutLine: {'line': b'-- Up-to-date: /home/voiture/course_2025_slam_pkgs/workspace/install/bolide_interfaces/include/bolide_interfaces/bolide_interfaces/srv/detail/launch_ekf__functions.h\n'}
[0.987513] (bolide_interfaces) StdoutLine: {'line': b'-- Up-to-date: /home/voiture/course_2025_slam_pkgs/workspace/install/bolide_interfaces/include/bolide_interfaces/bolide_interfaces/srv/detail/launch_ekf__description.c\n'}
[0.987609] (bolide_interfaces) StdoutLine: {'line': b'-- Up-to-date: /home/voiture/course_2025_slam_pkgs/workspace/install/bolide_interfaces/include/bolide_interfaces/bolide_interfaces/srv/launch_ekf.h\n'}
[0.987706] (bolide_interfaces) StdoutLine: {'line': b'-- Up-to-date: /home/voiture/course_2025_slam_pkgs/workspace/install/bolide_interfaces/include/bolide_interfaces/bolide_interfaces/msg\n'}
[0.987797] (bolide_interfaces) StdoutLine: {'line': b'-- Up-to-date: /home/voiture/course_2025_slam_pkgs/workspace/install/bolide_interfaces/include/bolide_interfaces/bolide_interfaces/msg/camera_info.h\n'}
[0.987878] (bolide_interfaces) StdoutLine: {'line': b'-- Up-to-date: /home/voiture/course_2025_slam_pkgs/workspace/install/bolide_interfaces/include/bolide_interfaces/bolide_interfaces/msg/rosidl_generator_c__visibility_control.h\n'}
[0.987986] (bolide_interfaces) StdoutLine: {'line': b'-- Up-to-date: /home/voiture/course_2025_slam_pkgs/workspace/install/bolide_interfaces/include/bolide_interfaces/bolide_interfaces/msg/detail\n'}
[0.988158] (bolide_interfaces) StdoutLine: {'line': b'-- Up-to-date: /home/voiture/course_2025_slam_pkgs/workspace/install/bolide_interfaces/include/bolide_interfaces/bolide_interfaces/msg/detail/multiple_range__functions.h\n'}
[0.988272] (bolide_interfaces) StdoutLine: {'line': b'-- Installing: /home/voiture/course_2025_slam_pkgs/workspace/install/bolide_interfaces/include/bolide_interfaces/bolide_interfaces/msg/detail/multiple_range__type_support.c\n'}
[0.988361] (bolide_interfaces) StdoutLine: {'line': b'-- Up-to-date: /home/voiture/course_2025_slam_pkgs/workspace/install/bolide_interfaces/include/bolide_interfaces/bolide_interfaces/msg/detail/camera_info__type_support.h\n'}
[0.988443] (bolide_interfaces) StdoutLine: {'line': b'-- Up-to-date: /home/voiture/course_2025_slam_pkgs/workspace/install/bolide_interfaces/include/bolide_interfaces/bolide_interfaces/msg/detail/multiple_range__struct.h\n'}
[0.988523] (bolide_interfaces) StdoutLine: {'line': b'-- Up-to-date: /home/voiture/course_2025_slam_pkgs/workspace/install/bolide_interfaces/include/bolide_interfaces/bolide_interfaces/msg/detail/fork_speed__type_support.h\n'}
[0.988606] (bolide_interfaces) StdoutLine: {'line': b'-- Up-to-date: /home/voiture/course_2025_slam_pkgs/workspace/install/bolide_interfaces/include/bolide_interfaces/bolide_interfaces/msg/detail/multiple_range__description.c\n'}
[0.988707] (bolide_interfaces) StdoutLine: {'line': b'-- Up-to-date: /home/voiture/course_2025_slam_pkgs/workspace/install/bolide_interfaces/include/bolide_interfaces/bolide_interfaces/msg/detail/speed_direction__type_support.h\n'}
[0.988798] (bolide_interfaces) StdoutLine: {'line': b'-- Installing: /home/voiture/course_2025_slam_pkgs/workspace/install/bolide_interfaces/include/bolide_interfaces/bolide_interfaces/msg/detail/fork_speed__type_support.c\n'}
[0.988895] (bolide_interfaces) StdoutLine: {'line': b'-- Installing: /home/voiture/course_2025_slam_pkgs/workspace/install/bolide_interfaces/include/bolide_interfaces/bolide_interfaces/msg/detail/camera_info__type_support.c\n'}
[0.988977] (bolide_interfaces) StdoutLine: {'line': b'-- Up-to-date: /home/voiture/course_2025_slam_pkgs/workspace/install/bolide_interfaces/include/bolide_interfaces/bolide_interfaces/msg/detail/fork_speed__functions.c\n'}
[0.989058] (bolide_interfaces) StdoutLine: {'line': b'-- Up-to-date: /home/voiture/course_2025_slam_pkgs/workspace/install/bolide_interfaces/include/bolide_interfaces/bolide_interfaces/msg/detail/fork_speed__struct.h\n'}
[0.989138] (bolide_interfaces) StdoutLine: {'line': b'-- Installing: /home/voiture/course_2025_slam_pkgs/workspace/install/bolide_interfaces/include/bolide_interfaces/bolide_interfaces/msg/detail/speed_direction__type_support.c\n'}
[0.989217] (bolide_interfaces) StdoutLine: {'line': b'-- Up-to-date: /home/voiture/course_2025_slam_pkgs/workspace/install/bolide_interfaces/include/bolide_interfaces/bolide_interfaces/msg/detail/fork_speed__description.c\n'}
[0.989308] (bolide_interfaces) StdoutLine: {'line': b'-- Up-to-date: /home/voiture/course_2025_slam_pkgs/workspace/install/bolide_interfaces/include/bolide_interfaces/bolide_interfaces/msg/detail/camera_info__functions.c\n'}
[0.989428] (bolide_interfaces) StdoutLine: {'line': b'-- Up-to-date: /home/voiture/course_2025_slam_pkgs/workspace/install/bolide_interfaces/include/bolide_interfaces/bolide_interfaces/msg/detail/speed_direction__functions.h\n'}
[0.989611] (bolide_interfaces) StdoutLine: {'line': b'-- Up-to-date: /home/voiture/course_2025_slam_pkgs/workspace/install/bolide_interfaces/include/bolide_interfaces/bolide_interfaces/msg/detail/fork_speed__functions.h\n'}
[0.989714] (bolide_interfaces) StdoutLine: {'line': b'-- Up-to-date: /home/voiture/course_2025_slam_pkgs/workspace/install/bolide_interfaces/include/bolide_interfaces/bolide_interfaces/msg/detail/speed_direction__functions.c\n'}
[0.989803] (bolide_interfaces) StdoutLine: {'line': b'-- Up-to-date: /home/voiture/course_2025_slam_pkgs/workspace/install/bolide_interfaces/include/bolide_interfaces/bolide_interfaces/msg/detail/camera_info__struct.h\n'}
[0.989888] (bolide_interfaces) StdoutLine: {'line': b'-- Up-to-date: /home/voiture/course_2025_slam_pkgs/workspace/install/bolide_interfaces/include/bolide_interfaces/bolide_interfaces/msg/detail/speed_direction__description.c\n'}
[0.989967] (bolide_interfaces) StdoutLine: {'line': b'-- Up-to-date: /home/voiture/course_2025_slam_pkgs/workspace/install/bolide_interfaces/include/bolide_interfaces/bolide_interfaces/msg/detail/camera_info__description.c\n'}
[0.990046] (bolide_interfaces) StdoutLine: {'line': b'-- Up-to-date: /home/voiture/course_2025_slam_pkgs/workspace/install/bolide_interfaces/include/bolide_interfaces/bolide_interfaces/msg/detail/speed_direction__struct.h\n'}
[0.990126] (bolide_interfaces) StdoutLine: {'line': b'-- Up-to-date: /home/voiture/course_2025_slam_pkgs/workspace/install/bolide_interfaces/include/bolide_interfaces/bolide_interfaces/msg/detail/camera_info__functions.h\n'}
[0.990206] (bolide_interfaces) StdoutLine: {'line': b'-- Up-to-date: /home/voiture/course_2025_slam_pkgs/workspace/install/bolide_interfaces/include/bolide_interfaces/bolide_interfaces/msg/detail/multiple_range__functions.c\n'}
[0.990309] (bolide_interfaces) StdoutLine: {'line': b'-- Up-to-date: /home/voiture/course_2025_slam_pkgs/workspace/install/bolide_interfaces/include/bolide_interfaces/bolide_interfaces/msg/detail/multiple_range__type_support.h\n'}
[0.990390] (bolide_interfaces) StdoutLine: {'line': b'-- Up-to-date: /home/voiture/course_2025_slam_pkgs/workspace/install/bolide_interfaces/include/bolide_interfaces/bolide_interfaces/msg/speed_direction.h\n'}
[0.990468] (bolide_interfaces) StdoutLine: {'line': b'-- Up-to-date: /home/voiture/course_2025_slam_pkgs/workspace/install/bolide_interfaces/include/bolide_interfaces/bolide_interfaces/msg/multiple_range.h\n'}
[0.990545] (bolide_interfaces) StdoutLine: {'line': b'-- Up-to-date: /home/voiture/course_2025_slam_pkgs/workspace/install/bolide_interfaces/include/bolide_interfaces/bolide_interfaces/msg/fork_speed.h\n'}
[0.990622] (bolide_interfaces) StdoutLine: {'line': b'-- Up-to-date: /home/voiture/course_2025_slam_pkgs/workspace/install/bolide_interfaces/share/bolide_interfaces/environment/library_path.sh\n'}
[0.990715] (bolide_interfaces) StdoutLine: {'line': b'-- Up-to-date: /home/voiture/course_2025_slam_pkgs/workspace/install/bolide_interfaces/share/bolide_interfaces/environment/library_path.dsv\n'}
[0.990800] (bolide_interfaces) StdoutLine: {'line': b'-- Up-to-date: /home/voiture/course_2025_slam_pkgs/workspace/install/bolide_interfaces/lib/libbolide_interfaces__rosidl_generator_c.so\n'}
[0.990881] (bolide_interfaces) StdoutLine: {'line': b'-- Up-to-date: /home/voiture/course_2025_slam_pkgs/workspace/install/bolide_interfaces/include/bolide_interfaces/bolide_interfaces\n'}
[0.990959] (bolide_interfaces) StdoutLine: {'line': b'-- Up-to-date: /home/voiture/course_2025_slam_pkgs/workspace/install/bolide_interfaces/include/bolide_interfaces/bolide_interfaces/srv\n'}
[0.991064] (bolide_interfaces) StdoutLine: {'line': b'-- Up-to-date: /home/voiture/course_2025_slam_pkgs/workspace/install/bolide_interfaces/include/bolide_interfaces/bolide_interfaces/srv/detail\n'}
[0.991144] (bolide_interfaces) StdoutLine: {'line': b'-- Up-to-date: /home/voiture/course_2025_slam_pkgs/workspace/install/bolide_interfaces/include/bolide_interfaces/bolide_interfaces/srv/detail/launch_ekf__rosidl_typesupport_fastrtps_c.h\n'}
[0.991223] (bolide_interfaces) StdoutLine: {'line': b'-- Up-to-date: /home/voiture/course_2025_slam_pkgs/workspace/install/bolide_interfaces/include/bolide_interfaces/bolide_interfaces/msg\n'}
[0.991454] (bolide_interfaces) StdoutLine: {'line': b'-- Up-to-date: /home/voiture/course_2025_slam_pkgs/workspace/install/bolide_interfaces/include/bolide_interfaces/bolide_interfaces/msg/rosidl_typesupport_fastrtps_c__visibility_control.h\n'}
[0.991599] (bolide_interfaces) StdoutLine: {'line': b'-- Up-to-date: /home/voiture/course_2025_slam_pkgs/workspace/install/bolide_interfaces/include/bolide_interfaces/bolide_interfaces/msg/detail\n'}
[0.991762] (bolide_interfaces) StdoutLine: {'line': b'-- Up-to-date: /home/voiture/course_2025_slam_pkgs/workspace/install/bolide_interfaces/include/bolide_interfaces/bolide_interfaces/msg/detail/fork_speed__rosidl_typesupport_fastrtps_c.h\n'}
[0.991917] (bolide_interfaces) StdoutLine: {'line': b'-- Up-to-date: /home/voiture/course_2025_slam_pkgs/workspace/install/bolide_interfaces/include/bolide_interfaces/bolide_interfaces/msg/detail/speed_direction__rosidl_typesupport_fastrtps_c.h\n'}
[0.992014] (bolide_interfaces) StdoutLine: {'line': b'-- Up-to-date: /home/voiture/course_2025_slam_pkgs/workspace/install/bolide_interfaces/include/bolide_interfaces/bolide_interfaces/msg/detail/camera_info__rosidl_typesupport_fastrtps_c.h\n'}
[0.992108] (bolide_interfaces) StdoutLine: {'line': b'-- Up-to-date: /home/voiture/course_2025_slam_pkgs/workspace/install/bolide_interfaces/include/bolide_interfaces/bolide_interfaces/msg/detail/multiple_range__rosidl_typesupport_fastrtps_c.h\n'}
[0.992198] (bolide_interfaces) StdoutLine: {'line': b'-- Up-to-date: /home/voiture/course_2025_slam_pkgs/workspace/install/bolide_interfaces/lib/libbolide_interfaces__rosidl_typesupport_fastrtps_c.so\n'}
[0.992290] (bolide_interfaces) StdoutLine: {'line': b'-- Up-to-date: /home/voiture/course_2025_slam_pkgs/workspace/install/bolide_interfaces/include/bolide_interfaces/bolide_interfaces\n'}
[0.992378] (bolide_interfaces) StdoutLine: {'line': b'-- Up-to-date: /home/voiture/course_2025_slam_pkgs/workspace/install/bolide_interfaces/include/bolide_interfaces/bolide_interfaces/srv\n'}
[0.992464] (bolide_interfaces) StdoutLine: {'line': b'-- Up-to-date: /home/voiture/course_2025_slam_pkgs/workspace/install/bolide_interfaces/include/bolide_interfaces/bolide_interfaces/srv/launch_ekf.hpp\n'}
[0.992555] (bolide_interfaces) StdoutLine: {'line': b'-- Up-to-date: /home/voiture/course_2025_slam_pkgs/workspace/install/bolide_interfaces/include/bolide_interfaces/bolide_interfaces/srv/detail\n'}
[0.992642] (bolide_interfaces) StdoutLine: {'line': b'-- Up-to-date: /home/voiture/course_2025_slam_pkgs/workspace/install/bolide_interfaces/include/bolide_interfaces/bolide_interfaces/srv/detail/launch_ekf__type_support.hpp\n'}
[0.992808] (bolide_interfaces) StdoutLine: {'line': b'-- Up-to-date: /home/voiture/course_2025_slam_pkgs/workspace/install/bolide_interfaces/include/bolide_interfaces/bolide_interfaces/srv/detail/launch_ekf__builder.hpp\n'}
[0.992901] (bolide_interfaces) StdoutLine: {'line': b'-- Up-to-date: /home/voiture/course_2025_slam_pkgs/workspace/install/bolide_interfaces/include/bolide_interfaces/bolide_interfaces/srv/detail/launch_ekf__struct.hpp\n'}
[0.993029] (bolide_interfaces) StdoutLine: {'line': b'-- Up-to-date: /home/voiture/course_2025_slam_pkgs/workspace/install/bolide_interfaces/include/bolide_interfaces/bolide_interfaces/srv/detail/launch_ekf__traits.hpp\n'}
[0.993123] (bolide_interfaces) StdoutLine: {'line': b'-- Up-to-date: /home/voiture/course_2025_slam_pkgs/workspace/install/bolide_interfaces/include/bolide_interfaces/bolide_interfaces/msg\n'}
[0.993247] (bolide_interfaces) StdoutLine: {'line': b'-- Up-to-date: /home/voiture/course_2025_slam_pkgs/workspace/install/bolide_interfaces/include/bolide_interfaces/bolide_interfaces/msg/speed_direction.hpp\n'}
[0.993333] (bolide_interfaces) StdoutLine: {'line': b'-- Up-to-date: /home/voiture/course_2025_slam_pkgs/workspace/install/bolide_interfaces/include/bolide_interfaces/bolide_interfaces/msg/multiple_range.hpp\n'}
[0.993503] (bolide_interfaces) StdoutLine: {'line': b'-- Up-to-date: /home/voiture/course_2025_slam_pkgs/workspace/install/bolide_interfaces/include/bolide_interfaces/bolide_interfaces/msg/detail\n'}
[0.993598] (bolide_interfaces) StdoutLine: {'line': b'-- Up-to-date: /home/voiture/course_2025_slam_pkgs/workspace/install/bolide_interfaces/include/bolide_interfaces/bolide_interfaces/msg/detail/multiple_range__traits.hpp\n'}
[0.993719] (bolide_interfaces) StdoutLine: {'line': b'-- Up-to-date: /home/voiture/course_2025_slam_pkgs/workspace/install/bolide_interfaces/include/bolide_interfaces/bolide_interfaces/msg/detail/multiple_range__builder.hpp\n'}
[0.993830] (bolide_interfaces) StdoutLine: {'line': b'-- Up-to-date: /home/voiture/course_2025_slam_pkgs/workspace/install/bolide_interfaces/include/bolide_interfaces/bolide_interfaces/msg/detail/camera_info__struct.hpp\n'}
[0.993923] (bolide_interfaces) StdoutLine: {'line': b'-- Up-to-date: /home/voiture/course_2025_slam_pkgs/workspace/install/bolide_interfaces/include/bolide_interfaces/bolide_interfaces/msg/detail/fork_speed__struct.hpp\n'}
[0.994011] (bolide_interfaces) StdoutLine: {'line': b'-- Up-to-date: /home/voiture/course_2025_slam_pkgs/workspace/install/bolide_interfaces/include/bolide_interfaces/bolide_interfaces/msg/detail/speed_direction__traits.hpp\n'}
[0.994102] (bolide_interfaces) StdoutLine: {'line': b'-- Up-to-date: /home/voiture/course_2025_slam_pkgs/workspace/install/bolide_interfaces/include/bolide_interfaces/bolide_interfaces/msg/detail/multiple_range__type_support.hpp\n'}
[0.994196] (bolide_interfaces) StdoutLine: {'line': b'-- Up-to-date: /home/voiture/course_2025_slam_pkgs/workspace/install/bolide_interfaces/include/bolide_interfaces/bolide_interfaces/msg/detail/speed_direction__type_support.hpp\n'}
[0.994283] (bolide_interfaces) StdoutLine: {'line': b'-- Up-to-date: /home/voiture/course_2025_slam_pkgs/workspace/install/bolide_interfaces/include/bolide_interfaces/bolide_interfaces/msg/detail/speed_direction__struct.hpp\n'}
[0.994372] (bolide_interfaces) StdoutLine: {'line': b'-- Up-to-date: /home/voiture/course_2025_slam_pkgs/workspace/install/bolide_interfaces/include/bolide_interfaces/bolide_interfaces/msg/detail/camera_info__builder.hpp\n'}
[0.994462] (bolide_interfaces) StdoutLine: {'line': b'-- Up-to-date: /home/voiture/course_2025_slam_pkgs/workspace/install/bolide_interfaces/include/bolide_interfaces/bolide_interfaces/msg/detail/camera_info__traits.hpp\n'}
[0.994548] (bolide_interfaces) StdoutLine: {'line': b'-- Up-to-date: /home/voiture/course_2025_slam_pkgs/workspace/install/bolide_interfaces/include/bolide_interfaces/bolide_interfaces/msg/detail/fork_speed__builder.hpp\n'}
[0.994635] (bolide_interfaces) StdoutLine: {'line': b'-- Up-to-date: /home/voiture/course_2025_slam_pkgs/workspace/install/bolide_interfaces/include/bolide_interfaces/bolide_interfaces/msg/detail/fork_speed__traits.hpp\n'}
[0.994786] (bolide_interfaces) StdoutLine: {'line': b'-- Up-to-date: /home/voiture/course_2025_slam_pkgs/workspace/install/bolide_interfaces/include/bolide_interfaces/bolide_interfaces/msg/detail/camera_info__type_support.hpp\n'}
[0.994900] (bolide_interfaces) StdoutLine: {'line': b'-- Up-to-date: /home/voiture/course_2025_slam_pkgs/workspace/install/bolide_interfaces/include/bolide_interfaces/bolide_interfaces/msg/detail/speed_direction__builder.hpp\n'}
[0.994983] (bolide_interfaces) StdoutLine: {'line': b'-- Up-to-date: /home/voiture/course_2025_slam_pkgs/workspace/install/bolide_interfaces/include/bolide_interfaces/bolide_interfaces/msg/detail/fork_speed__type_support.hpp\n'}
[0.995089] (bolide_interfaces) StdoutLine: {'line': b'-- Up-to-date: /home/voiture/course_2025_slam_pkgs/workspace/install/bolide_interfaces/include/bolide_interfaces/bolide_interfaces/msg/detail/multiple_range__struct.hpp\n'}
[0.995177] (bolide_interfaces) StdoutLine: {'line': b'-- Up-to-date: /home/voiture/course_2025_slam_pkgs/workspace/install/bolide_interfaces/include/bolide_interfaces/bolide_interfaces/msg/rosidl_generator_cpp__visibility_control.hpp\n'}
[0.995265] (bolide_interfaces) StdoutLine: {'line': b'-- Up-to-date: /home/voiture/course_2025_slam_pkgs/workspace/install/bolide_interfaces/include/bolide_interfaces/bolide_interfaces/msg/fork_speed.hpp\n'}
[0.995350] (bolide_interfaces) StdoutLine: {'line': b'-- Up-to-date: /home/voiture/course_2025_slam_pkgs/workspace/install/bolide_interfaces/include/bolide_interfaces/bolide_interfaces/msg/camera_info.hpp\n'}
[0.995435] (bolide_interfaces) StdoutLine: {'line': b'-- Up-to-date: /home/voiture/course_2025_slam_pkgs/workspace/install/bolide_interfaces/include/bolide_interfaces/bolide_interfaces\n'}
[0.995612] (bolide_interfaces) StdoutLine: {'line': b'-- Up-to-date: /home/voiture/course_2025_slam_pkgs/workspace/install/bolide_interfaces/include/bolide_interfaces/bolide_interfaces/srv\n'}
[0.995739] (bolide_interfaces) StdoutLine: {'line': b'-- Up-to-date: /home/voiture/course_2025_slam_pkgs/workspace/install/bolide_interfaces/include/bolide_interfaces/bolide_interfaces/srv/detail\n'}
[0.995828] (bolide_interfaces) StdoutLine: {'line': b'-- Up-to-date: /home/voiture/course_2025_slam_pkgs/workspace/install/bolide_interfaces/include/bolide_interfaces/bolide_interfaces/srv/detail/dds_fastrtps\n'}
[0.995943] (bolide_interfaces) StdoutLine: {'line': b'-- Up-to-date: /home/voiture/course_2025_slam_pkgs/workspace/install/bolide_interfaces/include/bolide_interfaces/bolide_interfaces/srv/detail/launch_ekf__rosidl_typesupport_fastrtps_cpp.hpp\n'}
[0.996025] (bolide_interfaces) StdoutLine: {'line': b'-- Up-to-date: /home/voiture/course_2025_slam_pkgs/workspace/install/bolide_interfaces/include/bolide_interfaces/bolide_interfaces/msg\n'}
[0.996103] (bolide_interfaces) StdoutLine: {'line': b'-- Up-to-date: /home/voiture/course_2025_slam_pkgs/workspace/install/bolide_interfaces/include/bolide_interfaces/bolide_interfaces/msg/detail\n'}
[0.996195] (bolide_interfaces) StdoutLine: {'line': b'-- Up-to-date: /home/voiture/course_2025_slam_pkgs/workspace/install/bolide_interfaces/include/bolide_interfaces/bolide_interfaces/msg/detail/multiple_range__rosidl_typesupport_fastrtps_cpp.hpp\n'}
[0.996278] (bolide_interfaces) StdoutLine: {'line': b'-- Up-to-date: /home/voiture/course_2025_slam_pkgs/workspace/install/bolide_interfaces/include/bolide_interfaces/bolide_interfaces/msg/detail/dds_fastrtps\n'}
[0.996388] (bolide_interfaces) StdoutLine: {'line': b'-- Up-to-date: /home/voiture/course_2025_slam_pkgs/workspace/install/bolide_interfaces/include/bolide_interfaces/bolide_interfaces/msg/detail/speed_direction__rosidl_typesupport_fastrtps_cpp.hpp\n'}
[0.996469] (bolide_interfaces) StdoutLine: {'line': b'-- Up-to-date: /home/voiture/course_2025_slam_pkgs/workspace/install/bolide_interfaces/include/bolide_interfaces/bolide_interfaces/msg/detail/camera_info__rosidl_typesupport_fastrtps_cpp.hpp\n'}
[0.996547] (bolide_interfaces) StdoutLine: {'line': b'-- Up-to-date: /home/voiture/course_2025_slam_pkgs/workspace/install/bolide_interfaces/include/bolide_interfaces/bolide_interfaces/msg/detail/fork_speed__rosidl_typesupport_fastrtps_cpp.hpp\n'}
[0.996631] (bolide_interfaces) StdoutLine: {'line': b'-- Up-to-date: /home/voiture/course_2025_slam_pkgs/workspace/install/bolide_interfaces/include/bolide_interfaces/bolide_interfaces/msg/rosidl_typesupport_fastrtps_cpp__visibility_control.h\n'}
[0.996778] (bolide_interfaces) StdoutLine: {'line': b'-- Up-to-date: /home/voiture/course_2025_slam_pkgs/workspace/install/bolide_interfaces/lib/libbolide_interfaces__rosidl_typesupport_fastrtps_cpp.so\n'}
[0.996888] (bolide_interfaces) StdoutLine: {'line': b'-- Up-to-date: /home/voiture/course_2025_slam_pkgs/workspace/install/bolide_interfaces/include/bolide_interfaces/bolide_interfaces\n'}
[0.996983] (bolide_interfaces) StdoutLine: {'line': b'-- Up-to-date: /home/voiture/course_2025_slam_pkgs/workspace/install/bolide_interfaces/include/bolide_interfaces/bolide_interfaces/srv\n'}
[0.997070] (bolide_interfaces) StdoutLine: {'line': b'-- Up-to-date: /home/voiture/course_2025_slam_pkgs/workspace/install/bolide_interfaces/include/bolide_interfaces/bolide_interfaces/srv/detail\n'}
[0.997157] (bolide_interfaces) StdoutLine: {'line': b'-- Installing: /home/voiture/course_2025_slam_pkgs/workspace/install/bolide_interfaces/include/bolide_interfaces/bolide_interfaces/srv/detail/launch_ekf__type_support.c\n'}
[0.997242] (bolide_interfaces) StdoutLine: {'line': b'-- Up-to-date: /home/voiture/course_2025_slam_pkgs/workspace/install/bolide_interfaces/include/bolide_interfaces/bolide_interfaces/srv/detail/launch_ekf__rosidl_typesupport_introspection_c.h\n'}
[0.997328] (bolide_interfaces) StdoutLine: {'line': b'-- Up-to-date: /home/voiture/course_2025_slam_pkgs/workspace/install/bolide_interfaces/include/bolide_interfaces/bolide_interfaces/msg\n'}
[0.997444] (bolide_interfaces) StdoutLine: {'line': b'-- Up-to-date: /home/voiture/course_2025_slam_pkgs/workspace/install/bolide_interfaces/include/bolide_interfaces/bolide_interfaces/msg/detail\n'}
[0.997527] (bolide_interfaces) StdoutLine: {'line': b'-- Installing: /home/voiture/course_2025_slam_pkgs/workspace/install/bolide_interfaces/include/bolide_interfaces/bolide_interfaces/msg/detail/multiple_range__type_support.c\n'}
[0.997628] (bolide_interfaces) StdoutLine: {'line': b'-- Up-to-date: /home/voiture/course_2025_slam_pkgs/workspace/install/bolide_interfaces/include/bolide_interfaces/bolide_interfaces/msg/detail/fork_speed__rosidl_typesupport_introspection_c.h\n'}
[0.997766] (bolide_interfaces) StdoutLine: {'line': b'-- Up-to-date: /home/voiture/course_2025_slam_pkgs/workspace/install/bolide_interfaces/include/bolide_interfaces/bolide_interfaces/msg/detail/multiple_range__rosidl_typesupport_introspection_c.h\n'}
[0.997892] (bolide_interfaces) StdoutLine: {'line': b'-- Installing: /home/voiture/course_2025_slam_pkgs/workspace/install/bolide_interfaces/include/bolide_interfaces/bolide_interfaces/msg/detail/fork_speed__type_support.c\n'}
[0.998016] (bolide_interfaces) StdoutLine: {'line': b'-- Installing: /home/voiture/course_2025_slam_pkgs/workspace/install/bolide_interfaces/include/bolide_interfaces/bolide_interfaces/msg/detail/camera_info__type_support.c\n'}
[0.998143] (bolide_interfaces) StdoutLine: {'line': b'-- Installing: /home/voiture/course_2025_slam_pkgs/workspace/install/bolide_interfaces/include/bolide_interfaces/bolide_interfaces/msg/detail/speed_direction__type_support.c\n'}
[0.998234] (bolide_interfaces) StdoutLine: {'line': b'-- Up-to-date: /home/voiture/course_2025_slam_pkgs/workspace/install/bolide_interfaces/include/bolide_interfaces/bolide_interfaces/msg/detail/camera_info__rosidl_typesupport_introspection_c.h\n'}
[0.998324] (bolide_interfaces) StdoutLine: {'line': b'-- Up-to-date: /home/voiture/course_2025_slam_pkgs/workspace/install/bolide_interfaces/include/bolide_interfaces/bolide_interfaces/msg/detail/speed_direction__rosidl_typesupport_introspection_c.h\n'}
[0.998417] (bolide_interfaces) StdoutLine: {'line': b'-- Up-to-date: /home/voiture/course_2025_slam_pkgs/workspace/install/bolide_interfaces/include/bolide_interfaces/bolide_interfaces/msg/rosidl_typesupport_introspection_c__visibility_control.h\n'}
[0.998518] (bolide_interfaces) StdoutLine: {'line': b'-- Up-to-date: /home/voiture/course_2025_slam_pkgs/workspace/install/bolide_interfaces/lib/libbolide_interfaces__rosidl_typesupport_introspection_c.so\n'}
[0.998611] (bolide_interfaces) StdoutLine: {'line': b'-- Up-to-date: /home/voiture/course_2025_slam_pkgs/workspace/install/bolide_interfaces/lib/libbolide_interfaces__rosidl_typesupport_c.so\n'}
[0.998748] (bolide_interfaces) StdoutLine: {'line': b'-- Up-to-date: /home/voiture/course_2025_slam_pkgs/workspace/install/bolide_interfaces/include/bolide_interfaces/bolide_interfaces\n'}
[0.998849] (bolide_interfaces) StdoutLine: {'line': b'-- Up-to-date: /home/voiture/course_2025_slam_pkgs/workspace/install/bolide_interfaces/include/bolide_interfaces/bolide_interfaces/srv\n'}
[0.998928] (bolide_interfaces) StdoutLine: {'line': b'-- Up-to-date: /home/voiture/course_2025_slam_pkgs/workspace/install/bolide_interfaces/include/bolide_interfaces/bolide_interfaces/srv/detail\n'}
[0.999005] (bolide_interfaces) StdoutLine: {'line': b'-- Up-to-date: /home/voiture/course_2025_slam_pkgs/workspace/install/bolide_interfaces/include/bolide_interfaces/bolide_interfaces/srv/detail/launch_ekf__rosidl_typesupport_introspection_cpp.hpp\n'}
[0.999088] (bolide_interfaces) StdoutLine: {'line': b'-- Up-to-date: /home/voiture/course_2025_slam_pkgs/workspace/install/bolide_interfaces/include/bolide_interfaces/bolide_interfaces/srv/detail/launch_ekf__type_support.cpp\n'}
[0.999166] (bolide_interfaces) StdoutLine: {'line': b'-- Up-to-date: /home/voiture/course_2025_slam_pkgs/workspace/install/bolide_interfaces/include/bolide_interfaces/bolide_interfaces/msg\n'}
[0.999243] (bolide_interfaces) StdoutLine: {'line': b'-- Up-to-date: /home/voiture/course_2025_slam_pkgs/workspace/install/bolide_interfaces/include/bolide_interfaces/bolide_interfaces/msg/detail\n'}
[0.999319] (bolide_interfaces) StdoutLine: {'line': b'-- Up-to-date: /home/voiture/course_2025_slam_pkgs/workspace/install/bolide_interfaces/include/bolide_interfaces/bolide_interfaces/msg/detail/multiple_range__rosidl_typesupport_introspection_cpp.hpp\n'}
[0.999399] (bolide_interfaces) StdoutLine: {'line': b'-- Up-to-date: /home/voiture/course_2025_slam_pkgs/workspace/install/bolide_interfaces/include/bolide_interfaces/bolide_interfaces/msg/detail/speed_direction__type_support.cpp\n'}
[0.999489] (bolide_interfaces) StdoutLine: {'line': b'-- Up-to-date: /home/voiture/course_2025_slam_pkgs/workspace/install/bolide_interfaces/include/bolide_interfaces/bolide_interfaces/msg/detail/speed_direction__rosidl_typesupport_introspection_cpp.hpp\n'}
[0.999571] (bolide_interfaces) StdoutLine: {'line': b'-- Up-to-date: /home/voiture/course_2025_slam_pkgs/workspace/install/bolide_interfaces/include/bolide_interfaces/bolide_interfaces/msg/detail/camera_info__type_support.cpp\n'}
[0.999656] (bolide_interfaces) StdoutLine: {'line': b'-- Up-to-date: /home/voiture/course_2025_slam_pkgs/workspace/install/bolide_interfaces/include/bolide_interfaces/bolide_interfaces/msg/detail/fork_speed__type_support.cpp\n'}
[0.999766] (bolide_interfaces) StdoutLine: {'line': b'-- Up-to-date: /home/voiture/course_2025_slam_pkgs/workspace/install/bolide_interfaces/include/bolide_interfaces/bolide_interfaces/msg/detail/camera_info__rosidl_typesupport_introspection_cpp.hpp\n'}
[0.999861] (bolide_interfaces) StdoutLine: {'line': b'-- Up-to-date: /home/voiture/course_2025_slam_pkgs/workspace/install/bolide_interfaces/include/bolide_interfaces/bolide_interfaces/msg/detail/fork_speed__rosidl_typesupport_introspection_cpp.hpp\n'}
[0.999943] (bolide_interfaces) StdoutLine: {'line': b'-- Up-to-date: /home/voiture/course_2025_slam_pkgs/workspace/install/bolide_interfaces/include/bolide_interfaces/bolide_interfaces/msg/detail/multiple_range__type_support.cpp\n'}
[1.000021] (bolide_interfaces) StdoutLine: {'line': b'-- Up-to-date: /home/voiture/course_2025_slam_pkgs/workspace/install/bolide_interfaces/lib/libbolide_interfaces__rosidl_typesupport_introspection_cpp.so\n'}
[1.000099] (bolide_interfaces) StdoutLine: {'line': b'-- Up-to-date: /home/voiture/course_2025_slam_pkgs/workspace/install/bolide_interfaces/lib/libbolide_interfaces__rosidl_typesupport_cpp.so\n'}
[1.000178] (bolide_interfaces) StdoutLine: {'line': b'-- Up-to-date: /home/voiture/course_2025_slam_pkgs/workspace/install/bolide_interfaces/share/bolide_interfaces/environment/pythonpath.sh\n'}
[1.000259] (bolide_interfaces) StdoutLine: {'line': b'-- Up-to-date: /home/voiture/course_2025_slam_pkgs/workspace/install/bolide_interfaces/share/bolide_interfaces/environment/pythonpath.dsv\n'}
[1.000375] (bolide_interfaces) StdoutLine: {'line': b'-- Up-to-date: /home/voiture/course_2025_slam_pkgs/workspace/install/bolide_interfaces/lib/python3.12/site-packages/bolide_interfaces-0.1.0-py3.12.egg-info\n'}
[1.000462] (bolide_interfaces) StdoutLine: {'line': b'-- Installing: /home/voiture/course_2025_slam_pkgs/workspace/install/bolide_interfaces/lib/python3.12/site-packages/bolide_interfaces-0.1.0-py3.12.egg-info/dependency_links.txt\n'}
[1.000548] (bolide_interfaces) StdoutLine: {'line': b'-- Installing: /home/voiture/course_2025_slam_pkgs/workspace/install/bolide_interfaces/lib/python3.12/site-packages/bolide_interfaces-0.1.0-py3.12.egg-info/PKG-INFO\n'}
[1.000642] (bolide_interfaces) StdoutLine: {'line': b'-- Installing: /home/voiture/course_2025_slam_pkgs/workspace/install/bolide_interfaces/lib/python3.12/site-packages/bolide_interfaces-0.1.0-py3.12.egg-info/top_level.txt\n'}
[1.000751] (bolide_interfaces) StdoutLine: {'line': b'-- Installing: /home/voiture/course_2025_slam_pkgs/workspace/install/bolide_interfaces/lib/python3.12/site-packages/bolide_interfaces-0.1.0-py3.12.egg-info/SOURCES.txt\n'}
[1.000836] (bolide_interfaces) StdoutLine: {'line': b'-- Up-to-date: /home/voiture/course_2025_slam_pkgs/workspace/install/bolide_interfaces/lib/python3.12/site-packages/bolide_interfaces\n'}
[1.000916] (bolide_interfaces) StdoutLine: {'line': b'-- Up-to-date: /home/voiture/course_2025_slam_pkgs/workspace/install/bolide_interfaces/lib/python3.12/site-packages/bolide_interfaces/_bolide_interfaces_s.ep.rosidl_typesupport_introspection_c.c\n'}
[1.000997] (bolide_interfaces) StdoutLine: {'line': b'-- Up-to-date: /home/voiture/course_2025_slam_pkgs/workspace/install/bolide_interfaces/lib/python3.12/site-packages/bolide_interfaces/srv\n'}
[1.001077] (bolide_interfaces) StdoutLine: {'line': b'-- Up-to-date: /home/voiture/course_2025_slam_pkgs/workspace/install/bolide_interfaces/lib/python3.12/site-packages/bolide_interfaces/srv/_launch_ekf.py\n'}
[1.001156] (bolide_interfaces) StdoutLine: {'line': b'-- Up-to-date: /home/voiture/course_2025_slam_pkgs/workspace/install/bolide_interfaces/lib/python3.12/site-packages/bolide_interfaces/srv/_launch_ekf_s.c\n'}
[1.001237] (bolide_interfaces) StdoutLine: {'line': b'-- Up-to-date: /home/voiture/course_2025_slam_pkgs/workspace/install/bolide_interfaces/lib/python3.12/site-packages/bolide_interfaces/srv/__init__.py\n'}
[1.001317] (bolide_interfaces) StdoutLine: {'line': b'-- Up-to-date: /home/voiture/course_2025_slam_pkgs/workspace/install/bolide_interfaces/lib/python3.12/site-packages/bolide_interfaces/_bolide_interfaces_s.ep.rosidl_typesupport_c.c\n'}
[1.001398] (bolide_interfaces) StdoutLine: {'line': b'-- Up-to-date: /home/voiture/course_2025_slam_pkgs/workspace/install/bolide_interfaces/lib/python3.12/site-packages/bolide_interfaces/__init__.py\n'}
[1.001479] (bolide_interfaces) StdoutLine: {'line': b'-- Up-to-date: /home/voiture/course_2025_slam_pkgs/workspace/install/bolide_interfaces/lib/python3.12/site-packages/bolide_interfaces/bolide_interfaces_s__rosidl_typesupport_c.so\n'}
[1.001557] (bolide_interfaces) StdoutLine: {'line': b'-- Up-to-date: /home/voiture/course_2025_slam_pkgs/workspace/install/bolide_interfaces/lib/python3.12/site-packages/bolide_interfaces/msg\n'}
[1.001633] (bolide_interfaces) StdoutLine: {'line': b'-- Up-to-date: /home/voiture/course_2025_slam_pkgs/workspace/install/bolide_interfaces/lib/python3.12/site-packages/bolide_interfaces/msg/_multiple_range_s.c\n'}
[1.001753] (bolide_interfaces) StdoutLine: {'line': b'-- Up-to-date: /home/voiture/course_2025_slam_pkgs/workspace/install/bolide_interfaces/lib/python3.12/site-packages/bolide_interfaces/msg/_camera_info_s.c\n'}
[1.001848] (bolide_interfaces) StdoutLine: {'line': b'-- Up-to-date: /home/voiture/course_2025_slam_pkgs/workspace/install/bolide_interfaces/lib/python3.12/site-packages/bolide_interfaces/msg/_fork_speed_s.c\n'}
[1.001941] (bolide_interfaces) StdoutLine: {'line': b'-- Up-to-date: /home/voiture/course_2025_slam_pkgs/workspace/install/bolide_interfaces/lib/python3.12/site-packages/bolide_interfaces/msg/_camera_info.py\n'}
[1.002038] (bolide_interfaces) StdoutLine: {'line': b'-- Up-to-date: /home/voiture/course_2025_slam_pkgs/workspace/install/bolide_interfaces/lib/python3.12/site-packages/bolide_interfaces/msg/_fork_speed.py\n'}
[1.002119] (bolide_interfaces) StdoutLine: {'line': b'-- Up-to-date: /home/voiture/course_2025_slam_pkgs/workspace/install/bolide_interfaces/lib/python3.12/site-packages/bolide_interfaces/msg/_speed_direction_s.c\n'}
[1.002200] (bolide_interfaces) StdoutLine: {'line': b'-- Up-to-date: /home/voiture/course_2025_slam_pkgs/workspace/install/bolide_interfaces/lib/python3.12/site-packages/bolide_interfaces/msg/_speed_direction.py\n'}
[1.002285] (bolide_interfaces) StdoutLine: {'line': b'-- Up-to-date: /home/voiture/course_2025_slam_pkgs/workspace/install/bolide_interfaces/lib/python3.12/site-packages/bolide_interfaces/msg/__init__.py\n'}
[1.002368] (bolide_interfaces) StdoutLine: {'line': b'-- Up-to-date: /home/voiture/course_2025_slam_pkgs/workspace/install/bolide_interfaces/lib/python3.12/site-packages/bolide_interfaces/msg/_multiple_range.py\n'}
[1.002450] (bolide_interfaces) StdoutLine: {'line': b'-- Up-to-date: /home/voiture/course_2025_slam_pkgs/workspace/install/bolide_interfaces/lib/python3.12/site-packages/bolide_interfaces/bolide_interfaces_s__rosidl_typesupport_fastrtps_c.so\n'}
[1.002534] (bolide_interfaces) StdoutLine: {'line': b'-- Up-to-date: /home/voiture/course_2025_slam_pkgs/workspace/install/bolide_interfaces/lib/python3.12/site-packages/bolide_interfaces/_bolide_interfaces_s.ep.rosidl_typesupport_fastrtps_c.c\n'}
[1.002639] (bolide_interfaces) StdoutLine: {'line': b'-- Up-to-date: /home/voiture/course_2025_slam_pkgs/workspace/install/bolide_interfaces/lib/python3.12/site-packages/bolide_interfaces/bolide_interfaces_s__rosidl_typesupport_introspection_c.so\n'}
[1.005457] (-) TimerEvent: {}
[1.054183] (bolide_interfaces) StdoutLine: {'line': b"Listing '/home/voiture/course_2025_slam_pkgs/workspace/install/bolide_interfaces/lib/python3.12/site-packages/bolide_interfaces'...\n"}
[1.054529] (bolide_interfaces) StdoutLine: {'line': b"Listing '/home/voiture/course_2025_slam_pkgs/workspace/install/bolide_interfaces/lib/python3.12/site-packages/bolide_interfaces/msg'...\n"}
[1.054688] (bolide_interfaces) StdoutLine: {'line': b"Listing '/home/voiture/course_2025_slam_pkgs/workspace/install/bolide_interfaces/lib/python3.12/site-packages/bolide_interfaces/srv'...\n"}
[1.066617] (bolide_interfaces) StdoutLine: {'line': b'-- Up-to-date: /home/voiture/course_2025_slam_pkgs/workspace/install/bolide_interfaces/lib/python3.12/site-packages/bolide_interfaces/bolide_interfaces_s__rosidl_typesupport_fastrtps_c.so\n'}
[1.067027] (bolide_interfaces) StdoutLine: {'line': b'-- Up-to-date: /home/voiture/course_2025_slam_pkgs/workspace/install/bolide_interfaces/lib/python3.12/site-packages/bolide_interfaces/bolide_interfaces_s__rosidl_typesupport_introspection_c.so\n'}
[1.067475] (bolide_interfaces) StdoutLine: {'line': b'-- Up-to-date: /home/voiture/course_2025_slam_pkgs/workspace/install/bolide_interfaces/lib/python3.12/site-packages/bolide_interfaces/bolide_interfaces_s__rosidl_typesupport_c.so\n'}
[1.067921] (bolide_interfaces) StdoutLine: {'line': b'-- Up-to-date: /home/voiture/course_2025_slam_pkgs/workspace/install/bolide_interfaces/lib/libbolide_interfaces__rosidl_generator_py.so\n'}
[1.068203] (bolide_interfaces) StdoutLine: {'line': b'-- Up-to-date: /home/voiture/course_2025_slam_pkgs/workspace/install/bolide_interfaces/share/bolide_interfaces/msg/CameraInfo.idl\n'}
[1.068328] (bolide_interfaces) StdoutLine: {'line': b'-- Up-to-date: /home/voiture/course_2025_slam_pkgs/workspace/install/bolide_interfaces/share/bolide_interfaces/msg/ForkSpeed.idl\n'}
[1.068461] (bolide_interfaces) StdoutLine: {'line': b'-- Up-to-date: /home/voiture/course_2025_slam_pkgs/workspace/install/bolide_interfaces/share/bolide_interfaces/msg/MultipleRange.idl\n'}
[1.068553] (bolide_interfaces) StdoutLine: {'line': b'-- Up-to-date: /home/voiture/course_2025_slam_pkgs/workspace/install/bolide_interfaces/share/bolide_interfaces/msg/SpeedDirection.idl\n'}
[1.068700] (bolide_interfaces) StdoutLine: {'line': b'-- Up-to-date: /home/voiture/course_2025_slam_pkgs/workspace/install/bolide_interfaces/share/bolide_interfaces/srv/LaunchEkf.idl\n'}
[1.068821] (bolide_interfaces) StdoutLine: {'line': b'-- Up-to-date: /home/voiture/course_2025_slam_pkgs/workspace/install/bolide_interfaces/share/bolide_interfaces/msg/CameraInfo.msg\n'}
[1.068913] (bolide_interfaces) StdoutLine: {'line': b'-- Up-to-date: /home/voiture/course_2025_slam_pkgs/workspace/install/bolide_interfaces/share/bolide_interfaces/msg/ForkSpeed.msg\n'}
[1.069002] (bolide_interfaces) StdoutLine: {'line': b'-- Up-to-date: /home/voiture/course_2025_slam_pkgs/workspace/install/bolide_interfaces/share/bolide_interfaces/msg/MultipleRange.msg\n'}
[1.069091] (bolide_interfaces) StdoutLine: {'line': b'-- Up-to-date: /home/voiture/course_2025_slam_pkgs/workspace/install/bolide_interfaces/share/bolide_interfaces/msg/SpeedDirection.msg\n'}
[1.069230] (bolide_interfaces) StdoutLine: {'line': b'-- Up-to-date: /home/voiture/course_2025_slam_pkgs/workspace/install/bolide_interfaces/share/bolide_interfaces/srv/LaunchEkf.srv\n'}
[1.069325] (bolide_interfaces) StdoutLine: {'line': b'-- Up-to-date: /home/voiture/course_2025_slam_pkgs/workspace/install/bolide_interfaces/share/ament_index/resource_index/package_run_dependencies/bolide_interfaces\n'}
[1.069416] (bolide_interfaces) StdoutLine: {'line': b'-- Up-to-date: /home/voiture/course_2025_slam_pkgs/workspace/install/bolide_interfaces/share/ament_index/resource_index/parent_prefix_path/bolide_interfaces\n'}
[1.069541] (bolide_interfaces) StdoutLine: {'line': b'-- Up-to-date: /home/voiture/course_2025_slam_pkgs/workspace/install/bolide_interfaces/share/bolide_interfaces/environment/ament_prefix_path.sh\n'}
[1.069632] (bolide_interfaces) StdoutLine: {'line': b'-- Up-to-date: /home/voiture/course_2025_slam_pkgs/workspace/install/bolide_interfaces/share/bolide_interfaces/environment/ament_prefix_path.dsv\n'}
[1.069770] (bolide_interfaces) StdoutLine: {'line': b'-- Up-to-date: /home/voiture/course_2025_slam_pkgs/workspace/install/bolide_interfaces/share/bolide_interfaces/environment/path.sh\n'}
[1.069885] (bolide_interfaces) StdoutLine: {'line': b'-- Up-to-date: /home/voiture/course_2025_slam_pkgs/workspace/install/bolide_interfaces/share/bolide_interfaces/environment/path.dsv\n'}
[1.069973] (bolide_interfaces) StdoutLine: {'line': b'-- Up-to-date: /home/voiture/course_2025_slam_pkgs/workspace/install/bolide_interfaces/share/bolide_interfaces/local_setup.bash\n'}
[1.070065] (bolide_interfaces) StdoutLine: {'line': b'-- Up-to-date: /home/voiture/course_2025_slam_pkgs/workspace/install/bolide_interfaces/share/bolide_interfaces/local_setup.sh\n'}
[1.070156] (bolide_interfaces) StdoutLine: {'line': b'-- Up-to-date: /home/voiture/course_2025_slam_pkgs/workspace/install/bolide_interfaces/share/bolide_interfaces/local_setup.zsh\n'}
[1.070246] (bolide_interfaces) StdoutLine: {'line': b'-- Up-to-date: /home/voiture/course_2025_slam_pkgs/workspace/install/bolide_interfaces/share/bolide_interfaces/local_setup.dsv\n'}
[1.070406] (bolide_interfaces) StdoutLine: {'line': b'-- Installing: /home/voiture/course_2025_slam_pkgs/workspace/install/bolide_interfaces/share/bolide_interfaces/package.dsv\n'}
[1.070523] (bolide_interfaces) StdoutLine: {'line': b'-- Up-to-date: /home/voiture/course_2025_slam_pkgs/workspace/install/bolide_interfaces/share/ament_index/resource_index/packages/bolide_interfaces\n'}
[1.070615] (bolide_interfaces) StdoutLine: {'line': b'-- Up-to-date: /home/voiture/course_2025_slam_pkgs/workspace/install/bolide_interfaces/share/bolide_interfaces/cmake/export_bolide_interfaces__rosidl_generator_cExport.cmake\n'}
[1.070761] (bolide_interfaces) StdoutLine: {'line': b'-- Up-to-date: /home/voiture/course_2025_slam_pkgs/workspace/install/bolide_interfaces/share/bolide_interfaces/cmake/export_bolide_interfaces__rosidl_generator_cExport-noconfig.cmake\n'}
[1.070898] (bolide_interfaces) StdoutLine: {'line': b'-- Up-to-date: /home/voiture/course_2025_slam_pkgs/workspace/install/bolide_interfaces/share/bolide_interfaces/cmake/export_bolide_interfaces__rosidl_typesupport_fastrtps_cExport.cmake\n'}
[1.071035] (bolide_interfaces) StdoutLine: {'line': b'-- Up-to-date: /home/voiture/course_2025_slam_pkgs/workspace/install/bolide_interfaces/share/bolide_interfaces/cmake/export_bolide_interfaces__rosidl_typesupport_fastrtps_cExport-noconfig.cmake\n'}
[1.071147] (bolide_interfaces) StdoutLine: {'line': b'-- Up-to-date: /home/voiture/course_2025_slam_pkgs/workspace/install/bolide_interfaces/share/bolide_interfaces/cmake/export_bolide_interfaces__rosidl_generator_cppExport.cmake\n'}
[1.071273] (bolide_interfaces) StdoutLine: {'line': b'-- Up-to-date: /home/voiture/course_2025_slam_pkgs/workspace/install/bolide_interfaces/share/bolide_interfaces/cmake/export_bolide_interfaces__rosidl_typesupport_fastrtps_cppExport.cmake\n'}
[1.071364] (bolide_interfaces) StdoutLine: {'line': b'-- Up-to-date: /home/voiture/course_2025_slam_pkgs/workspace/install/bolide_interfaces/share/bolide_interfaces/cmake/export_bolide_interfaces__rosidl_typesupport_fastrtps_cppExport-noconfig.cmake\n'}
[1.071454] (bolide_interfaces) StdoutLine: {'line': b'-- Up-to-date: /home/voiture/course_2025_slam_pkgs/workspace/install/bolide_interfaces/share/bolide_interfaces/cmake/bolide_interfaces__rosidl_typesupport_introspection_cExport.cmake\n'}
[1.071544] (bolide_interfaces) StdoutLine: {'line': b'-- Up-to-date: /home/voiture/course_2025_slam_pkgs/workspace/install/bolide_interfaces/share/bolide_interfaces/cmake/bolide_interfaces__rosidl_typesupport_introspection_cExport-noconfig.cmake\n'}
[1.071632] (bolide_interfaces) StdoutLine: {'line': b'-- Up-to-date: /home/voiture/course_2025_slam_pkgs/workspace/install/bolide_interfaces/share/bolide_interfaces/cmake/bolide_interfaces__rosidl_typesupport_cExport.cmake\n'}
[1.071797] (bolide_interfaces) StdoutLine: {'line': b'-- Up-to-date: /home/voiture/course_2025_slam_pkgs/workspace/install/bolide_interfaces/share/bolide_interfaces/cmake/bolide_interfaces__rosidl_typesupport_cExport-noconfig.cmake\n'}
[1.071894] (bolide_interfaces) StdoutLine: {'line': b'-- Up-to-date: /home/voiture/course_2025_slam_pkgs/workspace/install/bolide_interfaces/share/bolide_interfaces/cmake/bolide_interfaces__rosidl_typesupport_introspection_cppExport.cmake\n'}
[1.071984] (bolide_interfaces) StdoutLine: {'line': b'-- Up-to-date: /home/voiture/course_2025_slam_pkgs/workspace/install/bolide_interfaces/share/bolide_interfaces/cmake/bolide_interfaces__rosidl_typesupport_introspection_cppExport-noconfig.cmake\n'}
[1.072071] (bolide_interfaces) StdoutLine: {'line': b'-- Up-to-date: /home/voiture/course_2025_slam_pkgs/workspace/install/bolide_interfaces/share/bolide_interfaces/cmake/bolide_interfaces__rosidl_typesupport_cppExport.cmake\n'}
[1.072157] (bolide_interfaces) StdoutLine: {'line': b'-- Up-to-date: /home/voiture/course_2025_slam_pkgs/workspace/install/bolide_interfaces/share/bolide_interfaces/cmake/bolide_interfaces__rosidl_typesupport_cppExport-noconfig.cmake\n'}
[1.072243] (bolide_interfaces) StdoutLine: {'line': b'-- Up-to-date: /home/voiture/course_2025_slam_pkgs/workspace/install/bolide_interfaces/share/bolide_interfaces/cmake/export_bolide_interfaces__rosidl_generator_pyExport.cmake\n'}
[1.072330] (bolide_interfaces) StdoutLine: {'line': b'-- Up-to-date: /home/voiture/course_2025_slam_pkgs/workspace/install/bolide_interfaces/share/bolide_interfaces/cmake/export_bolide_interfaces__rosidl_generator_pyExport-noconfig.cmake\n'}
[1.072417] (bolide_interfaces) StdoutLine: {'line': b'-- Up-to-date: /home/voiture/course_2025_slam_pkgs/workspace/install/bolide_interfaces/share/bolide_interfaces/cmake/rosidl_cmake-extras.cmake\n'}
[1.072551] (bolide_interfaces) StdoutLine: {'line': b'-- Up-to-date: /home/voiture/course_2025_slam_pkgs/workspace/install/bolide_interfaces/share/bolide_interfaces/cmake/ament_cmake_export_dependencies-extras.cmake\n'}
[1.072643] (bolide_interfaces) StdoutLine: {'line': b'-- Up-to-date: /home/voiture/course_2025_slam_pkgs/workspace/install/bolide_interfaces/share/bolide_interfaces/cmake/ament_cmake_export_include_directories-extras.cmake\n'}
[1.072783] (bolide_interfaces) StdoutLine: {'line': b'-- Up-to-date: /home/voiture/course_2025_slam_pkgs/workspace/install/bolide_interfaces/share/bolide_interfaces/cmake/ament_cmake_export_libraries-extras.cmake\n'}
[1.072882] (bolide_interfaces) StdoutLine: {'line': b'-- Up-to-date: /home/voiture/course_2025_slam_pkgs/workspace/install/bolide_interfaces/share/bolide_interfaces/cmake/ament_cmake_export_targets-extras.cmake\n'}
[1.072996] (bolide_interfaces) StdoutLine: {'line': b'-- Up-to-date: /home/voiture/course_2025_slam_pkgs/workspace/install/bolide_interfaces/share/bolide_interfaces/cmake/rosidl_cmake_export_typesupport_targets-extras.cmake\n'}
[1.073081] (bolide_interfaces) StdoutLine: {'line': b'-- Up-to-date: /home/voiture/course_2025_slam_pkgs/workspace/install/bolide_interfaces/share/bolide_interfaces/cmake/rosidl_cmake_export_typesupport_libraries-extras.cmake\n'}
[1.073162] (bolide_interfaces) StdoutLine: {'line': b'-- Up-to-date: /home/voiture/course_2025_slam_pkgs/workspace/install/bolide_interfaces/share/bolide_interfaces/cmake/bolide_interfacesConfig.cmake\n'}
[1.073245] (bolide_interfaces) StdoutLine: {'line': b'-- Up-to-date: /home/voiture/course_2025_slam_pkgs/workspace/install/bolide_interfaces/share/bolide_interfaces/cmake/bolide_interfacesConfig-version.cmake\n'}
[1.073323] (bolide_interfaces) StdoutLine: {'line': b'-- Up-to-date: /home/voiture/course_2025_slam_pkgs/workspace/install/bolide_interfaces/share/bolide_interfaces/package.xml\n'}
[1.076016] (bolide_interfaces) CommandEnded: {'returncode': 0}
[1.105564] (-) TimerEvent: {}
[1.121952] (bolide_interfaces) JobEnded: {'identifier': 'bolide_interfaces', 'rc': 0}
[1.123322] (control_bolide) JobStarted: {'identifier': 'control_bolide'}
[1.132801] (perception_bolide) JobStarted: {'identifier': 'perception_bolide'}
[1.150989] (planning_bolide) JobStarted: {'identifier': 'planning_bolide'}
[1.205713] (-) TimerEvent: {}
[1.306685] (-) TimerEvent: {}
[1.407141] (-) TimerEvent: {}
[1.507551] (-) TimerEvent: {}
[1.608048] (-) TimerEvent: {}
[1.708447] (-) TimerEvent: {}
[1.808824] (-) TimerEvent: {}
[1.909207] (-) TimerEvent: {}
[2.009621] (-) TimerEvent: {}
[2.109991] (-) TimerEvent: {}
[2.210373] (-) TimerEvent: {}
[2.313748] (-) TimerEvent: {}
[2.414393] (-) TimerEvent: {}
[2.514837] (-) TimerEvent: {}
[2.615415] (-) TimerEvent: {}
[2.715859] (-) TimerEvent: {}
[2.816431] (-) TimerEvent: {}
[2.917047] (-) TimerEvent: {}
[3.017465] (-) TimerEvent: {}
[3.118533] (-) TimerEvent: {}
[3.222116] (-) TimerEvent: {}
[3.342985] (control_bolide) Command: {'cmd': ['/usr/bin/python3', '-W', 'ignore:setup.py install is deprecated', '-W', 'ignore:easy_install command is deprecated', 'setup.py', 'egg_info', '--egg-base', '../../build/control_bolide', 'build', '--build-base', '/home/voiture/course_2025_slam_pkgs/workspace/build/control_bolide/build', 'install', '--record', '/home/voiture/course_2025_slam_pkgs/workspace/build/control_bolide/install.log', '--single-version-externally-managed', 'install_data'], 'cwd': '/home/voiture/course_2025_slam_pkgs/workspace/src/control_bolide', 'env': {'LESSOPEN': '| /usr/bin/lesspipe %s', 'LANGUAGE': 'en', 'USER': 'voiture', 'XDG_SESSION_TYPE': 'x11', 'CLUTTER_DISABLE_MIPMAPPED_TEXT': '1', 'SHLVL': '1', 'LD_LIBRARY_PATH': '/home/voiture/course_2025_slam_pkgs/workspace/install/bolide_interfaces/lib:/opt/ros/jazzy/opt/rviz_ogre_vendor/lib:/opt/ros/jazzy/lib/aarch64-linux-gnu:/opt/ros/jazzy/opt/gz_math_vendor/lib:/opt/ros/jazzy/opt/gz_utils_vendor/lib:/opt/ros/jazzy/opt/gz_cmake_vendor/lib:/opt/ros/jazzy/lib', 'HOME': '/home/voiture', 'OLDPWD': '/home/voiture', 'DESKTOP_SESSION': 'ubuntu', 'ROS_PYTHON_VERSION': '3', 'GNOME_SHELL_SESSION_MODE': 'ubuntu', 'GTK_MODULES': 'gail:atk-bridge', 'XDG_SEAT_PATH': '/org/freedesktop/DisplayManager/Seat0', 'PS1': '\\[\\e]0;\\u@\\h: \\w\\a\\]${debian_chroot:+($debian_chroot)}\\[\\033[01;32m\\]\\u@\\h\\[\\033[00m\\]:\\[\\033[01;34m\\]\\w\\[\\033[00m\\]\\$', 'SYSTEMD_EXEC_PID': '2120', 'GSM_SKIP_SSH_AGENT_WORKAROUND': 'true', 'DBUS_SESSION_BUS_ADDRESS': 'unix:path=/run/user/1002/bus', 'COLORTERM': 'truecolor', 'DEBUGINFOD_URLS': 'https://debuginfod.ubuntu.com', 'IM_CONFIG_PHASE': '1', 'COLCON_PREFIX_PATH': '/home/voiture/course_2025_slam_pkgs/workspace/install', 'ROS_DISTRO': 'jazzy', 'LOGNAME': 'voiture', '_': '/usr/bin/colcon', 'ROS_VERSION': '2', 'MEMORY_PRESSURE_WATCH': '/sys/fs/cgroup/user.slice/user-1002.slice/user@1002.service/session.slice/org.gnome.Shell@x11.service/memory.pressure', 'XDG_SESSION_CLASS': 'user', 'TERM': 'xterm-256color', 'GNOME_DESKTOP_SESSION_ID': 'this-is-deprecated', 'PATH': '/opt/ros/jazzy/bin:/usr/local/sbin:/usr/local/bin:/usr/sbin:/usr/bin:/sbin:/bin:/usr/games:/usr/local/games:/snap/bin', 'SESSION_MANAGER': 'local/voiture1:@/tmp/.ICE-unix/2087,unix/voiture1:/tmp/.ICE-unix/2087', 'GDM_LANG': 'en', 'XDG_SESSION_PATH': '/org/freedesktop/DisplayManager/Session0', 'XDG_MENU_PREFIX': 'gnome-', 'GNOME_TERMINAL_SCREEN': '/org/gnome/Terminal/screen/bb37d3ac_3e05_49b7_8b52_9f2fe2d04ef2', 'XDG_RUNTIME_DIR': '/run/user/1002', 'DISPLAY': ':0', 'LANG': 'C.UTF-8', 'XDG_CURRENT_DESKTOP': 'ubuntu:GNOME', 'XMODIFIERS': '@im=ibus', 'XDG_SESSION_DESKTOP': 'ubuntu', 'XAUTHORITY': '/home/voiture/.Xauthority', 'LS_COLORS': 'rs=0:di=01;34:ln=01;36:mh=00:pi=40;33:so=01;35:do=01;35:bd=40;33;01:cd=40;33;01:or=40;31;01:mi=00:su=37;41:sg=30;43:ca=00:tw=30;42:ow=34;42:st=37;44:ex=01;32:*.tar=01;31:*.tgz=01;31:*.arc=01;31:*.arj=01;31:*.taz=01;31:*.lha=01;31:*.lz4=01;31:*.lzh=01;31:*.lzma=01;31:*.tlz=01;31:*.txz=01;31:*.tzo=01;31:*.t7z=01;31:*.zip=01;31:*.z=01;31:*.dz=01;31:*.gz=01;31:*.lrz=01;31:*.lz=01;31:*.lzo=01;31:*.xz=01;31:*.zst=01;31:*.tzst=01;31:*.bz2=01;31:*.bz=01;31:*.tbz=01;31:*.tbz2=01;31:*.tz=01;31:*.deb=01;31:*.rpm=01;31:*.jar=01;31:*.war=01;31:*.ear=01;31:*.sar=01;31:*.rar=01;31:*.alz=01;31:*.ace=01;31:*.zoo=01;31:*.cpio=01;31:*.7z=01;31:*.rz=01;31:*.cab=01;31:*.wim=01;31:*.swm=01;31:*.dwm=01;31:*.esd=01;31:*.avif=01;35:*.jpg=01;35:*.jpeg=01;35:*.mjpg=01;35:*.mjpeg=01;35:*.gif=01;35:*.bmp=01;35:*.pbm=01;35:*.pgm=01;35:*.ppm=01;35:*.tga=01;35:*.xbm=01;35:*.xpm=01;35:*.tif=01;35:*.tiff=01;35:*.png=01;35:*.svg=01;35:*.svgz=01;35:*.mng=01;35:*.pcx=01;35:*.mov=01;35:*.mpg=01;35:*.mpeg=01;35:*.m2v=01;35:*.mkv=01;35:*.webm=01;35:*.webp=01;35:*.ogm=01;35:*.mp4=01;35:*.m4v=01;35:*.mp4v=01;35:*.vob=01;35:*.qt=01;35:*.nuv=01;35:*.wmv=01;35:*.asf=01;35:*.rm=01;35:*.rmvb=01;35:*.flc=01;35:*.avi=01;35:*.fli=01;35:*.flv=01;35:*.gl=01;35:*.dl=01;35:*.xcf=01;35:*.xwd=01;35:*.yuv=01;35:*.cgm=01;35:*.emf=01;35:*.ogv=01;35:*.ogx=01;35:*.aac=00;36:*.au=00;36:*.flac=00;36:*.m4a=00;36:*.mid=00;36:*.midi=00;36:*.mka=00;36:*.mp3=00;36:*.mpc=00;36:*.ogg=00;36:*.ra=00;36:*.wav=00;36:*.oga=00;36:*.opus=00;36:*.spx=00;36:*.xspf=00;36:*~=00;90:*#=00;90:*.bak=00;90:*.crdownload=00;90:*.dpkg-dist=00;90:*.dpkg-new=00;90:*.dpkg-old=00;90:*.dpkg-tmp=00;90:*.old=00;90:*.orig=00;90:*.part=00;90:*.rej=00;90:*.rpmnew=00;90:*.rpmorig=00;90:*.rpmsave=00;90:*.swp=00;90:*.tmp=00;90:*.ucf-dist=00;90:*.ucf-new=00;90:*.ucf-old=00;90:', 'GNOME_TERMINAL_SERVICE': ':1.103', 'SSH_AUTH_SOCK': '/run/user/1002/keyring/ssh', 'ROS_DOMAIN_ID': '10', 'XDG_GREETER_DATA_DIR': '/var/lib/lightdm-data/voiture', 'AMENT_PREFIX_PATH': '/home/voiture/course_2025_slam_pkgs/workspace/install/sllidar_ros2:/home/voiture/course_2025_slam_pkgs/workspace/install/planning_bolide:/home/voiture/course_2025_slam_pkgs/workspace/install/perception_bolide:/home/voiture/course_2025_slam_pkgs/workspace/install/particle_filter:/home/voiture/course_2025_slam_pkgs/workspace/install/control_bolide:/home/voiture/course_2025_slam_pkgs/workspace/install/bolide_interfaces:/opt/ros/jazzy', 'SHELL': '/bin/bash', 'QT_ACCESSIBILITY': '1', 'GDMSESSION': 'ubuntu', 'LESSCLOSE': '/usr/bin/lesspipe %s %s', 'GPG_AGENT_INFO': '/run/user/1002/gnupg/S.gpg-agent:0:1', 'ROS_AUTOMATIC_DISCOVERY_RANGE': 'SUBNET', 'QT_IM_MODULE': 'ibus', 'PWD': '/home/voiture/course_2025_slam_pkgs/workspace/build/control_bolide', 'XDG_CONFIG_DIRS': '/etc/xdg/xdg-ubuntu:/etc/xdg', 'XDG_DATA_DIRS': '/usr/share/ubuntu:/usr/share/gnome:/usr/local/share:/usr/share:/var/lib/snapd/desktop', 'PYTHONPATH': '/home/voiture/course_2025_slam_pkgs/workspace/build/control_bolide/prefix_override:/usr/lib/python3/dist-packages/colcon_core/task/python/colcon_distutils_commands:/home/voiture/course_2025_slam_pkgs/workspace/install/control_bolide/lib/python3.12/site-packages:/home/voiture/course_2025_slam_pkgs/workspace/install/bolide_interfaces/lib/python3.12/site-packages:/home/voiture/course_2025_slam_pkgs/workspace/install/planning_bolide/lib/python3.12/site-packages:/home/voiture/course_2025_slam_pkgs/workspace/install/perception_bolide/lib/python3.12/site-packages:/home/voiture/course_2025_slam_pkgs/workspace/install/particle_filter/lib/python3.12/site-packages:/home/voiture/course_2025_slam_pkgs/workspace/install/control_bolide/lib/python3.12/site-packages:/opt/ros/jazzy/lib/python3.12/site-packages', 'COLCON': '1', 'MEMORY_PRESSURE_WRITE': 'c29tZSAyMDAwMDAgMjAwMDAwMAA=', 'VTE_VERSION': '7600', 'CMAKE_PREFIX_PATH': '/home/voiture/course_2025_slam_pkgs/workspace/install/bolide_interfaces:/home/voiture/course_2025_slam_pkgs/workspace/install/sllidar_ros2:/opt/ros/jazzy/opt/gz_math_vendor:/opt/ros/jazzy/opt/gz_utils_vendor:/opt/ros/jazzy/opt/gz_cmake_vendor'}, 'shell': False}
[3.360378] (-) TimerEvent: {}
[3.361882] (perception_bolide) Command: {'cmd': ['/usr/bin/python3', '-W', 'ignore:setup.py install is deprecated', '-W', 'ignore:easy_install command is deprecated', 'setup.py', 'egg_info', '--egg-base', '../../build/perception_bolide', 'build', '--build-base', '/home/voiture/course_2025_slam_pkgs/workspace/build/perception_bolide/build', 'install', '--record', '/home/voiture/course_2025_slam_pkgs/workspace/build/perception_bolide/install.log', '--single-version-externally-managed', 'install_data'], 'cwd': '/home/voiture/course_2025_slam_pkgs/workspace/src/perception_bolide', 'env': {'LESSOPEN': '| /usr/bin/lesspipe %s', 'LANGUAGE': 'en', 'USER': 'voiture', 'XDG_SESSION_TYPE': 'x11', 'CLUTTER_DISABLE_MIPMAPPED_TEXT': '1', 'SHLVL': '1', 'LD_LIBRARY_PATH': '/home/voiture/course_2025_slam_pkgs/workspace/install/bolide_interfaces/lib:/opt/ros/jazzy/opt/rviz_ogre_vendor/lib:/opt/ros/jazzy/lib/aarch64-linux-gnu:/opt/ros/jazzy/opt/gz_math_vendor/lib:/opt/ros/jazzy/opt/gz_utils_vendor/lib:/opt/ros/jazzy/opt/gz_cmake_vendor/lib:/opt/ros/jazzy/lib', 'HOME': '/home/voiture', 'OLDPWD': '/home/voiture', 'DESKTOP_SESSION': 'ubuntu', 'ROS_PYTHON_VERSION': '3', 'GNOME_SHELL_SESSION_MODE': 'ubuntu', 'GTK_MODULES': 'gail:atk-bridge', 'XDG_SEAT_PATH': '/org/freedesktop/DisplayManager/Seat0', 'PS1': '\\[\\e]0;\\u@\\h: \\w\\a\\]${debian_chroot:+($debian_chroot)}\\[\\033[01;32m\\]\\u@\\h\\[\\033[00m\\]:\\[\\033[01;34m\\]\\w\\[\\033[00m\\]\\$', 'SYSTEMD_EXEC_PID': '2120', 'GSM_SKIP_SSH_AGENT_WORKAROUND': 'true', 'DBUS_SESSION_BUS_ADDRESS': 'unix:path=/run/user/1002/bus', 'COLORTERM': 'truecolor', 'DEBUGINFOD_URLS': 'https://debuginfod.ubuntu.com', 'IM_CONFIG_PHASE': '1', 'COLCON_PREFIX_PATH': '/home/voiture/course_2025_slam_pkgs/workspace/install', 'ROS_DISTRO': 'jazzy', 'LOGNAME': 'voiture', '_': '/usr/bin/colcon', 'ROS_VERSION': '2', 'MEMORY_PRESSURE_WATCH': '/sys/fs/cgroup/user.slice/user-1002.slice/user@1002.service/session.slice/org.gnome.Shell@x11.service/memory.pressure', 'XDG_SESSION_CLASS': 'user', 'TERM': 'xterm-256color', 'GNOME_DESKTOP_SESSION_ID': 'this-is-deprecated', 'PATH': '/opt/ros/jazzy/bin:/usr/local/sbin:/usr/local/bin:/usr/sbin:/usr/bin:/sbin:/bin:/usr/games:/usr/local/games:/snap/bin', 'SESSION_MANAGER': 'local/voiture1:@/tmp/.ICE-unix/2087,unix/voiture1:/tmp/.ICE-unix/2087', 'GDM_LANG': 'en', 'XDG_SESSION_PATH': '/org/freedesktop/DisplayManager/Session0', 'XDG_MENU_PREFIX': 'gnome-', 'GNOME_TERMINAL_SCREEN': '/org/gnome/Terminal/screen/bb37d3ac_3e05_49b7_8b52_9f2fe2d04ef2', 'XDG_RUNTIME_DIR': '/run/user/1002', 'DISPLAY': ':0', 'LANG': 'C.UTF-8', 'XDG_CURRENT_DESKTOP': 'ubuntu:GNOME', 'XMODIFIERS': '@im=ibus', 'XDG_SESSION_DESKTOP': 'ubuntu', 'XAUTHORITY': '/home/voiture/.Xauthority', 'LS_COLORS': 'rs=0:di=01;34:ln=01;36:mh=00:pi=40;33:so=01;35:do=01;35:bd=40;33;01:cd=40;33;01:or=40;31;01:mi=00:su=37;41:sg=30;43:ca=00:tw=30;42:ow=34;42:st=37;44:ex=01;32:*.tar=01;31:*.tgz=01;31:*.arc=01;31:*.arj=01;31:*.taz=01;31:*.lha=01;31:*.lz4=01;31:*.lzh=01;31:*.lzma=01;31:*.tlz=01;31:*.txz=01;31:*.tzo=01;31:*.t7z=01;31:*.zip=01;31:*.z=01;31:*.dz=01;31:*.gz=01;31:*.lrz=01;31:*.lz=01;31:*.lzo=01;31:*.xz=01;31:*.zst=01;31:*.tzst=01;31:*.bz2=01;31:*.bz=01;31:*.tbz=01;31:*.tbz2=01;31:*.tz=01;31:*.deb=01;31:*.rpm=01;31:*.jar=01;31:*.war=01;31:*.ear=01;31:*.sar=01;31:*.rar=01;31:*.alz=01;31:*.ace=01;31:*.zoo=01;31:*.cpio=01;31:*.7z=01;31:*.rz=01;31:*.cab=01;31:*.wim=01;31:*.swm=01;31:*.dwm=01;31:*.esd=01;31:*.avif=01;35:*.jpg=01;35:*.jpeg=01;35:*.mjpg=01;35:*.mjpeg=01;35:*.gif=01;35:*.bmp=01;35:*.pbm=01;35:*.pgm=01;35:*.ppm=01;35:*.tga=01;35:*.xbm=01;35:*.xpm=01;35:*.tif=01;35:*.tiff=01;35:*.png=01;35:*.svg=01;35:*.svgz=01;35:*.mng=01;35:*.pcx=01;35:*.mov=01;35:*.mpg=01;35:*.mpeg=01;35:*.m2v=01;35:*.mkv=01;35:*.webm=01;35:*.webp=01;35:*.ogm=01;35:*.mp4=01;35:*.m4v=01;35:*.mp4v=01;35:*.vob=01;35:*.qt=01;35:*.nuv=01;35:*.wmv=01;35:*.asf=01;35:*.rm=01;35:*.rmvb=01;35:*.flc=01;35:*.avi=01;35:*.fli=01;35:*.flv=01;35:*.gl=01;35:*.dl=01;35:*.xcf=01;35:*.xwd=01;35:*.yuv=01;35:*.cgm=01;35:*.emf=01;35:*.ogv=01;35:*.ogx=01;35:*.aac=00;36:*.au=00;36:*.flac=00;36:*.m4a=00;36:*.mid=00;36:*.midi=00;36:*.mka=00;36:*.mp3=00;36:*.mpc=00;36:*.ogg=00;36:*.ra=00;36:*.wav=00;36:*.oga=00;36:*.opus=00;36:*.spx=00;36:*.xspf=00;36:*~=00;90:*#=00;90:*.bak=00;90:*.crdownload=00;90:*.dpkg-dist=00;90:*.dpkg-new=00;90:*.dpkg-old=00;90:*.dpkg-tmp=00;90:*.old=00;90:*.orig=00;90:*.part=00;90:*.rej=00;90:*.rpmnew=00;90:*.rpmorig=00;90:*.rpmsave=00;90:*.swp=00;90:*.tmp=00;90:*.ucf-dist=00;90:*.ucf-new=00;90:*.ucf-old=00;90:', 'GNOME_TERMINAL_SERVICE': ':1.103', 'SSH_AUTH_SOCK': '/run/user/1002/keyring/ssh', 'ROS_DOMAIN_ID': '10', 'XDG_GREETER_DATA_DIR': '/var/lib/lightdm-data/voiture', 'AMENT_PREFIX_PATH': '/home/voiture/course_2025_slam_pkgs/workspace/install/sllidar_ros2:/home/voiture/course_2025_slam_pkgs/workspace/install/planning_bolide:/home/voiture/course_2025_slam_pkgs/workspace/install/perception_bolide:/home/voiture/course_2025_slam_pkgs/workspace/install/particle_filter:/home/voiture/course_2025_slam_pkgs/workspace/install/control_bolide:/home/voiture/course_2025_slam_pkgs/workspace/install/bolide_interfaces:/opt/ros/jazzy', 'SHELL': '/bin/bash', 'QT_ACCESSIBILITY': '1', 'GDMSESSION': 'ubuntu', 'LESSCLOSE': '/usr/bin/lesspipe %s %s', 'GPG_AGENT_INFO': '/run/user/1002/gnupg/S.gpg-agent:0:1', 'ROS_AUTOMATIC_DISCOVERY_RANGE': 'SUBNET', 'QT_IM_MODULE': 'ibus', 'PWD': '/home/voiture/course_2025_slam_pkgs/workspace/build/perception_bolide', 'XDG_CONFIG_DIRS': '/etc/xdg/xdg-ubuntu:/etc/xdg', 'XDG_DATA_DIRS': '/usr/share/ubuntu:/usr/share/gnome:/usr/local/share:/usr/share:/var/lib/snapd/desktop', 'PYTHONPATH': '/home/voiture/course_2025_slam_pkgs/workspace/build/perception_bolide/prefix_override:/usr/lib/python3/dist-packages/colcon_core/task/python/colcon_distutils_commands:/home/voiture/course_2025_slam_pkgs/workspace/install/perception_bolide/lib/python3.12/site-packages:/home/voiture/course_2025_slam_pkgs/workspace/install/bolide_interfaces/lib/python3.12/site-packages:/home/voiture/course_2025_slam_pkgs/workspace/install/planning_bolide/lib/python3.12/site-packages:/home/voiture/course_2025_slam_pkgs/workspace/install/perception_bolide/lib/python3.12/site-packages:/home/voiture/course_2025_slam_pkgs/workspace/install/particle_filter/lib/python3.12/site-packages:/home/voiture/course_2025_slam_pkgs/workspace/install/control_bolide/lib/python3.12/site-packages:/opt/ros/jazzy/lib/python3.12/site-packages', 'COLCON': '1', 'MEMORY_PRESSURE_WRITE': 'c29tZSAyMDAwMDAgMjAwMDAwMAA=', 'VTE_VERSION': '7600', 'CMAKE_PREFIX_PATH': '/home/voiture/course_2025_slam_pkgs/workspace/install/bolide_interfaces:/home/voiture/course_2025_slam_pkgs/workspace/install/sllidar_ros2:/opt/ros/jazzy/opt/gz_math_vendor:/opt/ros/jazzy/opt/gz_utils_vendor:/opt/ros/jazzy/opt/gz_cmake_vendor'}, 'shell': False}
[3.363413] (planning_bolide) Command: {'cmd': ['/usr/bin/python3', '-W', 'ignore:setup.py install is deprecated', '-W', 'ignore:easy_install command is deprecated', 'setup.py', 'egg_info', '--egg-base', '../../build/planning_bolide', 'build', '--build-base', '/home/voiture/course_2025_slam_pkgs/workspace/build/planning_bolide/build', 'install', '--record', '/home/voiture/course_2025_slam_pkgs/workspace/build/planning_bolide/install.log', '--single-version-externally-managed', 'install_data'], 'cwd': '/home/voiture/course_2025_slam_pkgs/workspace/src/planning_bolide', 'env': {'LESSOPEN': '| /usr/bin/lesspipe %s', 'LANGUAGE': 'en', 'USER': 'voiture', 'XDG_SESSION_TYPE': 'x11', 'CLUTTER_DISABLE_MIPMAPPED_TEXT': '1', 'SHLVL': '1', 'LD_LIBRARY_PATH': '/home/voiture/course_2025_slam_pkgs/workspace/install/bolide_interfaces/lib:/opt/ros/jazzy/opt/rviz_ogre_vendor/lib:/opt/ros/jazzy/lib/aarch64-linux-gnu:/opt/ros/jazzy/opt/gz_math_vendor/lib:/opt/ros/jazzy/opt/gz_utils_vendor/lib:/opt/ros/jazzy/opt/gz_cmake_vendor/lib:/opt/ros/jazzy/lib', 'HOME': '/home/voiture', 'OLDPWD': '/home/voiture', 'DESKTOP_SESSION': 'ubuntu', 'ROS_PYTHON_VERSION': '3', 'GNOME_SHELL_SESSION_MODE': 'ubuntu', 'GTK_MODULES': 'gail:atk-bridge', 'XDG_SEAT_PATH': '/org/freedesktop/DisplayManager/Seat0', 'PS1': '\\[\\e]0;\\u@\\h: \\w\\a\\]${debian_chroot:+($debian_chroot)}\\[\\033[01;32m\\]\\u@\\h\\[\\033[00m\\]:\\[\\033[01;34m\\]\\w\\[\\033[00m\\]\\$', 'SYSTEMD_EXEC_PID': '2120', 'GSM_SKIP_SSH_AGENT_WORKAROUND': 'true', 'DBUS_SESSION_BUS_ADDRESS': 'unix:path=/run/user/1002/bus', 'COLORTERM': 'truecolor', 'DEBUGINFOD_URLS': 'https://debuginfod.ubuntu.com', 'IM_CONFIG_PHASE': '1', 'COLCON_PREFIX_PATH': '/home/voiture/course_2025_slam_pkgs/workspace/install', 'ROS_DISTRO': 'jazzy', 'LOGNAME': 'voiture', '_': '/usr/bin/colcon', 'ROS_VERSION': '2', 'MEMORY_PRESSURE_WATCH': '/sys/fs/cgroup/user.slice/user-1002.slice/user@1002.service/session.slice/org.gnome.Shell@x11.service/memory.pressure', 'XDG_SESSION_CLASS': 'user', 'TERM': 'xterm-256color', 'GNOME_DESKTOP_SESSION_ID': 'this-is-deprecated', 'PATH': '/opt/ros/jazzy/bin:/usr/local/sbin:/usr/local/bin:/usr/sbin:/usr/bin:/sbin:/bin:/usr/games:/usr/local/games:/snap/bin', 'SESSION_MANAGER': 'local/voiture1:@/tmp/.ICE-unix/2087,unix/voiture1:/tmp/.ICE-unix/2087', 'GDM_LANG': 'en', 'XDG_SESSION_PATH': '/org/freedesktop/DisplayManager/Session0', 'XDG_MENU_PREFIX': 'gnome-', 'GNOME_TERMINAL_SCREEN': '/org/gnome/Terminal/screen/bb37d3ac_3e05_49b7_8b52_9f2fe2d04ef2', 'XDG_RUNTIME_DIR': '/run/user/1002', 'DISPLAY': ':0', 'LANG': 'C.UTF-8', 'XDG_CURRENT_DESKTOP': 'ubuntu:GNOME', 'XMODIFIERS': '@im=ibus', 'XDG_SESSION_DESKTOP': 'ubuntu', 'XAUTHORITY': '/home/voiture/.Xauthority', 'LS_COLORS': 'rs=0:di=01;34:ln=01;36:mh=00:pi=40;33:so=01;35:do=01;35:bd=40;33;01:cd=40;33;01:or=40;31;01:mi=00:su=37;41:sg=30;43:ca=00:tw=30;42:ow=34;42:st=37;44:ex=01;32:*.tar=01;31:*.tgz=01;31:*.arc=01;31:*.arj=01;31:*.taz=01;31:*.lha=01;31:*.lz4=01;31:*.lzh=01;31:*.lzma=01;31:*.tlz=01;31:*.txz=01;31:*.tzo=01;31:*.t7z=01;31:*.zip=01;31:*.z=01;31:*.dz=01;31:*.gz=01;31:*.lrz=01;31:*.lz=01;31:*.lzo=01;31:*.xz=01;31:*.zst=01;31:*.tzst=01;31:*.bz2=01;31:*.bz=01;31:*.tbz=01;31:*.tbz2=01;31:*.tz=01;31:*.deb=01;31:*.rpm=01;31:*.jar=01;31:*.war=01;31:*.ear=01;31:*.sar=01;31:*.rar=01;31:*.alz=01;31:*.ace=01;31:*.zoo=01;31:*.cpio=01;31:*.7z=01;31:*.rz=01;31:*.cab=01;31:*.wim=01;31:*.swm=01;31:*.dwm=01;31:*.esd=01;31:*.avif=01;35:*.jpg=01;35:*.jpeg=01;35:*.mjpg=01;35:*.mjpeg=01;35:*.gif=01;35:*.bmp=01;35:*.pbm=01;35:*.pgm=01;35:*.ppm=01;35:*.tga=01;35:*.xbm=01;35:*.xpm=01;35:*.tif=01;35:*.tiff=01;35:*.png=01;35:*.svg=01;35:*.svgz=01;35:*.mng=01;35:*.pcx=01;35:*.mov=01;35:*.mpg=01;35:*.mpeg=01;35:*.m2v=01;35:*.mkv=01;35:*.webm=01;35:*.webp=01;35:*.ogm=01;35:*.mp4=01;35:*.m4v=01;35:*.mp4v=01;35:*.vob=01;35:*.qt=01;35:*.nuv=01;35:*.wmv=01;35:*.asf=01;35:*.rm=01;35:*.rmvb=01;35:*.flc=01;35:*.avi=01;35:*.fli=01;35:*.flv=01;35:*.gl=01;35:*.dl=01;35:*.xcf=01;35:*.xwd=01;35:*.yuv=01;35:*.cgm=01;35:*.emf=01;35:*.ogv=01;35:*.ogx=01;35:*.aac=00;36:*.au=00;36:*.flac=00;36:*.m4a=00;36:*.mid=00;36:*.midi=00;36:*.mka=00;36:*.mp3=00;36:*.mpc=00;36:*.ogg=00;36:*.ra=00;36:*.wav=00;36:*.oga=00;36:*.opus=00;36:*.spx=00;36:*.xspf=00;36:*~=00;90:*#=00;90:*.bak=00;90:*.crdownload=00;90:*.dpkg-dist=00;90:*.dpkg-new=00;90:*.dpkg-old=00;90:*.dpkg-tmp=00;90:*.old=00;90:*.orig=00;90:*.part=00;90:*.rej=00;90:*.rpmnew=00;90:*.rpmorig=00;90:*.rpmsave=00;90:*.swp=00;90:*.tmp=00;90:*.ucf-dist=00;90:*.ucf-new=00;90:*.ucf-old=00;90:', 'GNOME_TERMINAL_SERVICE': ':1.103', 'SSH_AUTH_SOCK': '/run/user/1002/keyring/ssh', 'ROS_DOMAIN_ID': '10', 'XDG_GREETER_DATA_DIR': '/var/lib/lightdm-data/voiture', 'AMENT_PREFIX_PATH': '/home/voiture/course_2025_slam_pkgs/workspace/install/sllidar_ros2:/home/voiture/course_2025_slam_pkgs/workspace/install/planning_bolide:/home/voiture/course_2025_slam_pkgs/workspace/install/perception_bolide:/home/voiture/course_2025_slam_pkgs/workspace/install/particle_filter:/home/voiture/course_2025_slam_pkgs/workspace/install/control_bolide:/home/voiture/course_2025_slam_pkgs/workspace/install/bolide_interfaces:/opt/ros/jazzy', 'SHELL': '/bin/bash', 'QT_ACCESSIBILITY': '1', 'GDMSESSION': 'ubuntu', 'LESSCLOSE': '/usr/bin/lesspipe %s %s', 'GPG_AGENT_INFO': '/run/user/1002/gnupg/S.gpg-agent:0:1', 'ROS_AUTOMATIC_DISCOVERY_RANGE': 'SUBNET', 'QT_IM_MODULE': 'ibus', 'PWD': '/home/voiture/course_2025_slam_pkgs/workspace/build/planning_bolide', 'XDG_CONFIG_DIRS': '/etc/xdg/xdg-ubuntu:/etc/xdg', 'XDG_DATA_DIRS': '/usr/share/ubuntu:/usr/share/gnome:/usr/local/share:/usr/share:/var/lib/snapd/desktop', 'PYTHONPATH': '/home/voiture/course_2025_slam_pkgs/workspace/build/planning_bolide/prefix_override:/usr/lib/python3/dist-packages/colcon_core/task/python/colcon_distutils_commands:/home/voiture/course_2025_slam_pkgs/workspace/install/planning_bolide/lib/python3.12/site-packages:/home/voiture/course_2025_slam_pkgs/workspace/install/bolide_interfaces/lib/python3.12/site-packages:/home/voiture/course_2025_slam_pkgs/workspace/install/planning_bolide/lib/python3.12/site-packages:/home/voiture/course_2025_slam_pkgs/workspace/install/perception_bolide/lib/python3.12/site-packages:/home/voiture/course_2025_slam_pkgs/workspace/install/particle_filter/lib/python3.12/site-packages:/home/voiture/course_2025_slam_pkgs/workspace/install/control_bolide/lib/python3.12/site-packages:/opt/ros/jazzy/lib/python3.12/site-packages', 'COLCON': '1', 'MEMORY_PRESSURE_WRITE': 'c29tZSAyMDAwMDAgMjAwMDAwMAA=', 'VTE_VERSION': '7600', 'CMAKE_PREFIX_PATH': '/home/voiture/course_2025_slam_pkgs/workspace/install/bolide_interfaces:/home/voiture/course_2025_slam_pkgs/workspace/install/sllidar_ros2:/opt/ros/jazzy/opt/gz_math_vendor:/opt/ros/jazzy/opt/gz_utils_vendor:/opt/ros/jazzy/opt/gz_cmake_vendor'}, 'shell': False}
[3.460513] (-) TimerEvent: {}
[3.565264] (-) TimerEvent: {}
[3.668005] (-) TimerEvent: {}
[3.768405] (-) TimerEvent: {}
[3.834476] (planning_bolide) StdoutLine: {'line': b'running egg_info\n'}
[3.837853] (perception_bolide) StdoutLine: {'line': b'running egg_info\n'}
[3.839827] (control_bolide) StdoutLine: {'line': b'running egg_info\n'}
[3.868879] (-) TimerEvent: {}
[3.870016] (planning_bolide) StdoutLine: {'line': b'writing ../../build/planning_bolide/planning_bolide.egg-info/PKG-INFO\n'}
[3.870552] (planning_bolide) StdoutLine: {'line': b'writing dependency_links to ../../build/planning_bolide/planning_bolide.egg-info/dependency_links.txt\n'}
[3.872953] (planning_bolide) StdoutLine: {'line': b'writing entry points to ../../build/planning_bolide/planning_bolide.egg-info/entry_points.txt\n'}
[3.875680] (planning_bolide) StdoutLine: {'line': b'writing requirements to ../../build/planning_bolide/planning_bolide.egg-info/requires.txt\n'}
[3.877060] (control_bolide) StdoutLine: {'line': b'writing ../../build/control_bolide/control_bolide.egg-info/PKG-INFO\n'}
[3.877293] (planning_bolide) StdoutLine: {'line': b'writing top-level names to ../../build/planning_bolide/planning_bolide.egg-info/top_level.txt\n'}
[3.878838] (perception_bolide) StdoutLine: {'line': b'writing ../../build/perception_bolide/perception_bolide.egg-info/PKG-INFO\n'}
[3.879074] (perception_bolide) StdoutLine: {'line': b'writing dependency_links to ../../build/perception_bolide/perception_bolide.egg-info/dependency_links.txt\n'}
[3.879209] (perception_bolide) StdoutLine: {'line': b'writing entry points to ../../build/perception_bolide/perception_bolide.egg-info/entry_points.txt\n'}
[3.879440] (perception_bolide) StdoutLine: {'line': b'writing requirements to ../../build/perception_bolide/perception_bolide.egg-info/requires.txt\n'}
[3.879587] (perception_bolide) StdoutLine: {'line': b'writing top-level names to ../../build/perception_bolide/perception_bolide.egg-info/top_level.txt\n'}
[3.880716] (control_bolide) StdoutLine: {'line': b'writing dependency_links to ../../build/control_bolide/control_bolide.egg-info/dependency_links.txt\n'}
[3.883899] (control_bolide) StdoutLine: {'line': b'writing entry points to ../../build/control_bolide/control_bolide.egg-info/entry_points.txt\n'}
[3.886715] (control_bolide) StdoutLine: {'line': b'writing requirements to ../../build/control_bolide/control_bolide.egg-info/requires.txt\n'}
[3.888501] (control_bolide) StdoutLine: {'line': b'writing top-level names to ../../build/control_bolide/control_bolide.egg-info/top_level.txt\n'}
[3.940843] (planning_bolide) StdoutLine: {'line': b"reading manifest file '../../build/planning_bolide/planning_bolide.egg-info/SOURCES.txt'\n"}
[3.943416] (perception_bolide) StdoutLine: {'line': b"reading manifest file '../../build/perception_bolide/perception_bolide.egg-info/SOURCES.txt'\n"}
[3.943633] (perception_bolide) StdoutLine: {'line': b"adding license file 'LICENSE'\n"}
[3.943763] (planning_bolide) StdoutLine: {'line': b"adding license file 'LICENSE'\n"}
[3.945279] (planning_bolide) StdoutLine: {'line': b"writing manifest file '../../build/planning_bolide/planning_bolide.egg-info/SOURCES.txt'\n"}
[3.945447] (planning_bolide) StdoutLine: {'line': b'running build\n'}
[3.947017] (planning_bolide) StdoutLine: {'line': b'running build_py\n'}
[3.947930] (perception_bolide) StdoutLine: {'line': b"writing manifest file '../../build/perception_bolide/perception_bolide.egg-info/SOURCES.txt'\n"}
[3.948821] (planning_bolide) StdoutLine: {'line': b'running install\n'}
[3.949832] (perception_bolide) StdoutLine: {'line': b'running build\n'}
[3.950688] (perception_bolide) StdoutLine: {'line': b'running build_py\n'}
[3.950854] (perception_bolide) StdoutLine: {'line': b'running install\n'}
[3.950946] (control_bolide) StdoutLine: {'line': b"reading manifest file '../../build/control_bolide/control_bolide.egg-info/SOURCES.txt'\n"}
[3.951051] (control_bolide) StdoutLine: {'line': b"adding license file 'LICENSE'\n"}
[3.953135] (control_bolide) StdoutLine: {'line': b"writing manifest file '../../build/control_bolide/control_bolide.egg-info/SOURCES.txt'\n"}
[3.954019] (planning_bolide) StdoutLine: {'line': b'running install_lib\n'}
[3.956175] (perception_bolide) StdoutLine: {'line': b'running install_lib\n'}
[3.968925] (-) TimerEvent: {}
[3.985622] (planning_bolide) StdoutLine: {'line': b'running install_data\n'}
[3.986696] (planning_bolide) StdoutLine: {'line': b'copying launch/ready_for_nav.launch.py -> /home/voiture/course_2025_slam_pkgs/workspace/install/planning_bolide/share/planning_bolide/launch\n'}
[3.986889] (planning_bolide) StdoutLine: {'line': b'running install_egg_info\n'}
[3.987646] (perception_bolide) StdoutLine: {'line': b'running install_data\n'}
[3.988196] (perception_bolide) StdoutLine: {'line': b'running install_egg_info\n'}
[4.015218] (planning_bolide) StdoutLine: {'line': b"removing '/home/voiture/course_2025_slam_pkgs/workspace/install/planning_bolide/lib/python3.12/site-packages/planning_bolide-0.1.0-py3.12.egg-info' (and everything under it)\n"}
[4.016265] (planning_bolide) StdoutLine: {'line': b'Copying ../../build/planning_bolide/planning_bolide.egg-info to /home/voiture/course_2025_slam_pkgs/workspace/install/planning_bolide/lib/python3.12/site-packages/planning_bolide-0.1.0-py3.12.egg-info\n'}
[4.019902] (planning_bolide) StdoutLine: {'line': b'running install_scripts\n'}
[4.020192] (perception_bolide) StdoutLine: {'line': b"removing '/home/voiture/course_2025_slam_pkgs/workspace/install/perception_bolide/lib/python3.12/site-packages/perception_bolide-0.1.0-py3.12.egg-info' (and everything under it)\n"}
[4.020367] (perception_bolide) StdoutLine: {'line': b'Copying ../../build/perception_bolide/perception_bolide.egg-info to /home/voiture/course_2025_slam_pkgs/workspace/install/perception_bolide/lib/python3.12/site-packages/perception_bolide-0.1.0-py3.12.egg-info\n'}
[4.021809] (perception_bolide) StdoutLine: {'line': b'running install_scripts\n'}
[4.029823] (control_bolide) StdoutLine: {'line': b'running build\n'}
[4.030121] (control_bolide) StdoutLine: {'line': b'running build_py\n'}
[4.030227] (control_bolide) StdoutLine: {'line': b'running install\n'}
[4.040738] (control_bolide) StdoutLine: {'line': b'running install_lib\n'}
[4.069080] (-) TimerEvent: {}
[4.073982] (control_bolide) StdoutLine: {'line': b'running install_data\n'}
[4.075323] (control_bolide) StdoutLine: {'line': b'running install_egg_info\n'}
[4.107219] (control_bolide) StdoutLine: {'line': b"removing '/home/voiture/course_2025_slam_pkgs/workspace/install/control_bolide/lib/python3.12/site-packages/control_bolide-0.1.0-py3.12.egg-info' (and everything under it)\n"}
[4.110376] (control_bolide) StdoutLine: {'line': b'Copying ../../build/control_bolide/control_bolide.egg-info to /home/voiture/course_2025_slam_pkgs/workspace/install/control_bolide/lib/python3.12/site-packages/control_bolide-0.1.0-py3.12.egg-info\n'}
[4.110558] (control_bolide) StdoutLine: {'line': b'running install_scripts\n'}
[4.169181] (-) TimerEvent: {}
[4.237043] (perception_bolide) StdoutLine: {'line': b'Installing calibrate_color script to /home/voiture/course_2025_slam_pkgs/workspace/install/perception_bolide/lib/perception_bolide\n'}
[4.239552] (planning_bolide) StdoutLine: {'line': b'Installing speed_direction_controller script to /home/voiture/course_2025_slam_pkgs/workspace/install/planning_bolide/lib/planning_bolide\n'}
[4.242984] (planning_bolide) StdoutLine: {'line': b'Installing teleop_node script to /home/voiture/course_2025_slam_pkgs/workspace/install/planning_bolide/lib/planning_bolide\n'}
[4.245134] (planning_bolide) StdoutLine: {'line': b"writing list of installed files to '/home/voiture/course_2025_slam_pkgs/workspace/build/planning_bolide/install.log'\n"}
[4.245395] (perception_bolide) StdoutLine: {'line': b'Installing camera_info script to /home/voiture/course_2025_slam_pkgs/workspace/install/perception_bolide/lib/perception_bolide\n'}
[4.245610] (perception_bolide) StdoutLine: {'line': b'Installing camera_opencv script to /home/voiture/course_2025_slam_pkgs/workspace/install/perception_bolide/lib/perception_bolide\n'}
[4.251838] (perception_bolide) StdoutLine: {'line': b'Installing camera_publisher script to /home/voiture/course_2025_slam_pkgs/workspace/install/perception_bolide/lib/perception_bolide\n'}
[4.252230] (perception_bolide) StdoutLine: {'line': b'Installing dbscan_node script to /home/voiture/course_2025_slam_pkgs/workspace/install/perception_bolide/lib/perception_bolide\n'}
[4.252498] (perception_bolide) StdoutLine: {'line': b'Installing fork_publisher script to /home/voiture/course_2025_slam_pkgs/workspace/install/perception_bolide/lib/perception_bolide\n'}
[4.257811] (perception_bolide) StdoutLine: {'line': b'Installing imu_publisher script to /home/voiture/course_2025_slam_pkgs/workspace/install/perception_bolide/lib/perception_bolide\n'}
[4.258390] (perception_bolide) StdoutLine: {'line': b'Installing launch_ekf_map script to /home/voiture/course_2025_slam_pkgs/workspace/install/perception_bolide/lib/perception_bolide\n'}
[4.258618] (perception_bolide) StdoutLine: {'line': b'Installing lidar_process script to /home/voiture/course_2025_slam_pkgs/workspace/install/perception_bolide/lib/perception_bolide\n'}
[4.265064] (perception_bolide) StdoutLine: {'line': b'Installing lidar_publisher script to /home/voiture/course_2025_slam_pkgs/workspace/install/perception_bolide/lib/perception_bolide\n'}
[4.265257] (perception_bolide) StdoutLine: {'line': b'Installing lidar_vizu script to /home/voiture/course_2025_slam_pkgs/workspace/install/perception_bolide/lib/perception_bolide\n'}
[4.265459] (perception_bolide) StdoutLine: {'line': b'Installing odom_fork_imu script to /home/voiture/course_2025_slam_pkgs/workspace/install/perception_bolide/lib/perception_bolide\n'}
[4.265599] (perception_bolide) StdoutLine: {'line': b'Installing odom_fork_imu_sim script to /home/voiture/course_2025_slam_pkgs/workspace/install/perception_bolide/lib/perception_bolide\n'}
[4.269069] (perception_bolide) StdoutLine: {'line': b'Installing rear_ranges_publisher script to /home/voiture/course_2025_slam_pkgs/workspace/install/perception_bolide/lib/perception_bolide\n'}
[4.269265] (-) TimerEvent: {}
[4.275916] (perception_bolide) StdoutLine: {'line': b'Installing stm32_publisher script to /home/voiture/course_2025_slam_pkgs/workspace/install/perception_bolide/lib/perception_bolide\n'}
[4.276537] (perception_bolide) StdoutLine: {'line': b"writing list of installed files to '/home/voiture/course_2025_slam_pkgs/workspace/build/perception_bolide/install.log'\n"}
[4.369493] (-) TimerEvent: {}
[4.379329] (control_bolide) StdoutLine: {'line': b'Installing ackermann_controller script to /home/voiture/course_2025_slam_pkgs/workspace/install/control_bolide/lib/control_bolide\n'}
[4.384003] (control_bolide) StdoutLine: {'line': b'Installing calibration_direction script to /home/voiture/course_2025_slam_pkgs/workspace/install/control_bolide/lib/control_bolide\n'}
[4.384663] (control_bolide) StdoutLine: {'line': b'Installing calibration_direction_copy script to /home/voiture/course_2025_slam_pkgs/workspace/install/control_bolide/lib/control_bolide\n'}
[4.386626] (control_bolide) StdoutLine: {'line': b'Installing cmd_dir script to /home/voiture/course_2025_slam_pkgs/workspace/install/control_bolide/lib/control_bolide\n'}
[4.387800] (control_bolide) StdoutLine: {'line': b'Installing cmd_vel script to /home/voiture/course_2025_slam_pkgs/workspace/install/control_bolide/lib/control_bolide\n'}
[4.388027] (control_bolide) StdoutLine: {'line': b'Installing cmd_vel_vizu script to /home/voiture/course_2025_slam_pkgs/workspace/install/control_bolide/lib/control_bolide\n'}
[4.388147] (control_bolide) StdoutLine: {'line': b'Installing obstacle_detection script to /home/voiture/course_2025_slam_pkgs/workspace/install/control_bolide/lib/control_bolide\n'}
[4.388312] (planning_bolide) CommandEnded: {'returncode': 0}
[4.389021] (control_bolide) StdoutLine: {'line': b'Installing speed_direction_controller script to /home/voiture/course_2025_slam_pkgs/workspace/install/control_bolide/lib/control_bolide\n'}
[4.389235] (control_bolide) StdoutLine: {'line': b'Installing stanley_controller script to /home/voiture/course_2025_slam_pkgs/workspace/install/control_bolide/lib/control_bolide\n'}
[4.389618] (control_bolide) StdoutLine: {'line': b"writing list of installed files to '/home/voiture/course_2025_slam_pkgs/workspace/build/control_bolide/install.log'\n"}
[4.404110] (planning_bolide) JobEnded: {'identifier': 'planning_bolide', 'rc': 0}
[4.408391] (perception_bolide) CommandEnded: {'returncode': 0}
[4.430286] (perception_bolide) JobEnded: {'identifier': 'perception_bolide', 'rc': 0}
[4.469628] (-) TimerEvent: {}
[4.500463] (control_bolide) CommandEnded: {'returncode': 0}
[4.514892] (control_bolide) JobEnded: {'identifier': 'control_bolide', 'rc': 0}
[4.517481] (-) EventReactorShutdown: {}
