[0.000000] (-) TimerEvent: {}
[0.000383] (-) JobUnselected: {'identifier': 'particle_filter'}
[0.000430] (-) JobUnselected: {'identifier': 'slam_karto'}
[0.000776] (-) JobUnselected: {'identifier': 'sllidar_ros2'}
[0.000976] (bolide_interfaces) JobQueued: {'identifier': 'bolide_interfaces', 'dependencies': OrderedDict()}
[0.001271] (control_bolide) JobQueued: {'identifier': 'control_bolide', 'dependencies': OrderedDict({'bolide_interfaces': '/home/voiture/course_2025_slam_pkgs/workspace/install/bolide_interfaces'})}
[0.001361] (perception_bolide) JobQueued: {'identifier': 'perception_bolide', 'dependencies': OrderedDict({'bolide_interfaces': '/home/voiture/course_2025_slam_pkgs/workspace/install/bolide_interfaces'})}
[0.001482] (planning_bolide) JobQueued: {'identifier': 'planning_bolide', 'dependencies': OrderedDict({'bolide_interfaces': '/home/voiture/course_2025_slam_pkgs/workspace/install/bolide_interfaces'})}
[0.001524] (bolide_interfaces) JobStarted: {'identifier': 'bolide_interfaces'}
[0.017009] (bolide_interfaces) JobProgress: {'identifier': 'bolide_interfaces', 'progress': 'cmake'}
[0.018115] (bolide_interfaces) JobProgress: {'identifier': 'bolide_interfaces', 'progress': 'build'}
[0.019081] (bolide_interfaces) Command: {'cmd': ['/usr/bin/cmake', '--build', '/home/voiture/course_2025_slam_pkgs/workspace/build/bolide_interfaces', '--', '-j4', '-l4'], 'cwd': '/home/voiture/course_2025_slam_pkgs/workspace/build/bolide_interfaces', 'env': OrderedDict({'LESSOPEN': '| /usr/bin/lesspipe %s', 'LANGUAGE': 'en', 'USER': 'voiture', 'XDG_SESSION_TYPE': 'x11', 'CLUTTER_DISABLE_MIPMAPPED_TEXT': '1', 'SHLVL': '1', 'LD_LIBRARY_PATH': '/home/voiture/course_2025_slam_pkgs/workspace/install/bolide_interfaces/lib:/opt/ros/jazzy/opt/rviz_ogre_vendor/lib:/opt/ros/jazzy/lib/aarch64-linux-gnu:/opt/ros/jazzy/opt/gz_math_vendor/lib:/opt/ros/jazzy/opt/gz_utils_vendor/lib:/opt/ros/jazzy/opt/gz_cmake_vendor/lib:/opt/ros/jazzy/lib', 'HOME': '/home/voiture', 'OLDPWD': '/home/voiture', 'DESKTOP_SESSION': 'ubuntu', 'ROS_PYTHON_VERSION': '3', 'GNOME_SHELL_SESSION_MODE': 'ubuntu', 'GTK_MODULES': 'gail:atk-bridge', 'XDG_SEAT_PATH': '/org/freedesktop/DisplayManager/Seat0', 'PS1': '\\[\\e]0;\\u@\\h: \\w\\a\\]${debian_chroot:+($debian_chroot)}\\[\\033[01;32m\\]\\u@\\h\\[\\033[00m\\]:\\[\\033[01;34m\\]\\w\\[\\033[00m\\]\\$', 'SYSTEMD_EXEC_PID': '2120', 'GSM_SKIP_SSH_AGENT_WORKAROUND': 'true', 'DBUS_SESSION_BUS_ADDRESS': 'unix:path=/run/user/1002/bus', 'COLORTERM': 'truecolor', 'DEBUGINFOD_URLS': 'https://debuginfod.ubuntu.com', 'IM_CONFIG_PHASE': '1', 'COLCON_PREFIX_PATH': '/home/voiture/course_2025_slam_pkgs/workspace/install', 'ROS_DISTRO': 'jazzy', 'LOGNAME': 'voiture', '_': '/usr/bin/colcon', 'ROS_VERSION': '2', 'MEMORY_PRESSURE_WATCH': '/sys/fs/cgroup/user.slice/user-1002.slice/user@1002.service/session.slice/org.gnome.Shell@x11.service/memory.pressure', 'XDG_SESSION_CLASS': 'user', 'TERM': 'xterm-256color', 'GNOME_DESKTOP_SESSION_ID': 'this-is-deprecated', 'PATH': '/opt/ros/jazzy/bin:/usr/local/sbin:/usr/local/bin:/usr/sbin:/usr/bin:/sbin:/bin:/usr/games:/usr/local/games:/snap/bin', 'SESSION_MANAGER': 'local/voiture1:@/tmp/.ICE-unix/2087,unix/voiture1:/tmp/.ICE-unix/2087', 'GDM_LANG': 'en', 'XDG_SESSION_PATH': '/org/freedesktop/DisplayManager/Session0', 'XDG_MENU_PREFIX': 'gnome-', 'GNOME_TERMINAL_SCREEN': '/org/gnome/Terminal/screen/bb37d3ac_3e05_49b7_8b52_9f2fe2d04ef2', 'XDG_RUNTIME_DIR': '/run/user/1002', 'DISPLAY': ':0', 'LANG': 'C.UTF-8', 'XDG_CURRENT_DESKTOP': 'ubuntu:GNOME', 'XMODIFIERS': '@im=ibus', 'XDG_SESSION_DESKTOP': 'ubuntu', 'XAUTHORITY': '/home/voiture/.Xauthority', 'LS_COLORS': 'rs=0:di=01;34:ln=01;36:mh=00:pi=40;33:so=01;35:do=01;35:bd=40;33;01:cd=40;33;01:or=40;31;01:mi=00:su=37;41:sg=30;43:ca=00:tw=30;42:ow=34;42:st=37;44:ex=01;32:*.tar=01;31:*.tgz=01;31:*.arc=01;31:*.arj=01;31:*.taz=01;31:*.lha=01;31:*.lz4=01;31:*.lzh=01;31:*.lzma=01;31:*.tlz=01;31:*.txz=01;31:*.tzo=01;31:*.t7z=01;31:*.zip=01;31:*.z=01;31:*.dz=01;31:*.gz=01;31:*.lrz=01;31:*.lz=01;31:*.lzo=01;31:*.xz=01;31:*.zst=01;31:*.tzst=01;31:*.bz2=01;31:*.bz=01;31:*.tbz=01;31:*.tbz2=01;31:*.tz=01;31:*.deb=01;31:*.rpm=01;31:*.jar=01;31:*.war=01;31:*.ear=01;31:*.sar=01;31:*.rar=01;31:*.alz=01;31:*.ace=01;31:*.zoo=01;31:*.cpio=01;31:*.7z=01;31:*.rz=01;31:*.cab=01;31:*.wim=01;31:*.swm=01;31:*.dwm=01;31:*.esd=01;31:*.avif=01;35:*.jpg=01;35:*.jpeg=01;35:*.mjpg=01;35:*.mjpeg=01;35:*.gif=01;35:*.bmp=01;35:*.pbm=01;35:*.pgm=01;35:*.ppm=01;35:*.tga=01;35:*.xbm=01;35:*.xpm=01;35:*.tif=01;35:*.tiff=01;35:*.png=01;35:*.svg=01;35:*.svgz=01;35:*.mng=01;35:*.pcx=01;35:*.mov=01;35:*.mpg=01;35:*.mpeg=01;35:*.m2v=01;35:*.mkv=01;35:*.webm=01;35:*.webp=01;35:*.ogm=01;35:*.mp4=01;35:*.m4v=01;35:*.mp4v=01;35:*.vob=01;35:*.qt=01;35:*.nuv=01;35:*.wmv=01;35:*.asf=01;35:*.rm=01;35:*.rmvb=01;35:*.flc=01;35:*.avi=01;35:*.fli=01;35:*.flv=01;35:*.gl=01;35:*.dl=01;35:*.xcf=01;35:*.xwd=01;35:*.yuv=01;35:*.cgm=01;35:*.emf=01;35:*.ogv=01;35:*.ogx=01;35:*.aac=00;36:*.au=00;36:*.flac=00;36:*.m4a=00;36:*.mid=00;36:*.midi=00;36:*.mka=00;36:*.mp3=00;36:*.mpc=00;36:*.ogg=00;36:*.ra=00;36:*.wav=00;36:*.oga=00;36:*.opus=00;36:*.spx=00;36:*.xspf=00;36:*~=00;90:*#=00;90:*.bak=00;90:*.crdownload=00;90:*.dpkg-dist=00;90:*.dpkg-new=00;90:*.dpkg-old=00;90:*.dpkg-tmp=00;90:*.old=00;90:*.orig=00;90:*.part=00;90:*.rej=00;90:*.rpmnew=00;90:*.rpmorig=00;90:*.rpmsave=00;90:*.swp=00;90:*.tmp=00;90:*.ucf-dist=00;90:*.ucf-new=00;90:*.ucf-old=00;90:', 'GNOME_TERMINAL_SERVICE': ':1.103', 'SSH_AUTH_SOCK': '/run/user/1002/keyring/ssh', 'ROS_DOMAIN_ID': '10', 'XDG_GREETER_DATA_DIR': '/var/lib/lightdm-data/voiture', 'AMENT_PREFIX_PATH': '/home/voiture/course_2025_slam_pkgs/workspace/install/sllidar_ros2:/home/voiture/course_2025_slam_pkgs/workspace/install/planning_bolide:/home/voiture/course_2025_slam_pkgs/workspace/install/perception_bolide:/home/voiture/course_2025_slam_pkgs/workspace/install/particle_filter:/home/voiture/course_2025_slam_pkgs/workspace/install/control_bolide:/home/voiture/course_2025_slam_pkgs/workspace/install/bolide_interfaces:/opt/ros/jazzy', 'SHELL': '/bin/bash', 'QT_ACCESSIBILITY': '1', 'GDMSESSION': 'ubuntu', 'LESSCLOSE': '/usr/bin/lesspipe %s %s', 'GPG_AGENT_INFO': '/run/user/1002/gnupg/S.gpg-agent:0:1', 'ROS_AUTOMATIC_DISCOVERY_RANGE': 'SUBNET', 'QT_IM_MODULE': 'ibus', 'PWD': '/home/voiture/course_2025_slam_pkgs/workspace/build/bolide_interfaces', 'XDG_CONFIG_DIRS': '/etc/xdg/xdg-ubuntu:/etc/xdg', 'XDG_DATA_DIRS': '/usr/share/ubuntu:/usr/share/gnome:/usr/local/share:/usr/share:/var/lib/snapd/desktop', 'PYTHONPATH': '/home/voiture/course_2025_slam_pkgs/workspace/install/planning_bolide/lib/python3.12/site-packages:/home/voiture/course_2025_slam_pkgs/workspace/install/perception_bolide/lib/python3.12/site-packages:/home/voiture/course_2025_slam_pkgs/workspace/install/particle_filter/lib/python3.12/site-packages:/home/voiture/course_2025_slam_pkgs/workspace/install/control_bolide/lib/python3.12/site-packages:/home/voiture/course_2025_slam_pkgs/workspace/install/bolide_interfaces/lib/python3.12/site-packages:/opt/ros/jazzy/lib/python3.12/site-packages', 'COLCON': '1', 'MEMORY_PRESSURE_WRITE': 'c29tZSAyMDAwMDAgMjAwMDAwMAA=', 'VTE_VERSION': '7600', 'CMAKE_PREFIX_PATH': '/home/voiture/course_2025_slam_pkgs/workspace/install/sllidar_ros2:/home/voiture/course_2025_slam_pkgs/workspace/install/bolide_interfaces:/opt/ros/jazzy/opt/gz_math_vendor:/opt/ros/jazzy/opt/gz_utils_vendor:/opt/ros/jazzy/opt/gz_cmake_vendor:/home/voiture/course_2025_slam_pkgs/workspace/install/planning_bolide:/home/voiture/course_2025_slam_pkgs/workspace/install/perception_bolide:/home/voiture/course_2025_slam_pkgs/workspace/install/particle_filter:/home/voiture/course_2025_slam_pkgs/workspace/install/control_bolide:/opt/ros/jazzy'}), 'shell': False}
[0.100869] (-) TimerEvent: {}
[0.127342] (bolide_interfaces) StdoutLine: {'line': b'[  1%] Built target bolide_interfaces__rosidl_generator_type_description\n'}
[0.151116] (bolide_interfaces) StdoutLine: {'line': b'[  1%] Built target ament_cmake_python_copy_bolide_interfaces\n'}
[0.174821] (bolide_interfaces) StdoutLine: {'line': b'[  2%] Built target bolide_interfaces__cpp\n'}
[0.183928] (bolide_interfaces) StdoutLine: {'line': b'[ 25%] Built target bolide_interfaces__rosidl_generator_c\n'}
[0.203424] (-) TimerEvent: {}
[0.251003] (bolide_interfaces) StdoutLine: {'line': b'[ 35%] Built target bolide_interfaces__rosidl_typesupport_fastrtps_c\n'}
[0.251444] (bolide_interfaces) StdoutLine: {'line': b'[ 44%] Built target bolide_interfaces__rosidl_typesupport_fastrtps_cpp\n'}
[0.265239] (bolide_interfaces) StdoutLine: {'line': b'[ 54%] Built target bolide_interfaces__rosidl_typesupport_cpp\n'}
[0.304588] (-) TimerEvent: {}
[0.327513] (bolide_interfaces) StdoutLine: {'line': b'[ 63%] Built target bolide_interfaces__rosidl_typesupport_c\n'}
[0.339203] (bolide_interfaces) StdoutLine: {'line': b'[ 72%] Built target bolide_interfaces__rosidl_typesupport_introspection_c\n'}
[0.357508] (bolide_interfaces) StdoutLine: {'line': b'[ 82%] Built target bolide_interfaces__rosidl_typesupport_introspection_cpp\n'}
[0.396927] (bolide_interfaces) StdoutLine: {'line': b'[ 82%] Built target bolide_interfaces\n'}
[0.405960] (-) TimerEvent: {}
[0.442729] (bolide_interfaces) StdoutLine: {'line': b'[ 83%] Built target bolide_interfaces__py\n'}
[0.487175] (bolide_interfaces) StdoutLine: {'line': b'[ 91%] Built target bolide_interfaces__rosidl_generator_py\n'}
[0.506080] (-) TimerEvent: {}
[0.538069] (bolide_interfaces) StdoutLine: {'line': b'[ 94%] Built target bolide_interfaces_s__rosidl_typesupport_fastrtps_c\n'}
[0.538860] (bolide_interfaces) StdoutLine: {'line': b'[ 97%] Built target bolide_interfaces_s__rosidl_typesupport_introspection_c\n'}
[0.544154] (bolide_interfaces) StdoutLine: {'line': b'[100%] Built target bolide_interfaces_s__rosidl_typesupport_c\n'}
[0.598308] (bolide_interfaces) StdoutLine: {'line': b'running egg_info\n'}
[0.606159] (-) TimerEvent: {}
[0.627319] (bolide_interfaces) StdoutLine: {'line': b'writing bolide_interfaces.egg-info/PKG-INFO\n'}
[0.627746] (bolide_interfaces) StdoutLine: {'line': b'writing dependency_links to bolide_interfaces.egg-info/dependency_links.txt\n'}
[0.628881] (bolide_interfaces) StdoutLine: {'line': b'writing top-level names to bolide_interfaces.egg-info/top_level.txt\n'}
[0.706263] (-) TimerEvent: {}
[0.712660] (bolide_interfaces) StdoutLine: {'line': b"reading manifest file 'bolide_interfaces.egg-info/SOURCES.txt'\n"}
[0.713683] (bolide_interfaces) StdoutLine: {'line': b"writing manifest file 'bolide_interfaces.egg-info/SOURCES.txt'\n"}
[0.786615] (bolide_interfaces) StdoutLine: {'line': b'[100%] Built target ament_cmake_python_build_bolide_interfaces_egg\n'}
[0.806379] (-) TimerEvent: {}
[0.810973] (bolide_interfaces) CommandEnded: {'returncode': 0}
[0.812625] (bolide_interfaces) JobProgress: {'identifier': 'bolide_interfaces', 'progress': 'install'}
[0.829740] (bolide_interfaces) Command: {'cmd': ['/usr/bin/cmake', '--install', '/home/voiture/course_2025_slam_pkgs/workspace/build/bolide_interfaces'], 'cwd': '/home/voiture/course_2025_slam_pkgs/workspace/build/bolide_interfaces', 'env': OrderedDict({'LESSOPEN': '| /usr/bin/lesspipe %s', 'LANGUAGE': 'en', 'USER': 'voiture', 'XDG_SESSION_TYPE': 'x11', 'CLUTTER_DISABLE_MIPMAPPED_TEXT': '1', 'SHLVL': '1', 'LD_LIBRARY_PATH': '/home/voiture/course_2025_slam_pkgs/workspace/install/bolide_interfaces/lib:/opt/ros/jazzy/opt/rviz_ogre_vendor/lib:/opt/ros/jazzy/lib/aarch64-linux-gnu:/opt/ros/jazzy/opt/gz_math_vendor/lib:/opt/ros/jazzy/opt/gz_utils_vendor/lib:/opt/ros/jazzy/opt/gz_cmake_vendor/lib:/opt/ros/jazzy/lib', 'HOME': '/home/voiture', 'OLDPWD': '/home/voiture', 'DESKTOP_SESSION': 'ubuntu', 'ROS_PYTHON_VERSION': '3', 'GNOME_SHELL_SESSION_MODE': 'ubuntu', 'GTK_MODULES': 'gail:atk-bridge', 'XDG_SEAT_PATH': '/org/freedesktop/DisplayManager/Seat0', 'PS1': '\\[\\e]0;\\u@\\h: \\w\\a\\]${debian_chroot:+($debian_chroot)}\\[\\033[01;32m\\]\\u@\\h\\[\\033[00m\\]:\\[\\033[01;34m\\]\\w\\[\\033[00m\\]\\$', 'SYSTEMD_EXEC_PID': '2120', 'GSM_SKIP_SSH_AGENT_WORKAROUND': 'true', 'DBUS_SESSION_BUS_ADDRESS': 'unix:path=/run/user/1002/bus', 'COLORTERM': 'truecolor', 'DEBUGINFOD_URLS': 'https://debuginfod.ubuntu.com', 'IM_CONFIG_PHASE': '1', 'COLCON_PREFIX_PATH': '/home/voiture/course_2025_slam_pkgs/workspace/install', 'ROS_DISTRO': 'jazzy', 'LOGNAME': 'voiture', '_': '/usr/bin/colcon', 'ROS_VERSION': '2', 'MEMORY_PRESSURE_WATCH': '/sys/fs/cgroup/user.slice/user-1002.slice/user@1002.service/session.slice/org.gnome.Shell@x11.service/memory.pressure', 'XDG_SESSION_CLASS': 'user', 'TERM': 'xterm-256color', 'GNOME_DESKTOP_SESSION_ID': 'this-is-deprecated', 'PATH': '/opt/ros/jazzy/bin:/usr/local/sbin:/usr/local/bin:/usr/sbin:/usr/bin:/sbin:/bin:/usr/games:/usr/local/games:/snap/bin', 'SESSION_MANAGER': 'local/voiture1:@/tmp/.ICE-unix/2087,unix/voiture1:/tmp/.ICE-unix/2087', 'GDM_LANG': 'en', 'XDG_SESSION_PATH': '/org/freedesktop/DisplayManager/Session0', 'XDG_MENU_PREFIX': 'gnome-', 'GNOME_TERMINAL_SCREEN': '/org/gnome/Terminal/screen/bb37d3ac_3e05_49b7_8b52_9f2fe2d04ef2', 'XDG_RUNTIME_DIR': '/run/user/1002', 'DISPLAY': ':0', 'LANG': 'C.UTF-8', 'XDG_CURRENT_DESKTOP': 'ubuntu:GNOME', 'XMODIFIERS': '@im=ibus', 'XDG_SESSION_DESKTOP': 'ubuntu', 'XAUTHORITY': '/home/voiture/.Xauthority', 'LS_COLORS': 'rs=0:di=01;34:ln=01;36:mh=00:pi=40;33:so=01;35:do=01;35:bd=40;33;01:cd=40;33;01:or=40;31;01:mi=00:su=37;41:sg=30;43:ca=00:tw=30;42:ow=34;42:st=37;44:ex=01;32:*.tar=01;31:*.tgz=01;31:*.arc=01;31:*.arj=01;31:*.taz=01;31:*.lha=01;31:*.lz4=01;31:*.lzh=01;31:*.lzma=01;31:*.tlz=01;31:*.txz=01;31:*.tzo=01;31:*.t7z=01;31:*.zip=01;31:*.z=01;31:*.dz=01;31:*.gz=01;31:*.lrz=01;31:*.lz=01;31:*.lzo=01;31:*.xz=01;31:*.zst=01;31:*.tzst=01;31:*.bz2=01;31:*.bz=01;31:*.tbz=01;31:*.tbz2=01;31:*.tz=01;31:*.deb=01;31:*.rpm=01;31:*.jar=01;31:*.war=01;31:*.ear=01;31:*.sar=01;31:*.rar=01;31:*.alz=01;31:*.ace=01;31:*.zoo=01;31:*.cpio=01;31:*.7z=01;31:*.rz=01;31:*.cab=01;31:*.wim=01;31:*.swm=01;31:*.dwm=01;31:*.esd=01;31:*.avif=01;35:*.jpg=01;35:*.jpeg=01;35:*.mjpg=01;35:*.mjpeg=01;35:*.gif=01;35:*.bmp=01;35:*.pbm=01;35:*.pgm=01;35:*.ppm=01;35:*.tga=01;35:*.xbm=01;35:*.xpm=01;35:*.tif=01;35:*.tiff=01;35:*.png=01;35:*.svg=01;35:*.svgz=01;35:*.mng=01;35:*.pcx=01;35:*.mov=01;35:*.mpg=01;35:*.mpeg=01;35:*.m2v=01;35:*.mkv=01;35:*.webm=01;35:*.webp=01;35:*.ogm=01;35:*.mp4=01;35:*.m4v=01;35:*.mp4v=01;35:*.vob=01;35:*.qt=01;35:*.nuv=01;35:*.wmv=01;35:*.asf=01;35:*.rm=01;35:*.rmvb=01;35:*.flc=01;35:*.avi=01;35:*.fli=01;35:*.flv=01;35:*.gl=01;35:*.dl=01;35:*.xcf=01;35:*.xwd=01;35:*.yuv=01;35:*.cgm=01;35:*.emf=01;35:*.ogv=01;35:*.ogx=01;35:*.aac=00;36:*.au=00;36:*.flac=00;36:*.m4a=00;36:*.mid=00;36:*.midi=00;36:*.mka=00;36:*.mp3=00;36:*.mpc=00;36:*.ogg=00;36:*.ra=00;36:*.wav=00;36:*.oga=00;36:*.opus=00;36:*.spx=00;36:*.xspf=00;36:*~=00;90:*#=00;90:*.bak=00;90:*.crdownload=00;90:*.dpkg-dist=00;90:*.dpkg-new=00;90:*.dpkg-old=00;90:*.dpkg-tmp=00;90:*.old=00;90:*.orig=00;90:*.part=00;90:*.rej=00;90:*.rpmnew=00;90:*.rpmorig=00;90:*.rpmsave=00;90:*.swp=00;90:*.tmp=00;90:*.ucf-dist=00;90:*.ucf-new=00;90:*.ucf-old=00;90:', 'GNOME_TERMINAL_SERVICE': ':1.103', 'SSH_AUTH_SOCK': '/run/user/1002/keyring/ssh', 'ROS_DOMAIN_ID': '10', 'XDG_GREETER_DATA_DIR': '/var/lib/lightdm-data/voiture', 'AMENT_PREFIX_PATH': '/home/voiture/course_2025_slam_pkgs/workspace/install/sllidar_ros2:/home/voiture/course_2025_slam_pkgs/workspace/install/planning_bolide:/home/voiture/course_2025_slam_pkgs/workspace/install/perception_bolide:/home/voiture/course_2025_slam_pkgs/workspace/install/particle_filter:/home/voiture/course_2025_slam_pkgs/workspace/install/control_bolide:/home/voiture/course_2025_slam_pkgs/workspace/install/bolide_interfaces:/opt/ros/jazzy', 'SHELL': '/bin/bash', 'QT_ACCESSIBILITY': '1', 'GDMSESSION': 'ubuntu', 'LESSCLOSE': '/usr/bin/lesspipe %s %s', 'GPG_AGENT_INFO': '/run/user/1002/gnupg/S.gpg-agent:0:1', 'ROS_AUTOMATIC_DISCOVERY_RANGE': 'SUBNET', 'QT_IM_MODULE': 'ibus', 'PWD': '/home/voiture/course_2025_slam_pkgs/workspace/build/bolide_interfaces', 'XDG_CONFIG_DIRS': '/etc/xdg/xdg-ubuntu:/etc/xdg', 'XDG_DATA_DIRS': '/usr/share/ubuntu:/usr/share/gnome:/usr/local/share:/usr/share:/var/lib/snapd/desktop', 'PYTHONPATH': '/home/voiture/course_2025_slam_pkgs/workspace/install/planning_bolide/lib/python3.12/site-packages:/home/voiture/course_2025_slam_pkgs/workspace/install/perception_bolide/lib/python3.12/site-packages:/home/voiture/course_2025_slam_pkgs/workspace/install/particle_filter/lib/python3.12/site-packages:/home/voiture/course_2025_slam_pkgs/workspace/install/control_bolide/lib/python3.12/site-packages:/home/voiture/course_2025_slam_pkgs/workspace/install/bolide_interfaces/lib/python3.12/site-packages:/opt/ros/jazzy/lib/python3.12/site-packages', 'COLCON': '1', 'MEMORY_PRESSURE_WRITE': 'c29tZSAyMDAwMDAgMjAwMDAwMAA=', 'VTE_VERSION': '7600', 'CMAKE_PREFIX_PATH': '/home/voiture/course_2025_slam_pkgs/workspace/install/sllidar_ros2:/home/voiture/course_2025_slam_pkgs/workspace/install/bolide_interfaces:/opt/ros/jazzy/opt/gz_math_vendor:/opt/ros/jazzy/opt/gz_utils_vendor:/opt/ros/jazzy/opt/gz_cmake_vendor:/home/voiture/course_2025_slam_pkgs/workspace/install/planning_bolide:/home/voiture/course_2025_slam_pkgs/workspace/install/perception_bolide:/home/voiture/course_2025_slam_pkgs/workspace/install/particle_filter:/home/voiture/course_2025_slam_pkgs/workspace/install/control_bolide:/opt/ros/jazzy'}), 'shell': False}
[0.848182] (bolide_interfaces) StdoutLine: {'line': b'-- Install configuration: ""\n'}
[0.848547] (bolide_interfaces) StdoutLine: {'line': b'-- Up-to-date: /home/voiture/course_2025_slam_pkgs/workspace/install/bolide_interfaces/share/ament_index/resource_index/rosidl_interfaces/bolide_interfaces\n'}
[0.848751] (bolide_interfaces) StdoutLine: {'line': b'-- Up-to-date: /home/voiture/course_2025_slam_pkgs/workspace/install/bolide_interfaces/share/bolide_interfaces/msg/CameraInfo.json\n'}
[0.848898] (bolide_interfaces) StdoutLine: {'line': b'-- Up-to-date: /home/voiture/course_2025_slam_pkgs/workspace/install/bolide_interfaces/share/bolide_interfaces/msg/ForkSpeed.json\n'}
[0.849039] (bolide_interfaces) StdoutLine: {'line': b'-- Up-to-date: /home/voiture/course_2025_slam_pkgs/workspace/install/bolide_interfaces/share/bolide_interfaces/msg/MultipleRange.json\n'}
[0.849144] (bolide_interfaces) StdoutLine: {'line': b'-- Up-to-date: /home/voiture/course_2025_slam_pkgs/workspace/install/bolide_interfaces/share/bolide_interfaces/msg/SpeedDirection.json\n'}
[0.849269] (bolide_interfaces) StdoutLine: {'line': b'-- Up-to-date: /home/voiture/course_2025_slam_pkgs/workspace/install/bolide_interfaces/share/bolide_interfaces/srv/LaunchEkf.json\n'}
[0.849423] (bolide_interfaces) StdoutLine: {'line': b'-- Up-to-date: /home/voiture/course_2025_slam_pkgs/workspace/install/bolide_interfaces/include/bolide_interfaces/bolide_interfaces\n'}
[0.849557] (bolide_interfaces) StdoutLine: {'line': b'-- Up-to-date: /home/voiture/course_2025_slam_pkgs/workspace/install/bolide_interfaces/include/bolide_interfaces/bolide_interfaces/srv\n'}
[0.849675] (bolide_interfaces) StdoutLine: {'line': b'-- Up-to-date: /home/voiture/course_2025_slam_pkgs/workspace/install/bolide_interfaces/include/bolide_interfaces/bolide_interfaces/srv/detail\n'}
[0.849766] (bolide_interfaces) StdoutLine: {'line': b'-- Installing: /home/voiture/course_2025_slam_pkgs/workspace/install/bolide_interfaces/include/bolide_interfaces/bolide_interfaces/srv/detail/launch_ekf__type_support.c\n'}
[0.849939] (bolide_interfaces) StdoutLine: {'line': b'-- Up-to-date: /home/voiture/course_2025_slam_pkgs/workspace/install/bolide_interfaces/include/bolide_interfaces/bolide_interfaces/srv/detail/launch_ekf__functions.c\n'}
[0.850078] (bolide_interfaces) StdoutLine: {'line': b'-- Up-to-date: /home/voiture/course_2025_slam_pkgs/workspace/install/bolide_interfaces/include/bolide_interfaces/bolide_interfaces/srv/detail/launch_ekf__struct.h\n'}
[0.850171] (bolide_interfaces) StdoutLine: {'line': b'-- Up-to-date: /home/voiture/course_2025_slam_pkgs/workspace/install/bolide_interfaces/include/bolide_interfaces/bolide_interfaces/srv/detail/launch_ekf__type_support.h\n'}
[0.850282] (bolide_interfaces) StdoutLine: {'line': b'-- Up-to-date: /home/voiture/course_2025_slam_pkgs/workspace/install/bolide_interfaces/include/bolide_interfaces/bolide_interfaces/srv/detail/launch_ekf__functions.h\n'}
[0.850370] (bolide_interfaces) StdoutLine: {'line': b'-- Up-to-date: /home/voiture/course_2025_slam_pkgs/workspace/install/bolide_interfaces/include/bolide_interfaces/bolide_interfaces/srv/detail/launch_ekf__description.c\n'}
[0.850533] (bolide_interfaces) StdoutLine: {'line': b'-- Up-to-date: /home/voiture/course_2025_slam_pkgs/workspace/install/bolide_interfaces/include/bolide_interfaces/bolide_interfaces/srv/launch_ekf.h\n'}
[0.850623] (bolide_interfaces) StdoutLine: {'line': b'-- Up-to-date: /home/voiture/course_2025_slam_pkgs/workspace/install/bolide_interfaces/include/bolide_interfaces/bolide_interfaces/msg\n'}
[0.850764] (bolide_interfaces) StdoutLine: {'line': b'-- Up-to-date: /home/voiture/course_2025_slam_pkgs/workspace/install/bolide_interfaces/include/bolide_interfaces/bolide_interfaces/msg/camera_info.h\n'}
[0.850929] (bolide_interfaces) StdoutLine: {'line': b'-- Up-to-date: /home/voiture/course_2025_slam_pkgs/workspace/install/bolide_interfaces/include/bolide_interfaces/bolide_interfaces/msg/rosidl_generator_c__visibility_control.h\n'}
[0.851073] (bolide_interfaces) StdoutLine: {'line': b'-- Up-to-date: /home/voiture/course_2025_slam_pkgs/workspace/install/bolide_interfaces/include/bolide_interfaces/bolide_interfaces/msg/detail\n'}
[0.851161] (bolide_interfaces) StdoutLine: {'line': b'-- Up-to-date: /home/voiture/course_2025_slam_pkgs/workspace/install/bolide_interfaces/include/bolide_interfaces/bolide_interfaces/msg/detail/multiple_range__functions.h\n'}
[0.851246] (bolide_interfaces) StdoutLine: {'line': b'-- Installing: /home/voiture/course_2025_slam_pkgs/workspace/install/bolide_interfaces/include/bolide_interfaces/bolide_interfaces/msg/detail/multiple_range__type_support.c\n'}
[0.851328] (bolide_interfaces) StdoutLine: {'line': b'-- Up-to-date: /home/voiture/course_2025_slam_pkgs/workspace/install/bolide_interfaces/include/bolide_interfaces/bolide_interfaces/msg/detail/camera_info__type_support.h\n'}
[0.851410] (bolide_interfaces) StdoutLine: {'line': b'-- Up-to-date: /home/voiture/course_2025_slam_pkgs/workspace/install/bolide_interfaces/include/bolide_interfaces/bolide_interfaces/msg/detail/multiple_range__struct.h\n'}
[0.851491] (bolide_interfaces) StdoutLine: {'line': b'-- Up-to-date: /home/voiture/course_2025_slam_pkgs/workspace/install/bolide_interfaces/include/bolide_interfaces/bolide_interfaces/msg/detail/fork_speed__type_support.h\n'}
[0.851572] (bolide_interfaces) StdoutLine: {'line': b'-- Up-to-date: /home/voiture/course_2025_slam_pkgs/workspace/install/bolide_interfaces/include/bolide_interfaces/bolide_interfaces/msg/detail/multiple_range__description.c\n'}
[0.851651] (bolide_interfaces) StdoutLine: {'line': b'-- Up-to-date: /home/voiture/course_2025_slam_pkgs/workspace/install/bolide_interfaces/include/bolide_interfaces/bolide_interfaces/msg/detail/speed_direction__type_support.h\n'}
[0.851730] (bolide_interfaces) StdoutLine: {'line': b'-- Installing: /home/voiture/course_2025_slam_pkgs/workspace/install/bolide_interfaces/include/bolide_interfaces/bolide_interfaces/msg/detail/fork_speed__type_support.c\n'}
[0.851822] (bolide_interfaces) StdoutLine: {'line': b'-- Installing: /home/voiture/course_2025_slam_pkgs/workspace/install/bolide_interfaces/include/bolide_interfaces/bolide_interfaces/msg/detail/camera_info__type_support.c\n'}
[0.851930] (bolide_interfaces) StdoutLine: {'line': b'-- Up-to-date: /home/voiture/course_2025_slam_pkgs/workspace/install/bolide_interfaces/include/bolide_interfaces/bolide_interfaces/msg/detail/fork_speed__functions.c\n'}
[0.852016] (bolide_interfaces) StdoutLine: {'line': b'-- Up-to-date: /home/voiture/course_2025_slam_pkgs/workspace/install/bolide_interfaces/include/bolide_interfaces/bolide_interfaces/msg/detail/fork_speed__struct.h\n'}
[0.852096] (bolide_interfaces) StdoutLine: {'line': b'-- Installing: /home/voiture/course_2025_slam_pkgs/workspace/install/bolide_interfaces/include/bolide_interfaces/bolide_interfaces/msg/detail/speed_direction__type_support.c\n'}
[0.852174] (bolide_interfaces) StdoutLine: {'line': b'-- Up-to-date: /home/voiture/course_2025_slam_pkgs/workspace/install/bolide_interfaces/include/bolide_interfaces/bolide_interfaces/msg/detail/fork_speed__description.c\n'}
[0.852265] (bolide_interfaces) StdoutLine: {'line': b'-- Up-to-date: /home/voiture/course_2025_slam_pkgs/workspace/install/bolide_interfaces/include/bolide_interfaces/bolide_interfaces/msg/detail/camera_info__functions.c\n'}
[0.852344] (bolide_interfaces) StdoutLine: {'line': b'-- Up-to-date: /home/voiture/course_2025_slam_pkgs/workspace/install/bolide_interfaces/include/bolide_interfaces/bolide_interfaces/msg/detail/speed_direction__functions.h\n'}
[0.852424] (bolide_interfaces) StdoutLine: {'line': b'-- Up-to-date: /home/voiture/course_2025_slam_pkgs/workspace/install/bolide_interfaces/include/bolide_interfaces/bolide_interfaces/msg/detail/fork_speed__functions.h\n'}
[0.852502] (bolide_interfaces) StdoutLine: {'line': b'-- Up-to-date: /home/voiture/course_2025_slam_pkgs/workspace/install/bolide_interfaces/include/bolide_interfaces/bolide_interfaces/msg/detail/speed_direction__functions.c\n'}
[0.852580] (bolide_interfaces) StdoutLine: {'line': b'-- Up-to-date: /home/voiture/course_2025_slam_pkgs/workspace/install/bolide_interfaces/include/bolide_interfaces/bolide_interfaces/msg/detail/camera_info__struct.h\n'}
[0.852662] (bolide_interfaces) StdoutLine: {'line': b'-- Up-to-date: /home/voiture/course_2025_slam_pkgs/workspace/install/bolide_interfaces/include/bolide_interfaces/bolide_interfaces/msg/detail/speed_direction__description.c\n'}
[0.852740] (bolide_interfaces) StdoutLine: {'line': b'-- Up-to-date: /home/voiture/course_2025_slam_pkgs/workspace/install/bolide_interfaces/include/bolide_interfaces/bolide_interfaces/msg/detail/camera_info__description.c\n'}
[0.852818] (bolide_interfaces) StdoutLine: {'line': b'-- Up-to-date: /home/voiture/course_2025_slam_pkgs/workspace/install/bolide_interfaces/include/bolide_interfaces/bolide_interfaces/msg/detail/speed_direction__struct.h\n'}
[0.853028] (bolide_interfaces) StdoutLine: {'line': b'-- Up-to-date: /home/voiture/course_2025_slam_pkgs/workspace/install/bolide_interfaces/include/bolide_interfaces/bolide_interfaces/msg/detail/camera_info__functions.h\n'}
[0.853131] (bolide_interfaces) StdoutLine: {'line': b'-- Up-to-date: /home/voiture/course_2025_slam_pkgs/workspace/install/bolide_interfaces/include/bolide_interfaces/bolide_interfaces/msg/detail/multiple_range__functions.c\n'}
[0.853239] (bolide_interfaces) StdoutLine: {'line': b'-- Up-to-date: /home/voiture/course_2025_slam_pkgs/workspace/install/bolide_interfaces/include/bolide_interfaces/bolide_interfaces/msg/detail/multiple_range__type_support.h\n'}
[0.853320] (bolide_interfaces) StdoutLine: {'line': b'-- Up-to-date: /home/voiture/course_2025_slam_pkgs/workspace/install/bolide_interfaces/include/bolide_interfaces/bolide_interfaces/msg/speed_direction.h\n'}
[0.853399] (bolide_interfaces) StdoutLine: {'line': b'-- Up-to-date: /home/voiture/course_2025_slam_pkgs/workspace/install/bolide_interfaces/include/bolide_interfaces/bolide_interfaces/msg/multiple_range.h\n'}
[0.853478] (bolide_interfaces) StdoutLine: {'line': b'-- Up-to-date: /home/voiture/course_2025_slam_pkgs/workspace/install/bolide_interfaces/include/bolide_interfaces/bolide_interfaces/msg/fork_speed.h\n'}
[0.853555] (bolide_interfaces) StdoutLine: {'line': b'-- Up-to-date: /home/voiture/course_2025_slam_pkgs/workspace/install/bolide_interfaces/share/bolide_interfaces/environment/library_path.sh\n'}
[0.853633] (bolide_interfaces) StdoutLine: {'line': b'-- Up-to-date: /home/voiture/course_2025_slam_pkgs/workspace/install/bolide_interfaces/share/bolide_interfaces/environment/library_path.dsv\n'}
[0.853710] (bolide_interfaces) StdoutLine: {'line': b'-- Up-to-date: /home/voiture/course_2025_slam_pkgs/workspace/install/bolide_interfaces/lib/libbolide_interfaces__rosidl_generator_c.so\n'}
[0.853788] (bolide_interfaces) StdoutLine: {'line': b'-- Up-to-date: /home/voiture/course_2025_slam_pkgs/workspace/install/bolide_interfaces/include/bolide_interfaces/bolide_interfaces\n'}
[0.853868] (bolide_interfaces) StdoutLine: {'line': b'-- Up-to-date: /home/voiture/course_2025_slam_pkgs/workspace/install/bolide_interfaces/include/bolide_interfaces/bolide_interfaces/srv\n'}
[0.854142] (bolide_interfaces) StdoutLine: {'line': b'-- Up-to-date: /home/voiture/course_2025_slam_pkgs/workspace/install/bolide_interfaces/include/bolide_interfaces/bolide_interfaces/srv/detail\n'}
[0.854244] (bolide_interfaces) StdoutLine: {'line': b'-- Up-to-date: /home/voiture/course_2025_slam_pkgs/workspace/install/bolide_interfaces/include/bolide_interfaces/bolide_interfaces/srv/detail/launch_ekf__rosidl_typesupport_fastrtps_c.h\n'}
[0.854335] (bolide_interfaces) StdoutLine: {'line': b'-- Up-to-date: /home/voiture/course_2025_slam_pkgs/workspace/install/bolide_interfaces/include/bolide_interfaces/bolide_interfaces/msg\n'}
[0.854421] (bolide_interfaces) StdoutLine: {'line': b'-- Up-to-date: /home/voiture/course_2025_slam_pkgs/workspace/install/bolide_interfaces/include/bolide_interfaces/bolide_interfaces/msg/rosidl_typesupport_fastrtps_c__visibility_control.h\n'}
[0.854511] (bolide_interfaces) StdoutLine: {'line': b'-- Up-to-date: /home/voiture/course_2025_slam_pkgs/workspace/install/bolide_interfaces/include/bolide_interfaces/bolide_interfaces/msg/detail\n'}
[0.854601] (bolide_interfaces) StdoutLine: {'line': b'-- Up-to-date: /home/voiture/course_2025_slam_pkgs/workspace/install/bolide_interfaces/include/bolide_interfaces/bolide_interfaces/msg/detail/fork_speed__rosidl_typesupport_fastrtps_c.h\n'}
[0.854689] (bolide_interfaces) StdoutLine: {'line': b'-- Up-to-date: /home/voiture/course_2025_slam_pkgs/workspace/install/bolide_interfaces/include/bolide_interfaces/bolide_interfaces/msg/detail/speed_direction__rosidl_typesupport_fastrtps_c.h\n'}
[0.854785] (bolide_interfaces) StdoutLine: {'line': b'-- Up-to-date: /home/voiture/course_2025_slam_pkgs/workspace/install/bolide_interfaces/include/bolide_interfaces/bolide_interfaces/msg/detail/camera_info__rosidl_typesupport_fastrtps_c.h\n'}
[0.854881] (bolide_interfaces) StdoutLine: {'line': b'-- Up-to-date: /home/voiture/course_2025_slam_pkgs/workspace/install/bolide_interfaces/include/bolide_interfaces/bolide_interfaces/msg/detail/multiple_range__rosidl_typesupport_fastrtps_c.h\n'}
[0.855029] (bolide_interfaces) StdoutLine: {'line': b'-- Up-to-date: /home/voiture/course_2025_slam_pkgs/workspace/install/bolide_interfaces/lib/libbolide_interfaces__rosidl_typesupport_fastrtps_c.so\n'}
[0.855125] (bolide_interfaces) StdoutLine: {'line': b'-- Up-to-date: /home/voiture/course_2025_slam_pkgs/workspace/install/bolide_interfaces/include/bolide_interfaces/bolide_interfaces\n'}
[0.855214] (bolide_interfaces) StdoutLine: {'line': b'-- Up-to-date: /home/voiture/course_2025_slam_pkgs/workspace/install/bolide_interfaces/include/bolide_interfaces/bolide_interfaces/srv\n'}
[0.855341] (bolide_interfaces) StdoutLine: {'line': b'-- Up-to-date: /home/voiture/course_2025_slam_pkgs/workspace/install/bolide_interfaces/include/bolide_interfaces/bolide_interfaces/srv/launch_ekf.hpp\n'}
[0.855428] (bolide_interfaces) StdoutLine: {'line': b'-- Up-to-date: /home/voiture/course_2025_slam_pkgs/workspace/install/bolide_interfaces/include/bolide_interfaces/bolide_interfaces/srv/detail\n'}
[0.855544] (bolide_interfaces) StdoutLine: {'line': b'-- Up-to-date: /home/voiture/course_2025_slam_pkgs/workspace/install/bolide_interfaces/include/bolide_interfaces/bolide_interfaces/srv/detail/launch_ekf__type_support.hpp\n'}
[0.855636] (bolide_interfaces) StdoutLine: {'line': b'-- Up-to-date: /home/voiture/course_2025_slam_pkgs/workspace/install/bolide_interfaces/include/bolide_interfaces/bolide_interfaces/srv/detail/launch_ekf__builder.hpp\n'}
[0.855725] (bolide_interfaces) StdoutLine: {'line': b'-- Up-to-date: /home/voiture/course_2025_slam_pkgs/workspace/install/bolide_interfaces/include/bolide_interfaces/bolide_interfaces/srv/detail/launch_ekf__struct.hpp\n'}
[0.855851] (bolide_interfaces) StdoutLine: {'line': b'-- Up-to-date: /home/voiture/course_2025_slam_pkgs/workspace/install/bolide_interfaces/include/bolide_interfaces/bolide_interfaces/srv/detail/launch_ekf__traits.hpp\n'}
[0.855980] (bolide_interfaces) StdoutLine: {'line': b'-- Up-to-date: /home/voiture/course_2025_slam_pkgs/workspace/install/bolide_interfaces/include/bolide_interfaces/bolide_interfaces/msg\n'}
[0.856082] (bolide_interfaces) StdoutLine: {'line': b'-- Up-to-date: /home/voiture/course_2025_slam_pkgs/workspace/install/bolide_interfaces/include/bolide_interfaces/bolide_interfaces/msg/speed_direction.hpp\n'}
[0.856192] (bolide_interfaces) StdoutLine: {'line': b'-- Up-to-date: /home/voiture/course_2025_slam_pkgs/workspace/install/bolide_interfaces/include/bolide_interfaces/bolide_interfaces/msg/multiple_range.hpp\n'}
[0.856279] (bolide_interfaces) StdoutLine: {'line': b'-- Up-to-date: /home/voiture/course_2025_slam_pkgs/workspace/install/bolide_interfaces/include/bolide_interfaces/bolide_interfaces/msg/detail\n'}
[0.856368] (bolide_interfaces) StdoutLine: {'line': b'-- Up-to-date: /home/voiture/course_2025_slam_pkgs/workspace/install/bolide_interfaces/include/bolide_interfaces/bolide_interfaces/msg/detail/multiple_range__traits.hpp\n'}
[0.856457] (bolide_interfaces) StdoutLine: {'line': b'-- Up-to-date: /home/voiture/course_2025_slam_pkgs/workspace/install/bolide_interfaces/include/bolide_interfaces/bolide_interfaces/msg/detail/multiple_range__builder.hpp\n'}
[0.856592] (bolide_interfaces) StdoutLine: {'line': b'-- Up-to-date: /home/voiture/course_2025_slam_pkgs/workspace/install/bolide_interfaces/include/bolide_interfaces/bolide_interfaces/msg/detail/camera_info__struct.hpp\n'}
[0.856680] (bolide_interfaces) StdoutLine: {'line': b'-- Up-to-date: /home/voiture/course_2025_slam_pkgs/workspace/install/bolide_interfaces/include/bolide_interfaces/bolide_interfaces/msg/detail/fork_speed__struct.hpp\n'}
[0.856763] (bolide_interfaces) StdoutLine: {'line': b'-- Up-to-date: /home/voiture/course_2025_slam_pkgs/workspace/install/bolide_interfaces/include/bolide_interfaces/bolide_interfaces/msg/detail/speed_direction__traits.hpp\n'}
[0.856854] (bolide_interfaces) StdoutLine: {'line': b'-- Up-to-date: /home/voiture/course_2025_slam_pkgs/workspace/install/bolide_interfaces/include/bolide_interfaces/bolide_interfaces/msg/detail/multiple_range__type_support.hpp\n'}
[0.856981] (bolide_interfaces) StdoutLine: {'line': b'-- Up-to-date: /home/voiture/course_2025_slam_pkgs/workspace/install/bolide_interfaces/include/bolide_interfaces/bolide_interfaces/msg/detail/speed_direction__type_support.hpp\n'}
[0.857072] (bolide_interfaces) StdoutLine: {'line': b'-- Up-to-date: /home/voiture/course_2025_slam_pkgs/workspace/install/bolide_interfaces/include/bolide_interfaces/bolide_interfaces/msg/detail/speed_direction__struct.hpp\n'}
[0.857154] (bolide_interfaces) StdoutLine: {'line': b'-- Up-to-date: /home/voiture/course_2025_slam_pkgs/workspace/install/bolide_interfaces/include/bolide_interfaces/bolide_interfaces/msg/detail/camera_info__builder.hpp\n'}
[0.857236] (bolide_interfaces) StdoutLine: {'line': b'-- Up-to-date: /home/voiture/course_2025_slam_pkgs/workspace/install/bolide_interfaces/include/bolide_interfaces/bolide_interfaces/msg/detail/camera_info__traits.hpp\n'}
[0.857327] (bolide_interfaces) StdoutLine: {'line': b'-- Up-to-date: /home/voiture/course_2025_slam_pkgs/workspace/install/bolide_interfaces/include/bolide_interfaces/bolide_interfaces/msg/detail/fork_speed__builder.hpp\n'}
[0.857412] (bolide_interfaces) StdoutLine: {'line': b'-- Up-to-date: /home/voiture/course_2025_slam_pkgs/workspace/install/bolide_interfaces/include/bolide_interfaces/bolide_interfaces/msg/detail/fork_speed__traits.hpp\n'}
[0.857500] (bolide_interfaces) StdoutLine: {'line': b'-- Up-to-date: /home/voiture/course_2025_slam_pkgs/workspace/install/bolide_interfaces/include/bolide_interfaces/bolide_interfaces/msg/detail/camera_info__type_support.hpp\n'}
[0.857623] (bolide_interfaces) StdoutLine: {'line': b'-- Up-to-date: /home/voiture/course_2025_slam_pkgs/workspace/install/bolide_interfaces/include/bolide_interfaces/bolide_interfaces/msg/detail/speed_direction__builder.hpp\n'}
[0.857713] (bolide_interfaces) StdoutLine: {'line': b'-- Up-to-date: /home/voiture/course_2025_slam_pkgs/workspace/install/bolide_interfaces/include/bolide_interfaces/bolide_interfaces/msg/detail/fork_speed__type_support.hpp\n'}
[0.857870] (bolide_interfaces) StdoutLine: {'line': b'-- Up-to-date: /home/voiture/course_2025_slam_pkgs/workspace/install/bolide_interfaces/include/bolide_interfaces/bolide_interfaces/msg/detail/multiple_range__struct.hpp\n'}
[0.858050] (bolide_interfaces) StdoutLine: {'line': b'-- Up-to-date: /home/voiture/course_2025_slam_pkgs/workspace/install/bolide_interfaces/include/bolide_interfaces/bolide_interfaces/msg/rosidl_generator_cpp__visibility_control.hpp\n'}
[0.858144] (bolide_interfaces) StdoutLine: {'line': b'-- Up-to-date: /home/voiture/course_2025_slam_pkgs/workspace/install/bolide_interfaces/include/bolide_interfaces/bolide_interfaces/msg/fork_speed.hpp\n'}
[0.858225] (bolide_interfaces) StdoutLine: {'line': b'-- Up-to-date: /home/voiture/course_2025_slam_pkgs/workspace/install/bolide_interfaces/include/bolide_interfaces/bolide_interfaces/msg/camera_info.hpp\n'}
[0.858312] (bolide_interfaces) StdoutLine: {'line': b'-- Up-to-date: /home/voiture/course_2025_slam_pkgs/workspace/install/bolide_interfaces/include/bolide_interfaces/bolide_interfaces\n'}
[0.858422] (bolide_interfaces) StdoutLine: {'line': b'-- Up-to-date: /home/voiture/course_2025_slam_pkgs/workspace/install/bolide_interfaces/include/bolide_interfaces/bolide_interfaces/srv\n'}
[0.858503] (bolide_interfaces) StdoutLine: {'line': b'-- Up-to-date: /home/voiture/course_2025_slam_pkgs/workspace/install/bolide_interfaces/include/bolide_interfaces/bolide_interfaces/srv/detail\n'}
[0.858581] (bolide_interfaces) StdoutLine: {'line': b'-- Up-to-date: /home/voiture/course_2025_slam_pkgs/workspace/install/bolide_interfaces/include/bolide_interfaces/bolide_interfaces/srv/detail/dds_fastrtps\n'}
[0.858663] (bolide_interfaces) StdoutLine: {'line': b'-- Up-to-date: /home/voiture/course_2025_slam_pkgs/workspace/install/bolide_interfaces/include/bolide_interfaces/bolide_interfaces/srv/detail/launch_ekf__rosidl_typesupport_fastrtps_cpp.hpp\n'}
[0.858770] (bolide_interfaces) StdoutLine: {'line': b'-- Up-to-date: /home/voiture/course_2025_slam_pkgs/workspace/install/bolide_interfaces/include/bolide_interfaces/bolide_interfaces/msg\n'}
[0.858854] (bolide_interfaces) StdoutLine: {'line': b'-- Up-to-date: /home/voiture/course_2025_slam_pkgs/workspace/install/bolide_interfaces/include/bolide_interfaces/bolide_interfaces/msg/detail\n'}
[0.858966] (bolide_interfaces) StdoutLine: {'line': b'-- Up-to-date: /home/voiture/course_2025_slam_pkgs/workspace/install/bolide_interfaces/include/bolide_interfaces/bolide_interfaces/msg/detail/multiple_range__rosidl_typesupport_fastrtps_cpp.hpp\n'}
[0.859064] (bolide_interfaces) StdoutLine: {'line': b'-- Up-to-date: /home/voiture/course_2025_slam_pkgs/workspace/install/bolide_interfaces/include/bolide_interfaces/bolide_interfaces/msg/detail/dds_fastrtps\n'}
[0.859157] (bolide_interfaces) StdoutLine: {'line': b'-- Up-to-date: /home/voiture/course_2025_slam_pkgs/workspace/install/bolide_interfaces/include/bolide_interfaces/bolide_interfaces/msg/detail/speed_direction__rosidl_typesupport_fastrtps_cpp.hpp\n'}
[0.859247] (bolide_interfaces) StdoutLine: {'line': b'-- Up-to-date: /home/voiture/course_2025_slam_pkgs/workspace/install/bolide_interfaces/include/bolide_interfaces/bolide_interfaces/msg/detail/camera_info__rosidl_typesupport_fastrtps_cpp.hpp\n'}
[0.859339] (bolide_interfaces) StdoutLine: {'line': b'-- Up-to-date: /home/voiture/course_2025_slam_pkgs/workspace/install/bolide_interfaces/include/bolide_interfaces/bolide_interfaces/msg/detail/fork_speed__rosidl_typesupport_fastrtps_cpp.hpp\n'}
[0.859429] (bolide_interfaces) StdoutLine: {'line': b'-- Up-to-date: /home/voiture/course_2025_slam_pkgs/workspace/install/bolide_interfaces/include/bolide_interfaces/bolide_interfaces/msg/rosidl_typesupport_fastrtps_cpp__visibility_control.h\n'}
[0.859515] (bolide_interfaces) StdoutLine: {'line': b'-- Up-to-date: /home/voiture/course_2025_slam_pkgs/workspace/install/bolide_interfaces/lib/libbolide_interfaces__rosidl_typesupport_fastrtps_cpp.so\n'}
[0.859602] (bolide_interfaces) StdoutLine: {'line': b'-- Up-to-date: /home/voiture/course_2025_slam_pkgs/workspace/install/bolide_interfaces/include/bolide_interfaces/bolide_interfaces\n'}
[0.859707] (bolide_interfaces) StdoutLine: {'line': b'-- Up-to-date: /home/voiture/course_2025_slam_pkgs/workspace/install/bolide_interfaces/include/bolide_interfaces/bolide_interfaces/srv\n'}
[0.859838] (bolide_interfaces) StdoutLine: {'line': b'-- Up-to-date: /home/voiture/course_2025_slam_pkgs/workspace/install/bolide_interfaces/include/bolide_interfaces/bolide_interfaces/srv/detail\n'}
[0.859939] (bolide_interfaces) StdoutLine: {'line': b'-- Installing: /home/voiture/course_2025_slam_pkgs/workspace/install/bolide_interfaces/include/bolide_interfaces/bolide_interfaces/srv/detail/launch_ekf__type_support.c\n'}
[0.860030] (bolide_interfaces) StdoutLine: {'line': b'-- Up-to-date: /home/voiture/course_2025_slam_pkgs/workspace/install/bolide_interfaces/include/bolide_interfaces/bolide_interfaces/srv/detail/launch_ekf__rosidl_typesupport_introspection_c.h\n'}
[0.860126] (bolide_interfaces) StdoutLine: {'line': b'-- Up-to-date: /home/voiture/course_2025_slam_pkgs/workspace/install/bolide_interfaces/include/bolide_interfaces/bolide_interfaces/msg\n'}
[0.860259] (bolide_interfaces) StdoutLine: {'line': b'-- Up-to-date: /home/voiture/course_2025_slam_pkgs/workspace/install/bolide_interfaces/include/bolide_interfaces/bolide_interfaces/msg/detail\n'}
[0.860365] (bolide_interfaces) StdoutLine: {'line': b'-- Installing: /home/voiture/course_2025_slam_pkgs/workspace/install/bolide_interfaces/include/bolide_interfaces/bolide_interfaces/msg/detail/multiple_range__type_support.c\n'}
[0.860453] (bolide_interfaces) StdoutLine: {'line': b'-- Up-to-date: /home/voiture/course_2025_slam_pkgs/workspace/install/bolide_interfaces/include/bolide_interfaces/bolide_interfaces/msg/detail/fork_speed__rosidl_typesupport_introspection_c.h\n'}
[0.860539] (bolide_interfaces) StdoutLine: {'line': b'-- Up-to-date: /home/voiture/course_2025_slam_pkgs/workspace/install/bolide_interfaces/include/bolide_interfaces/bolide_interfaces/msg/detail/multiple_range__rosidl_typesupport_introspection_c.h\n'}
[0.860680] (bolide_interfaces) StdoutLine: {'line': b'-- Installing: /home/voiture/course_2025_slam_pkgs/workspace/install/bolide_interfaces/include/bolide_interfaces/bolide_interfaces/msg/detail/fork_speed__type_support.c\n'}
[0.860769] (bolide_interfaces) StdoutLine: {'line': b'-- Installing: /home/voiture/course_2025_slam_pkgs/workspace/install/bolide_interfaces/include/bolide_interfaces/bolide_interfaces/msg/detail/camera_info__type_support.c\n'}
[0.860922] (bolide_interfaces) StdoutLine: {'line': b'-- Installing: /home/voiture/course_2025_slam_pkgs/workspace/install/bolide_interfaces/include/bolide_interfaces/bolide_interfaces/msg/detail/speed_direction__type_support.c\n'}
[0.861019] (bolide_interfaces) StdoutLine: {'line': b'-- Up-to-date: /home/voiture/course_2025_slam_pkgs/workspace/install/bolide_interfaces/include/bolide_interfaces/bolide_interfaces/msg/detail/camera_info__rosidl_typesupport_introspection_c.h\n'}
[0.861101] (bolide_interfaces) StdoutLine: {'line': b'-- Up-to-date: /home/voiture/course_2025_slam_pkgs/workspace/install/bolide_interfaces/include/bolide_interfaces/bolide_interfaces/msg/detail/speed_direction__rosidl_typesupport_introspection_c.h\n'}
[0.861179] (bolide_interfaces) StdoutLine: {'line': b'-- Up-to-date: /home/voiture/course_2025_slam_pkgs/workspace/install/bolide_interfaces/include/bolide_interfaces/bolide_interfaces/msg/rosidl_typesupport_introspection_c__visibility_control.h\n'}
[0.861270] (bolide_interfaces) StdoutLine: {'line': b'-- Up-to-date: /home/voiture/course_2025_slam_pkgs/workspace/install/bolide_interfaces/lib/libbolide_interfaces__rosidl_typesupport_introspection_c.so\n'}
[0.861351] (bolide_interfaces) StdoutLine: {'line': b'-- Up-to-date: /home/voiture/course_2025_slam_pkgs/workspace/install/bolide_interfaces/lib/libbolide_interfaces__rosidl_typesupport_c.so\n'}
[0.861428] (bolide_interfaces) StdoutLine: {'line': b'-- Up-to-date: /home/voiture/course_2025_slam_pkgs/workspace/install/bolide_interfaces/include/bolide_interfaces/bolide_interfaces\n'}
[0.861519] (bolide_interfaces) StdoutLine: {'line': b'-- Up-to-date: /home/voiture/course_2025_slam_pkgs/workspace/install/bolide_interfaces/include/bolide_interfaces/bolide_interfaces/srv\n'}
[0.861596] (bolide_interfaces) StdoutLine: {'line': b'-- Up-to-date: /home/voiture/course_2025_slam_pkgs/workspace/install/bolide_interfaces/include/bolide_interfaces/bolide_interfaces/srv/detail\n'}
[0.861674] (bolide_interfaces) StdoutLine: {'line': b'-- Up-to-date: /home/voiture/course_2025_slam_pkgs/workspace/install/bolide_interfaces/include/bolide_interfaces/bolide_interfaces/srv/detail/launch_ekf__rosidl_typesupport_introspection_cpp.hpp\n'}
[0.861755] (bolide_interfaces) StdoutLine: {'line': b'-- Up-to-date: /home/voiture/course_2025_slam_pkgs/workspace/install/bolide_interfaces/include/bolide_interfaces/bolide_interfaces/srv/detail/launch_ekf__type_support.cpp\n'}
[0.861843] (bolide_interfaces) StdoutLine: {'line': b'-- Up-to-date: /home/voiture/course_2025_slam_pkgs/workspace/install/bolide_interfaces/include/bolide_interfaces/bolide_interfaces/msg\n'}
[0.861952] (bolide_interfaces) StdoutLine: {'line': b'-- Up-to-date: /home/voiture/course_2025_slam_pkgs/workspace/install/bolide_interfaces/include/bolide_interfaces/bolide_interfaces/msg/detail\n'}
[0.862039] (bolide_interfaces) StdoutLine: {'line': b'-- Up-to-date: /home/voiture/course_2025_slam_pkgs/workspace/install/bolide_interfaces/include/bolide_interfaces/bolide_interfaces/msg/detail/multiple_range__rosidl_typesupport_introspection_cpp.hpp\n'}
[0.862124] (bolide_interfaces) StdoutLine: {'line': b'-- Up-to-date: /home/voiture/course_2025_slam_pkgs/workspace/install/bolide_interfaces/include/bolide_interfaces/bolide_interfaces/msg/detail/speed_direction__type_support.cpp\n'}
[0.862207] (bolide_interfaces) StdoutLine: {'line': b'-- Up-to-date: /home/voiture/course_2025_slam_pkgs/workspace/install/bolide_interfaces/include/bolide_interfaces/bolide_interfaces/msg/detail/speed_direction__rosidl_typesupport_introspection_cpp.hpp\n'}
[0.862289] (bolide_interfaces) StdoutLine: {'line': b'-- Up-to-date: /home/voiture/course_2025_slam_pkgs/workspace/install/bolide_interfaces/include/bolide_interfaces/bolide_interfaces/msg/detail/camera_info__type_support.cpp\n'}
[0.862369] (bolide_interfaces) StdoutLine: {'line': b'-- Up-to-date: /home/voiture/course_2025_slam_pkgs/workspace/install/bolide_interfaces/include/bolide_interfaces/bolide_interfaces/msg/detail/fork_speed__type_support.cpp\n'}
[0.862446] (bolide_interfaces) StdoutLine: {'line': b'-- Up-to-date: /home/voiture/course_2025_slam_pkgs/workspace/install/bolide_interfaces/include/bolide_interfaces/bolide_interfaces/msg/detail/camera_info__rosidl_typesupport_introspection_cpp.hpp\n'}
[0.862524] (bolide_interfaces) StdoutLine: {'line': b'-- Up-to-date: /home/voiture/course_2025_slam_pkgs/workspace/install/bolide_interfaces/include/bolide_interfaces/bolide_interfaces/msg/detail/fork_speed__rosidl_typesupport_introspection_cpp.hpp\n'}
[0.862602] (bolide_interfaces) StdoutLine: {'line': b'-- Up-to-date: /home/voiture/course_2025_slam_pkgs/workspace/install/bolide_interfaces/include/bolide_interfaces/bolide_interfaces/msg/detail/multiple_range__type_support.cpp\n'}
[0.862682] (bolide_interfaces) StdoutLine: {'line': b'-- Up-to-date: /home/voiture/course_2025_slam_pkgs/workspace/install/bolide_interfaces/lib/libbolide_interfaces__rosidl_typesupport_introspection_cpp.so\n'}
[0.862760] (bolide_interfaces) StdoutLine: {'line': b'-- Up-to-date: /home/voiture/course_2025_slam_pkgs/workspace/install/bolide_interfaces/lib/libbolide_interfaces__rosidl_typesupport_cpp.so\n'}
[0.862837] (bolide_interfaces) StdoutLine: {'line': b'-- Up-to-date: /home/voiture/course_2025_slam_pkgs/workspace/install/bolide_interfaces/share/bolide_interfaces/environment/pythonpath.sh\n'}
[0.862938] (bolide_interfaces) StdoutLine: {'line': b'-- Up-to-date: /home/voiture/course_2025_slam_pkgs/workspace/install/bolide_interfaces/share/bolide_interfaces/environment/pythonpath.dsv\n'}
[0.863063] (bolide_interfaces) StdoutLine: {'line': b'-- Up-to-date: /home/voiture/course_2025_slam_pkgs/workspace/install/bolide_interfaces/lib/python3.12/site-packages/bolide_interfaces-0.1.0-py3.12.egg-info\n'}
[0.863165] (bolide_interfaces) StdoutLine: {'line': b'-- Installing: /home/voiture/course_2025_slam_pkgs/workspace/install/bolide_interfaces/lib/python3.12/site-packages/bolide_interfaces-0.1.0-py3.12.egg-info/dependency_links.txt\n'}
[0.863247] (bolide_interfaces) StdoutLine: {'line': b'-- Installing: /home/voiture/course_2025_slam_pkgs/workspace/install/bolide_interfaces/lib/python3.12/site-packages/bolide_interfaces-0.1.0-py3.12.egg-info/PKG-INFO\n'}
[0.863339] (bolide_interfaces) StdoutLine: {'line': b'-- Installing: /home/voiture/course_2025_slam_pkgs/workspace/install/bolide_interfaces/lib/python3.12/site-packages/bolide_interfaces-0.1.0-py3.12.egg-info/top_level.txt\n'}
[0.863420] (bolide_interfaces) StdoutLine: {'line': b'-- Installing: /home/voiture/course_2025_slam_pkgs/workspace/install/bolide_interfaces/lib/python3.12/site-packages/bolide_interfaces-0.1.0-py3.12.egg-info/SOURCES.txt\n'}
[0.863499] (bolide_interfaces) StdoutLine: {'line': b'-- Up-to-date: /home/voiture/course_2025_slam_pkgs/workspace/install/bolide_interfaces/lib/python3.12/site-packages/bolide_interfaces\n'}
[0.863577] (bolide_interfaces) StdoutLine: {'line': b'-- Up-to-date: /home/voiture/course_2025_slam_pkgs/workspace/install/bolide_interfaces/lib/python3.12/site-packages/bolide_interfaces/_bolide_interfaces_s.ep.rosidl_typesupport_introspection_c.c\n'}
[0.863658] (bolide_interfaces) StdoutLine: {'line': b'-- Up-to-date: /home/voiture/course_2025_slam_pkgs/workspace/install/bolide_interfaces/lib/python3.12/site-packages/bolide_interfaces/srv\n'}
[0.863738] (bolide_interfaces) StdoutLine: {'line': b'-- Up-to-date: /home/voiture/course_2025_slam_pkgs/workspace/install/bolide_interfaces/lib/python3.12/site-packages/bolide_interfaces/srv/_launch_ekf.py\n'}
[0.863820] (bolide_interfaces) StdoutLine: {'line': b'-- Up-to-date: /home/voiture/course_2025_slam_pkgs/workspace/install/bolide_interfaces/lib/python3.12/site-packages/bolide_interfaces/srv/_launch_ekf_s.c\n'}
[0.863917] (bolide_interfaces) StdoutLine: {'line': b'-- Up-to-date: /home/voiture/course_2025_slam_pkgs/workspace/install/bolide_interfaces/lib/python3.12/site-packages/bolide_interfaces/srv/__init__.py\n'}
[0.864007] (bolide_interfaces) StdoutLine: {'line': b'-- Up-to-date: /home/voiture/course_2025_slam_pkgs/workspace/install/bolide_interfaces/lib/python3.12/site-packages/bolide_interfaces/_bolide_interfaces_s.ep.rosidl_typesupport_c.c\n'}
[0.864089] (bolide_interfaces) StdoutLine: {'line': b'-- Up-to-date: /home/voiture/course_2025_slam_pkgs/workspace/install/bolide_interfaces/lib/python3.12/site-packages/bolide_interfaces/__init__.py\n'}
[0.864165] (bolide_interfaces) StdoutLine: {'line': b'-- Up-to-date: /home/voiture/course_2025_slam_pkgs/workspace/install/bolide_interfaces/lib/python3.12/site-packages/bolide_interfaces/bolide_interfaces_s__rosidl_typesupport_c.so\n'}
[0.864243] (bolide_interfaces) StdoutLine: {'line': b'-- Up-to-date: /home/voiture/course_2025_slam_pkgs/workspace/install/bolide_interfaces/lib/python3.12/site-packages/bolide_interfaces/msg\n'}
[0.864327] (bolide_interfaces) StdoutLine: {'line': b'-- Up-to-date: /home/voiture/course_2025_slam_pkgs/workspace/install/bolide_interfaces/lib/python3.12/site-packages/bolide_interfaces/msg/_multiple_range_s.c\n'}
[0.864415] (bolide_interfaces) StdoutLine: {'line': b'-- Up-to-date: /home/voiture/course_2025_slam_pkgs/workspace/install/bolide_interfaces/lib/python3.12/site-packages/bolide_interfaces/msg/_camera_info_s.c\n'}
[0.864499] (bolide_interfaces) StdoutLine: {'line': b'-- Up-to-date: /home/voiture/course_2025_slam_pkgs/workspace/install/bolide_interfaces/lib/python3.12/site-packages/bolide_interfaces/msg/_fork_speed_s.c\n'}
[0.864581] (bolide_interfaces) StdoutLine: {'line': b'-- Up-to-date: /home/voiture/course_2025_slam_pkgs/workspace/install/bolide_interfaces/lib/python3.12/site-packages/bolide_interfaces/msg/_camera_info.py\n'}
[0.864680] (bolide_interfaces) StdoutLine: {'line': b'-- Up-to-date: /home/voiture/course_2025_slam_pkgs/workspace/install/bolide_interfaces/lib/python3.12/site-packages/bolide_interfaces/msg/_fork_speed.py\n'}
[0.864764] (bolide_interfaces) StdoutLine: {'line': b'-- Up-to-date: /home/voiture/course_2025_slam_pkgs/workspace/install/bolide_interfaces/lib/python3.12/site-packages/bolide_interfaces/msg/_speed_direction_s.c\n'}
[0.864846] (bolide_interfaces) StdoutLine: {'line': b'-- Up-to-date: /home/voiture/course_2025_slam_pkgs/workspace/install/bolide_interfaces/lib/python3.12/site-packages/bolide_interfaces/msg/_speed_direction.py\n'}
[0.864952] (bolide_interfaces) StdoutLine: {'line': b'-- Up-to-date: /home/voiture/course_2025_slam_pkgs/workspace/install/bolide_interfaces/lib/python3.12/site-packages/bolide_interfaces/msg/__init__.py\n'}
[0.865040] (bolide_interfaces) StdoutLine: {'line': b'-- Up-to-date: /home/voiture/course_2025_slam_pkgs/workspace/install/bolide_interfaces/lib/python3.12/site-packages/bolide_interfaces/msg/_multiple_range.py\n'}
[0.865126] (bolide_interfaces) StdoutLine: {'line': b'-- Up-to-date: /home/voiture/course_2025_slam_pkgs/workspace/install/bolide_interfaces/lib/python3.12/site-packages/bolide_interfaces/bolide_interfaces_s__rosidl_typesupport_fastrtps_c.so\n'}
[0.865209] (bolide_interfaces) StdoutLine: {'line': b'-- Up-to-date: /home/voiture/course_2025_slam_pkgs/workspace/install/bolide_interfaces/lib/python3.12/site-packages/bolide_interfaces/_bolide_interfaces_s.ep.rosidl_typesupport_fastrtps_c.c\n'}
[0.865321] (bolide_interfaces) StdoutLine: {'line': b'-- Up-to-date: /home/voiture/course_2025_slam_pkgs/workspace/install/bolide_interfaces/lib/python3.12/site-packages/bolide_interfaces/bolide_interfaces_s__rosidl_typesupport_introspection_c.so\n'}
[0.906478] (-) TimerEvent: {}
[0.919038] (bolide_interfaces) StdoutLine: {'line': b"Listing '/home/voiture/course_2025_slam_pkgs/workspace/install/bolide_interfaces/lib/python3.12/site-packages/bolide_interfaces'...\n"}
[0.919348] (bolide_interfaces) StdoutLine: {'line': b"Listing '/home/voiture/course_2025_slam_pkgs/workspace/install/bolide_interfaces/lib/python3.12/site-packages/bolide_interfaces/msg'...\n"}
[0.919487] (bolide_interfaces) StdoutLine: {'line': b"Listing '/home/voiture/course_2025_slam_pkgs/workspace/install/bolide_interfaces/lib/python3.12/site-packages/bolide_interfaces/srv'...\n"}
[0.932479] (bolide_interfaces) StdoutLine: {'line': b'-- Up-to-date: /home/voiture/course_2025_slam_pkgs/workspace/install/bolide_interfaces/lib/python3.12/site-packages/bolide_interfaces/bolide_interfaces_s__rosidl_typesupport_fastrtps_c.so\n'}
[0.932934] (bolide_interfaces) StdoutLine: {'line': b'-- Up-to-date: /home/voiture/course_2025_slam_pkgs/workspace/install/bolide_interfaces/lib/python3.12/site-packages/bolide_interfaces/bolide_interfaces_s__rosidl_typesupport_introspection_c.so\n'}
[0.933427] (bolide_interfaces) StdoutLine: {'line': b'-- Up-to-date: /home/voiture/course_2025_slam_pkgs/workspace/install/bolide_interfaces/lib/python3.12/site-packages/bolide_interfaces/bolide_interfaces_s__rosidl_typesupport_c.so\n'}
[0.933939] (bolide_interfaces) StdoutLine: {'line': b'-- Up-to-date: /home/voiture/course_2025_slam_pkgs/workspace/install/bolide_interfaces/lib/libbolide_interfaces__rosidl_generator_py.so\n'}
[0.934236] (bolide_interfaces) StdoutLine: {'line': b'-- Up-to-date: /home/voiture/course_2025_slam_pkgs/workspace/install/bolide_interfaces/share/bolide_interfaces/msg/CameraInfo.idl\n'}
[0.934368] (bolide_interfaces) StdoutLine: {'line': b'-- Up-to-date: /home/voiture/course_2025_slam_pkgs/workspace/install/bolide_interfaces/share/bolide_interfaces/msg/ForkSpeed.idl\n'}
[0.934459] (bolide_interfaces) StdoutLine: {'line': b'-- Up-to-date: /home/voiture/course_2025_slam_pkgs/workspace/install/bolide_interfaces/share/bolide_interfaces/msg/MultipleRange.idl\n'}
[0.934593] (bolide_interfaces) StdoutLine: {'line': b'-- Up-to-date: /home/voiture/course_2025_slam_pkgs/workspace/install/bolide_interfaces/share/bolide_interfaces/msg/SpeedDirection.idl\n'}
[0.934733] (bolide_interfaces) StdoutLine: {'line': b'-- Up-to-date: /home/voiture/course_2025_slam_pkgs/workspace/install/bolide_interfaces/share/bolide_interfaces/srv/LaunchEkf.idl\n'}
[0.934821] (bolide_interfaces) StdoutLine: {'line': b'-- Up-to-date: /home/voiture/course_2025_slam_pkgs/workspace/install/bolide_interfaces/share/bolide_interfaces/msg/CameraInfo.msg\n'}
[0.934929] (bolide_interfaces) StdoutLine: {'line': b'-- Up-to-date: /home/voiture/course_2025_slam_pkgs/workspace/install/bolide_interfaces/share/bolide_interfaces/msg/ForkSpeed.msg\n'}
[0.935086] (bolide_interfaces) StdoutLine: {'line': b'-- Up-to-date: /home/voiture/course_2025_slam_pkgs/workspace/install/bolide_interfaces/share/bolide_interfaces/msg/MultipleRange.msg\n'}
[0.935187] (bolide_interfaces) StdoutLine: {'line': b'-- Up-to-date: /home/voiture/course_2025_slam_pkgs/workspace/install/bolide_interfaces/share/bolide_interfaces/msg/SpeedDirection.msg\n'}
[0.935267] (bolide_interfaces) StdoutLine: {'line': b'-- Up-to-date: /home/voiture/course_2025_slam_pkgs/workspace/install/bolide_interfaces/share/bolide_interfaces/srv/LaunchEkf.srv\n'}
[0.935345] (bolide_interfaces) StdoutLine: {'line': b'-- Up-to-date: /home/voiture/course_2025_slam_pkgs/workspace/install/bolide_interfaces/share/ament_index/resource_index/package_run_dependencies/bolide_interfaces\n'}
[0.935424] (bolide_interfaces) StdoutLine: {'line': b'-- Up-to-date: /home/voiture/course_2025_slam_pkgs/workspace/install/bolide_interfaces/share/ament_index/resource_index/parent_prefix_path/bolide_interfaces\n'}
[0.935503] (bolide_interfaces) StdoutLine: {'line': b'-- Up-to-date: /home/voiture/course_2025_slam_pkgs/workspace/install/bolide_interfaces/share/bolide_interfaces/environment/ament_prefix_path.sh\n'}
[0.935640] (bolide_interfaces) StdoutLine: {'line': b'-- Up-to-date: /home/voiture/course_2025_slam_pkgs/workspace/install/bolide_interfaces/share/bolide_interfaces/environment/ament_prefix_path.dsv\n'}
[0.935730] (bolide_interfaces) StdoutLine: {'line': b'-- Up-to-date: /home/voiture/course_2025_slam_pkgs/workspace/install/bolide_interfaces/share/bolide_interfaces/environment/path.sh\n'}
[0.935813] (bolide_interfaces) StdoutLine: {'line': b'-- Up-to-date: /home/voiture/course_2025_slam_pkgs/workspace/install/bolide_interfaces/share/bolide_interfaces/environment/path.dsv\n'}
[0.935913] (bolide_interfaces) StdoutLine: {'line': b'-- Up-to-date: /home/voiture/course_2025_slam_pkgs/workspace/install/bolide_interfaces/share/bolide_interfaces/local_setup.bash\n'}
[0.936003] (bolide_interfaces) StdoutLine: {'line': b'-- Up-to-date: /home/voiture/course_2025_slam_pkgs/workspace/install/bolide_interfaces/share/bolide_interfaces/local_setup.sh\n'}
[0.936084] (bolide_interfaces) StdoutLine: {'line': b'-- Up-to-date: /home/voiture/course_2025_slam_pkgs/workspace/install/bolide_interfaces/share/bolide_interfaces/local_setup.zsh\n'}
[0.936164] (bolide_interfaces) StdoutLine: {'line': b'-- Up-to-date: /home/voiture/course_2025_slam_pkgs/workspace/install/bolide_interfaces/share/bolide_interfaces/local_setup.dsv\n'}
[0.936283] (bolide_interfaces) StdoutLine: {'line': b'-- Installing: /home/voiture/course_2025_slam_pkgs/workspace/install/bolide_interfaces/share/bolide_interfaces/package.dsv\n'}
[0.936430] (bolide_interfaces) StdoutLine: {'line': b'-- Up-to-date: /home/voiture/course_2025_slam_pkgs/workspace/install/bolide_interfaces/share/ament_index/resource_index/packages/bolide_interfaces\n'}
[0.936550] (bolide_interfaces) StdoutLine: {'line': b'-- Up-to-date: /home/voiture/course_2025_slam_pkgs/workspace/install/bolide_interfaces/share/bolide_interfaces/cmake/export_bolide_interfaces__rosidl_generator_cExport.cmake\n'}
[0.936680] (bolide_interfaces) StdoutLine: {'line': b'-- Up-to-date: /home/voiture/course_2025_slam_pkgs/workspace/install/bolide_interfaces/share/bolide_interfaces/cmake/export_bolide_interfaces__rosidl_generator_cExport-noconfig.cmake\n'}
[0.936778] (bolide_interfaces) StdoutLine: {'line': b'-- Up-to-date: /home/voiture/course_2025_slam_pkgs/workspace/install/bolide_interfaces/share/bolide_interfaces/cmake/export_bolide_interfaces__rosidl_typesupport_fastrtps_cExport.cmake\n'}
[0.936942] (bolide_interfaces) StdoutLine: {'line': b'-- Up-to-date: /home/voiture/course_2025_slam_pkgs/workspace/install/bolide_interfaces/share/bolide_interfaces/cmake/export_bolide_interfaces__rosidl_typesupport_fastrtps_cExport-noconfig.cmake\n'}
[0.937079] (bolide_interfaces) StdoutLine: {'line': b'-- Up-to-date: /home/voiture/course_2025_slam_pkgs/workspace/install/bolide_interfaces/share/bolide_interfaces/cmake/export_bolide_interfaces__rosidl_generator_cppExport.cmake\n'}
[0.937181] (bolide_interfaces) StdoutLine: {'line': b'-- Up-to-date: /home/voiture/course_2025_slam_pkgs/workspace/install/bolide_interfaces/share/bolide_interfaces/cmake/export_bolide_interfaces__rosidl_typesupport_fastrtps_cppExport.cmake\n'}
[0.937284] (bolide_interfaces) StdoutLine: {'line': b'-- Up-to-date: /home/voiture/course_2025_slam_pkgs/workspace/install/bolide_interfaces/share/bolide_interfaces/cmake/export_bolide_interfaces__rosidl_typesupport_fastrtps_cppExport-noconfig.cmake\n'}
[0.937382] (bolide_interfaces) StdoutLine: {'line': b'-- Up-to-date: /home/voiture/course_2025_slam_pkgs/workspace/install/bolide_interfaces/share/bolide_interfaces/cmake/bolide_interfaces__rosidl_typesupport_introspection_cExport.cmake\n'}
[0.937539] (bolide_interfaces) StdoutLine: {'line': b'-- Up-to-date: /home/voiture/course_2025_slam_pkgs/workspace/install/bolide_interfaces/share/bolide_interfaces/cmake/bolide_interfaces__rosidl_typesupport_introspection_cExport-noconfig.cmake\n'}
[0.937641] (bolide_interfaces) StdoutLine: {'line': b'-- Up-to-date: /home/voiture/course_2025_slam_pkgs/workspace/install/bolide_interfaces/share/bolide_interfaces/cmake/bolide_interfaces__rosidl_typesupport_cExport.cmake\n'}
[0.937772] (bolide_interfaces) StdoutLine: {'line': b'-- Up-to-date: /home/voiture/course_2025_slam_pkgs/workspace/install/bolide_interfaces/share/bolide_interfaces/cmake/bolide_interfaces__rosidl_typesupport_cExport-noconfig.cmake\n'}
[0.937885] (bolide_interfaces) StdoutLine: {'line': b'-- Up-to-date: /home/voiture/course_2025_slam_pkgs/workspace/install/bolide_interfaces/share/bolide_interfaces/cmake/bolide_interfaces__rosidl_typesupport_introspection_cppExport.cmake\n'}
[0.938065] (bolide_interfaces) StdoutLine: {'line': b'-- Up-to-date: /home/voiture/course_2025_slam_pkgs/workspace/install/bolide_interfaces/share/bolide_interfaces/cmake/bolide_interfaces__rosidl_typesupport_introspection_cppExport-noconfig.cmake\n'}
[0.938174] (bolide_interfaces) StdoutLine: {'line': b'-- Up-to-date: /home/voiture/course_2025_slam_pkgs/workspace/install/bolide_interfaces/share/bolide_interfaces/cmake/bolide_interfaces__rosidl_typesupport_cppExport.cmake\n'}
[0.938283] (bolide_interfaces) StdoutLine: {'line': b'-- Up-to-date: /home/voiture/course_2025_slam_pkgs/workspace/install/bolide_interfaces/share/bolide_interfaces/cmake/bolide_interfaces__rosidl_typesupport_cppExport-noconfig.cmake\n'}
[0.938430] (bolide_interfaces) StdoutLine: {'line': b'-- Up-to-date: /home/voiture/course_2025_slam_pkgs/workspace/install/bolide_interfaces/share/bolide_interfaces/cmake/export_bolide_interfaces__rosidl_generator_pyExport.cmake\n'}
[0.938515] (bolide_interfaces) StdoutLine: {'line': b'-- Up-to-date: /home/voiture/course_2025_slam_pkgs/workspace/install/bolide_interfaces/share/bolide_interfaces/cmake/export_bolide_interfaces__rosidl_generator_pyExport-noconfig.cmake\n'}
[0.938601] (bolide_interfaces) StdoutLine: {'line': b'-- Up-to-date: /home/voiture/course_2025_slam_pkgs/workspace/install/bolide_interfaces/share/bolide_interfaces/cmake/rosidl_cmake-extras.cmake\n'}
[0.938684] (bolide_interfaces) StdoutLine: {'line': b'-- Up-to-date: /home/voiture/course_2025_slam_pkgs/workspace/install/bolide_interfaces/share/bolide_interfaces/cmake/ament_cmake_export_dependencies-extras.cmake\n'}
[0.938765] (bolide_interfaces) StdoutLine: {'line': b'-- Up-to-date: /home/voiture/course_2025_slam_pkgs/workspace/install/bolide_interfaces/share/bolide_interfaces/cmake/ament_cmake_export_include_directories-extras.cmake\n'}
[0.938880] (bolide_interfaces) StdoutLine: {'line': b'-- Up-to-date: /home/voiture/course_2025_slam_pkgs/workspace/install/bolide_interfaces/share/bolide_interfaces/cmake/ament_cmake_export_libraries-extras.cmake\n'}
[0.938982] (bolide_interfaces) StdoutLine: {'line': b'-- Up-to-date: /home/voiture/course_2025_slam_pkgs/workspace/install/bolide_interfaces/share/bolide_interfaces/cmake/ament_cmake_export_targets-extras.cmake\n'}
[0.939090] (bolide_interfaces) StdoutLine: {'line': b'-- Up-to-date: /home/voiture/course_2025_slam_pkgs/workspace/install/bolide_interfaces/share/bolide_interfaces/cmake/rosidl_cmake_export_typesupport_targets-extras.cmake\n'}
[0.939171] (bolide_interfaces) StdoutLine: {'line': b'-- Up-to-date: /home/voiture/course_2025_slam_pkgs/workspace/install/bolide_interfaces/share/bolide_interfaces/cmake/rosidl_cmake_export_typesupport_libraries-extras.cmake\n'}
[0.939252] (bolide_interfaces) StdoutLine: {'line': b'-- Up-to-date: /home/voiture/course_2025_slam_pkgs/workspace/install/bolide_interfaces/share/bolide_interfaces/cmake/bolide_interfacesConfig.cmake\n'}
[0.939334] (bolide_interfaces) StdoutLine: {'line': b'-- Up-to-date: /home/voiture/course_2025_slam_pkgs/workspace/install/bolide_interfaces/share/bolide_interfaces/cmake/bolide_interfacesConfig-version.cmake\n'}
[0.939415] (bolide_interfaces) StdoutLine: {'line': b'-- Up-to-date: /home/voiture/course_2025_slam_pkgs/workspace/install/bolide_interfaces/share/bolide_interfaces/package.xml\n'}
[0.941960] (bolide_interfaces) CommandEnded: {'returncode': 0}
[0.990702] (bolide_interfaces) JobEnded: {'identifier': 'bolide_interfaces', 'rc': 0}
[0.992083] (control_bolide) JobStarted: {'identifier': 'control_bolide'}
[1.003918] (perception_bolide) JobStarted: {'identifier': 'perception_bolide'}
[1.008197] (-) TimerEvent: {}
[1.018439] (planning_bolide) JobStarted: {'identifier': 'planning_bolide'}
[1.108296] (-) TimerEvent: {}
[1.208641] (-) TimerEvent: {}
[1.309036] (-) TimerEvent: {}
[1.409396] (-) TimerEvent: {}
[1.509763] (-) TimerEvent: {}
[1.610159] (-) TimerEvent: {}
[1.710536] (-) TimerEvent: {}
[1.810954] (-) TimerEvent: {}
[1.911317] (-) TimerEvent: {}
[2.011682] (-) TimerEvent: {}
[2.112157] (-) TimerEvent: {}
[2.215922] (-) TimerEvent: {}
[2.320123] (-) TimerEvent: {}
[2.422104] (-) TimerEvent: {}
[2.525278] (-) TimerEvent: {}
[2.628649] (-) TimerEvent: {}
[2.729382] (-) TimerEvent: {}
[2.832553] (-) TimerEvent: {}
[2.936286] (-) TimerEvent: {}
[3.038161] (-) TimerEvent: {}
[3.141815] (-) TimerEvent: {}
[3.206570] (perception_bolide) Command: {'cmd': ['/usr/bin/python3', '-W', 'ignore:setup.py install is deprecated', '-W', 'ignore:easy_install command is deprecated', 'setup.py', 'egg_info', '--egg-base', '../../build/perception_bolide', 'build', '--build-base', '/home/voiture/course_2025_slam_pkgs/workspace/build/perception_bolide/build', 'install', '--record', '/home/voiture/course_2025_slam_pkgs/workspace/build/perception_bolide/install.log', '--single-version-externally-managed', 'install_data'], 'cwd': '/home/voiture/course_2025_slam_pkgs/workspace/src/perception_bolide', 'env': {'LESSOPEN': '| /usr/bin/lesspipe %s', 'LANGUAGE': 'en', 'USER': 'voiture', 'XDG_SESSION_TYPE': 'x11', 'CLUTTER_DISABLE_MIPMAPPED_TEXT': '1', 'SHLVL': '1', 'LD_LIBRARY_PATH': '/home/voiture/course_2025_slam_pkgs/workspace/install/bolide_interfaces/lib:/opt/ros/jazzy/opt/rviz_ogre_vendor/lib:/opt/ros/jazzy/lib/aarch64-linux-gnu:/opt/ros/jazzy/opt/gz_math_vendor/lib:/opt/ros/jazzy/opt/gz_utils_vendor/lib:/opt/ros/jazzy/opt/gz_cmake_vendor/lib:/opt/ros/jazzy/lib', 'HOME': '/home/voiture', 'OLDPWD': '/home/voiture', 'DESKTOP_SESSION': 'ubuntu', 'ROS_PYTHON_VERSION': '3', 'GNOME_SHELL_SESSION_MODE': 'ubuntu', 'GTK_MODULES': 'gail:atk-bridge', 'XDG_SEAT_PATH': '/org/freedesktop/DisplayManager/Seat0', 'PS1': '\\[\\e]0;\\u@\\h: \\w\\a\\]${debian_chroot:+($debian_chroot)}\\[\\033[01;32m\\]\\u@\\h\\[\\033[00m\\]:\\[\\033[01;34m\\]\\w\\[\\033[00m\\]\\$', 'SYSTEMD_EXEC_PID': '2120', 'GSM_SKIP_SSH_AGENT_WORKAROUND': 'true', 'DBUS_SESSION_BUS_ADDRESS': 'unix:path=/run/user/1002/bus', 'COLORTERM': 'truecolor', 'DEBUGINFOD_URLS': 'https://debuginfod.ubuntu.com', 'IM_CONFIG_PHASE': '1', 'COLCON_PREFIX_PATH': '/home/voiture/course_2025_slam_pkgs/workspace/install', 'ROS_DISTRO': 'jazzy', 'LOGNAME': 'voiture', '_': '/usr/bin/colcon', 'ROS_VERSION': '2', 'MEMORY_PRESSURE_WATCH': '/sys/fs/cgroup/user.slice/user-1002.slice/user@1002.service/session.slice/org.gnome.Shell@x11.service/memory.pressure', 'XDG_SESSION_CLASS': 'user', 'TERM': 'xterm-256color', 'GNOME_DESKTOP_SESSION_ID': 'this-is-deprecated', 'PATH': '/opt/ros/jazzy/bin:/usr/local/sbin:/usr/local/bin:/usr/sbin:/usr/bin:/sbin:/bin:/usr/games:/usr/local/games:/snap/bin', 'SESSION_MANAGER': 'local/voiture1:@/tmp/.ICE-unix/2087,unix/voiture1:/tmp/.ICE-unix/2087', 'GDM_LANG': 'en', 'XDG_SESSION_PATH': '/org/freedesktop/DisplayManager/Session0', 'XDG_MENU_PREFIX': 'gnome-', 'GNOME_TERMINAL_SCREEN': '/org/gnome/Terminal/screen/bb37d3ac_3e05_49b7_8b52_9f2fe2d04ef2', 'XDG_RUNTIME_DIR': '/run/user/1002', 'DISPLAY': ':0', 'LANG': 'C.UTF-8', 'XDG_CURRENT_DESKTOP': 'ubuntu:GNOME', 'XMODIFIERS': '@im=ibus', 'XDG_SESSION_DESKTOP': 'ubuntu', 'XAUTHORITY': '/home/voiture/.Xauthority', 'LS_COLORS': 'rs=0:di=01;34:ln=01;36:mh=00:pi=40;33:so=01;35:do=01;35:bd=40;33;01:cd=40;33;01:or=40;31;01:mi=00:su=37;41:sg=30;43:ca=00:tw=30;42:ow=34;42:st=37;44:ex=01;32:*.tar=01;31:*.tgz=01;31:*.arc=01;31:*.arj=01;31:*.taz=01;31:*.lha=01;31:*.lz4=01;31:*.lzh=01;31:*.lzma=01;31:*.tlz=01;31:*.txz=01;31:*.tzo=01;31:*.t7z=01;31:*.zip=01;31:*.z=01;31:*.dz=01;31:*.gz=01;31:*.lrz=01;31:*.lz=01;31:*.lzo=01;31:*.xz=01;31:*.zst=01;31:*.tzst=01;31:*.bz2=01;31:*.bz=01;31:*.tbz=01;31:*.tbz2=01;31:*.tz=01;31:*.deb=01;31:*.rpm=01;31:*.jar=01;31:*.war=01;31:*.ear=01;31:*.sar=01;31:*.rar=01;31:*.alz=01;31:*.ace=01;31:*.zoo=01;31:*.cpio=01;31:*.7z=01;31:*.rz=01;31:*.cab=01;31:*.wim=01;31:*.swm=01;31:*.dwm=01;31:*.esd=01;31:*.avif=01;35:*.jpg=01;35:*.jpeg=01;35:*.mjpg=01;35:*.mjpeg=01;35:*.gif=01;35:*.bmp=01;35:*.pbm=01;35:*.pgm=01;35:*.ppm=01;35:*.tga=01;35:*.xbm=01;35:*.xpm=01;35:*.tif=01;35:*.tiff=01;35:*.png=01;35:*.svg=01;35:*.svgz=01;35:*.mng=01;35:*.pcx=01;35:*.mov=01;35:*.mpg=01;35:*.mpeg=01;35:*.m2v=01;35:*.mkv=01;35:*.webm=01;35:*.webp=01;35:*.ogm=01;35:*.mp4=01;35:*.m4v=01;35:*.mp4v=01;35:*.vob=01;35:*.qt=01;35:*.nuv=01;35:*.wmv=01;35:*.asf=01;35:*.rm=01;35:*.rmvb=01;35:*.flc=01;35:*.avi=01;35:*.fli=01;35:*.flv=01;35:*.gl=01;35:*.dl=01;35:*.xcf=01;35:*.xwd=01;35:*.yuv=01;35:*.cgm=01;35:*.emf=01;35:*.ogv=01;35:*.ogx=01;35:*.aac=00;36:*.au=00;36:*.flac=00;36:*.m4a=00;36:*.mid=00;36:*.midi=00;36:*.mka=00;36:*.mp3=00;36:*.mpc=00;36:*.ogg=00;36:*.ra=00;36:*.wav=00;36:*.oga=00;36:*.opus=00;36:*.spx=00;36:*.xspf=00;36:*~=00;90:*#=00;90:*.bak=00;90:*.crdownload=00;90:*.dpkg-dist=00;90:*.dpkg-new=00;90:*.dpkg-old=00;90:*.dpkg-tmp=00;90:*.old=00;90:*.orig=00;90:*.part=00;90:*.rej=00;90:*.rpmnew=00;90:*.rpmorig=00;90:*.rpmsave=00;90:*.swp=00;90:*.tmp=00;90:*.ucf-dist=00;90:*.ucf-new=00;90:*.ucf-old=00;90:', 'GNOME_TERMINAL_SERVICE': ':1.103', 'SSH_AUTH_SOCK': '/run/user/1002/keyring/ssh', 'ROS_DOMAIN_ID': '10', 'XDG_GREETER_DATA_DIR': '/var/lib/lightdm-data/voiture', 'AMENT_PREFIX_PATH': '/home/voiture/course_2025_slam_pkgs/workspace/install/sllidar_ros2:/home/voiture/course_2025_slam_pkgs/workspace/install/planning_bolide:/home/voiture/course_2025_slam_pkgs/workspace/install/perception_bolide:/home/voiture/course_2025_slam_pkgs/workspace/install/particle_filter:/home/voiture/course_2025_slam_pkgs/workspace/install/control_bolide:/home/voiture/course_2025_slam_pkgs/workspace/install/bolide_interfaces:/opt/ros/jazzy', 'SHELL': '/bin/bash', 'QT_ACCESSIBILITY': '1', 'GDMSESSION': 'ubuntu', 'LESSCLOSE': '/usr/bin/lesspipe %s %s', 'GPG_AGENT_INFO': '/run/user/1002/gnupg/S.gpg-agent:0:1', 'ROS_AUTOMATIC_DISCOVERY_RANGE': 'SUBNET', 'QT_IM_MODULE': 'ibus', 'PWD': '/home/voiture/course_2025_slam_pkgs/workspace/build/perception_bolide', 'XDG_CONFIG_DIRS': '/etc/xdg/xdg-ubuntu:/etc/xdg', 'XDG_DATA_DIRS': '/usr/share/ubuntu:/usr/share/gnome:/usr/local/share:/usr/share:/var/lib/snapd/desktop', 'PYTHONPATH': '/home/voiture/course_2025_slam_pkgs/workspace/build/perception_bolide/prefix_override:/usr/lib/python3/dist-packages/colcon_core/task/python/colcon_distutils_commands:/home/voiture/course_2025_slam_pkgs/workspace/install/perception_bolide/lib/python3.12/site-packages:/home/voiture/course_2025_slam_pkgs/workspace/install/bolide_interfaces/lib/python3.12/site-packages:/home/voiture/course_2025_slam_pkgs/workspace/install/planning_bolide/lib/python3.12/site-packages:/home/voiture/course_2025_slam_pkgs/workspace/install/perception_bolide/lib/python3.12/site-packages:/home/voiture/course_2025_slam_pkgs/workspace/install/particle_filter/lib/python3.12/site-packages:/home/voiture/course_2025_slam_pkgs/workspace/install/control_bolide/lib/python3.12/site-packages:/opt/ros/jazzy/lib/python3.12/site-packages', 'COLCON': '1', 'MEMORY_PRESSURE_WRITE': 'c29tZSAyMDAwMDAgMjAwMDAwMAA=', 'VTE_VERSION': '7600', 'CMAKE_PREFIX_PATH': '/home/voiture/course_2025_slam_pkgs/workspace/install/bolide_interfaces:/home/voiture/course_2025_slam_pkgs/workspace/install/sllidar_ros2:/opt/ros/jazzy/opt/gz_math_vendor:/opt/ros/jazzy/opt/gz_utils_vendor:/opt/ros/jazzy/opt/gz_cmake_vendor'}, 'shell': False}
[3.224939] (control_bolide) Command: {'cmd': ['/usr/bin/python3', '-W', 'ignore:setup.py install is deprecated', '-W', 'ignore:easy_install command is deprecated', 'setup.py', 'egg_info', '--egg-base', '../../build/control_bolide', 'build', '--build-base', '/home/voiture/course_2025_slam_pkgs/workspace/build/control_bolide/build', 'install', '--record', '/home/voiture/course_2025_slam_pkgs/workspace/build/control_bolide/install.log', '--single-version-externally-managed', 'install_data'], 'cwd': '/home/voiture/course_2025_slam_pkgs/workspace/src/control_bolide', 'env': {'LESSOPEN': '| /usr/bin/lesspipe %s', 'LANGUAGE': 'en', 'USER': 'voiture', 'XDG_SESSION_TYPE': 'x11', 'CLUTTER_DISABLE_MIPMAPPED_TEXT': '1', 'SHLVL': '1', 'LD_LIBRARY_PATH': '/home/voiture/course_2025_slam_pkgs/workspace/install/bolide_interfaces/lib:/opt/ros/jazzy/opt/rviz_ogre_vendor/lib:/opt/ros/jazzy/lib/aarch64-linux-gnu:/opt/ros/jazzy/opt/gz_math_vendor/lib:/opt/ros/jazzy/opt/gz_utils_vendor/lib:/opt/ros/jazzy/opt/gz_cmake_vendor/lib:/opt/ros/jazzy/lib', 'HOME': '/home/voiture', 'OLDPWD': '/home/voiture', 'DESKTOP_SESSION': 'ubuntu', 'ROS_PYTHON_VERSION': '3', 'GNOME_SHELL_SESSION_MODE': 'ubuntu', 'GTK_MODULES': 'gail:atk-bridge', 'XDG_SEAT_PATH': '/org/freedesktop/DisplayManager/Seat0', 'PS1': '\\[\\e]0;\\u@\\h: \\w\\a\\]${debian_chroot:+($debian_chroot)}\\[\\033[01;32m\\]\\u@\\h\\[\\033[00m\\]:\\[\\033[01;34m\\]\\w\\[\\033[00m\\]\\$', 'SYSTEMD_EXEC_PID': '2120', 'GSM_SKIP_SSH_AGENT_WORKAROUND': 'true', 'DBUS_SESSION_BUS_ADDRESS': 'unix:path=/run/user/1002/bus', 'COLORTERM': 'truecolor', 'DEBUGINFOD_URLS': 'https://debuginfod.ubuntu.com', 'IM_CONFIG_PHASE': '1', 'COLCON_PREFIX_PATH': '/home/voiture/course_2025_slam_pkgs/workspace/install', 'ROS_DISTRO': 'jazzy', 'LOGNAME': 'voiture', '_': '/usr/bin/colcon', 'ROS_VERSION': '2', 'MEMORY_PRESSURE_WATCH': '/sys/fs/cgroup/user.slice/user-1002.slice/user@1002.service/session.slice/org.gnome.Shell@x11.service/memory.pressure', 'XDG_SESSION_CLASS': 'user', 'TERM': 'xterm-256color', 'GNOME_DESKTOP_SESSION_ID': 'this-is-deprecated', 'PATH': '/opt/ros/jazzy/bin:/usr/local/sbin:/usr/local/bin:/usr/sbin:/usr/bin:/sbin:/bin:/usr/games:/usr/local/games:/snap/bin', 'SESSION_MANAGER': 'local/voiture1:@/tmp/.ICE-unix/2087,unix/voiture1:/tmp/.ICE-unix/2087', 'GDM_LANG': 'en', 'XDG_SESSION_PATH': '/org/freedesktop/DisplayManager/Session0', 'XDG_MENU_PREFIX': 'gnome-', 'GNOME_TERMINAL_SCREEN': '/org/gnome/Terminal/screen/bb37d3ac_3e05_49b7_8b52_9f2fe2d04ef2', 'XDG_RUNTIME_DIR': '/run/user/1002', 'DISPLAY': ':0', 'LANG': 'C.UTF-8', 'XDG_CURRENT_DESKTOP': 'ubuntu:GNOME', 'XMODIFIERS': '@im=ibus', 'XDG_SESSION_DESKTOP': 'ubuntu', 'XAUTHORITY': '/home/voiture/.Xauthority', 'LS_COLORS': 'rs=0:di=01;34:ln=01;36:mh=00:pi=40;33:so=01;35:do=01;35:bd=40;33;01:cd=40;33;01:or=40;31;01:mi=00:su=37;41:sg=30;43:ca=00:tw=30;42:ow=34;42:st=37;44:ex=01;32:*.tar=01;31:*.tgz=01;31:*.arc=01;31:*.arj=01;31:*.taz=01;31:*.lha=01;31:*.lz4=01;31:*.lzh=01;31:*.lzma=01;31:*.tlz=01;31:*.txz=01;31:*.tzo=01;31:*.t7z=01;31:*.zip=01;31:*.z=01;31:*.dz=01;31:*.gz=01;31:*.lrz=01;31:*.lz=01;31:*.lzo=01;31:*.xz=01;31:*.zst=01;31:*.tzst=01;31:*.bz2=01;31:*.bz=01;31:*.tbz=01;31:*.tbz2=01;31:*.tz=01;31:*.deb=01;31:*.rpm=01;31:*.jar=01;31:*.war=01;31:*.ear=01;31:*.sar=01;31:*.rar=01;31:*.alz=01;31:*.ace=01;31:*.zoo=01;31:*.cpio=01;31:*.7z=01;31:*.rz=01;31:*.cab=01;31:*.wim=01;31:*.swm=01;31:*.dwm=01;31:*.esd=01;31:*.avif=01;35:*.jpg=01;35:*.jpeg=01;35:*.mjpg=01;35:*.mjpeg=01;35:*.gif=01;35:*.bmp=01;35:*.pbm=01;35:*.pgm=01;35:*.ppm=01;35:*.tga=01;35:*.xbm=01;35:*.xpm=01;35:*.tif=01;35:*.tiff=01;35:*.png=01;35:*.svg=01;35:*.svgz=01;35:*.mng=01;35:*.pcx=01;35:*.mov=01;35:*.mpg=01;35:*.mpeg=01;35:*.m2v=01;35:*.mkv=01;35:*.webm=01;35:*.webp=01;35:*.ogm=01;35:*.mp4=01;35:*.m4v=01;35:*.mp4v=01;35:*.vob=01;35:*.qt=01;35:*.nuv=01;35:*.wmv=01;35:*.asf=01;35:*.rm=01;35:*.rmvb=01;35:*.flc=01;35:*.avi=01;35:*.fli=01;35:*.flv=01;35:*.gl=01;35:*.dl=01;35:*.xcf=01;35:*.xwd=01;35:*.yuv=01;35:*.cgm=01;35:*.emf=01;35:*.ogv=01;35:*.ogx=01;35:*.aac=00;36:*.au=00;36:*.flac=00;36:*.m4a=00;36:*.mid=00;36:*.midi=00;36:*.mka=00;36:*.mp3=00;36:*.mpc=00;36:*.ogg=00;36:*.ra=00;36:*.wav=00;36:*.oga=00;36:*.opus=00;36:*.spx=00;36:*.xspf=00;36:*~=00;90:*#=00;90:*.bak=00;90:*.crdownload=00;90:*.dpkg-dist=00;90:*.dpkg-new=00;90:*.dpkg-old=00;90:*.dpkg-tmp=00;90:*.old=00;90:*.orig=00;90:*.part=00;90:*.rej=00;90:*.rpmnew=00;90:*.rpmorig=00;90:*.rpmsave=00;90:*.swp=00;90:*.tmp=00;90:*.ucf-dist=00;90:*.ucf-new=00;90:*.ucf-old=00;90:', 'GNOME_TERMINAL_SERVICE': ':1.103', 'SSH_AUTH_SOCK': '/run/user/1002/keyring/ssh', 'ROS_DOMAIN_ID': '10', 'XDG_GREETER_DATA_DIR': '/var/lib/lightdm-data/voiture', 'AMENT_PREFIX_PATH': '/home/voiture/course_2025_slam_pkgs/workspace/install/sllidar_ros2:/home/voiture/course_2025_slam_pkgs/workspace/install/planning_bolide:/home/voiture/course_2025_slam_pkgs/workspace/install/perception_bolide:/home/voiture/course_2025_slam_pkgs/workspace/install/particle_filter:/home/voiture/course_2025_slam_pkgs/workspace/install/control_bolide:/home/voiture/course_2025_slam_pkgs/workspace/install/bolide_interfaces:/opt/ros/jazzy', 'SHELL': '/bin/bash', 'QT_ACCESSIBILITY': '1', 'GDMSESSION': 'ubuntu', 'LESSCLOSE': '/usr/bin/lesspipe %s %s', 'GPG_AGENT_INFO': '/run/user/1002/gnupg/S.gpg-agent:0:1', 'ROS_AUTOMATIC_DISCOVERY_RANGE': 'SUBNET', 'QT_IM_MODULE': 'ibus', 'PWD': '/home/voiture/course_2025_slam_pkgs/workspace/build/control_bolide', 'XDG_CONFIG_DIRS': '/etc/xdg/xdg-ubuntu:/etc/xdg', 'XDG_DATA_DIRS': '/usr/share/ubuntu:/usr/share/gnome:/usr/local/share:/usr/share:/var/lib/snapd/desktop', 'PYTHONPATH': '/home/voiture/course_2025_slam_pkgs/workspace/build/control_bolide/prefix_override:/usr/lib/python3/dist-packages/colcon_core/task/python/colcon_distutils_commands:/home/voiture/course_2025_slam_pkgs/workspace/install/control_bolide/lib/python3.12/site-packages:/home/voiture/course_2025_slam_pkgs/workspace/install/bolide_interfaces/lib/python3.12/site-packages:/home/voiture/course_2025_slam_pkgs/workspace/install/planning_bolide/lib/python3.12/site-packages:/home/voiture/course_2025_slam_pkgs/workspace/install/perception_bolide/lib/python3.12/site-packages:/home/voiture/course_2025_slam_pkgs/workspace/install/particle_filter/lib/python3.12/site-packages:/home/voiture/course_2025_slam_pkgs/workspace/install/control_bolide/lib/python3.12/site-packages:/opt/ros/jazzy/lib/python3.12/site-packages', 'COLCON': '1', 'MEMORY_PRESSURE_WRITE': 'c29tZSAyMDAwMDAgMjAwMDAwMAA=', 'VTE_VERSION': '7600', 'CMAKE_PREFIX_PATH': '/home/voiture/course_2025_slam_pkgs/workspace/install/bolide_interfaces:/home/voiture/course_2025_slam_pkgs/workspace/install/sllidar_ros2:/opt/ros/jazzy/opt/gz_math_vendor:/opt/ros/jazzy/opt/gz_utils_vendor:/opt/ros/jazzy/opt/gz_cmake_vendor'}, 'shell': False}
[3.242757] (planning_bolide) Command: {'cmd': ['/usr/bin/python3', '-W', 'ignore:setup.py install is deprecated', '-W', 'ignore:easy_install command is deprecated', 'setup.py', 'egg_info', '--egg-base', '../../build/planning_bolide', 'build', '--build-base', '/home/voiture/course_2025_slam_pkgs/workspace/build/planning_bolide/build', 'install', '--record', '/home/voiture/course_2025_slam_pkgs/workspace/build/planning_bolide/install.log', '--single-version-externally-managed', 'install_data'], 'cwd': '/home/voiture/course_2025_slam_pkgs/workspace/src/planning_bolide', 'env': {'LESSOPEN': '| /usr/bin/lesspipe %s', 'LANGUAGE': 'en', 'USER': 'voiture', 'XDG_SESSION_TYPE': 'x11', 'CLUTTER_DISABLE_MIPMAPPED_TEXT': '1', 'SHLVL': '1', 'LD_LIBRARY_PATH': '/home/voiture/course_2025_slam_pkgs/workspace/install/bolide_interfaces/lib:/opt/ros/jazzy/opt/rviz_ogre_vendor/lib:/opt/ros/jazzy/lib/aarch64-linux-gnu:/opt/ros/jazzy/opt/gz_math_vendor/lib:/opt/ros/jazzy/opt/gz_utils_vendor/lib:/opt/ros/jazzy/opt/gz_cmake_vendor/lib:/opt/ros/jazzy/lib', 'HOME': '/home/voiture', 'OLDPWD': '/home/voiture', 'DESKTOP_SESSION': 'ubuntu', 'ROS_PYTHON_VERSION': '3', 'GNOME_SHELL_SESSION_MODE': 'ubuntu', 'GTK_MODULES': 'gail:atk-bridge', 'XDG_SEAT_PATH': '/org/freedesktop/DisplayManager/Seat0', 'PS1': '\\[\\e]0;\\u@\\h: \\w\\a\\]${debian_chroot:+($debian_chroot)}\\[\\033[01;32m\\]\\u@\\h\\[\\033[00m\\]:\\[\\033[01;34m\\]\\w\\[\\033[00m\\]\\$', 'SYSTEMD_EXEC_PID': '2120', 'GSM_SKIP_SSH_AGENT_WORKAROUND': 'true', 'DBUS_SESSION_BUS_ADDRESS': 'unix:path=/run/user/1002/bus', 'COLORTERM': 'truecolor', 'DEBUGINFOD_URLS': 'https://debuginfod.ubuntu.com', 'IM_CONFIG_PHASE': '1', 'COLCON_PREFIX_PATH': '/home/voiture/course_2025_slam_pkgs/workspace/install', 'ROS_DISTRO': 'jazzy', 'LOGNAME': 'voiture', '_': '/usr/bin/colcon', 'ROS_VERSION': '2', 'MEMORY_PRESSURE_WATCH': '/sys/fs/cgroup/user.slice/user-1002.slice/user@1002.service/session.slice/org.gnome.Shell@x11.service/memory.pressure', 'XDG_SESSION_CLASS': 'user', 'TERM': 'xterm-256color', 'GNOME_DESKTOP_SESSION_ID': 'this-is-deprecated', 'PATH': '/opt/ros/jazzy/bin:/usr/local/sbin:/usr/local/bin:/usr/sbin:/usr/bin:/sbin:/bin:/usr/games:/usr/local/games:/snap/bin', 'SESSION_MANAGER': 'local/voiture1:@/tmp/.ICE-unix/2087,unix/voiture1:/tmp/.ICE-unix/2087', 'GDM_LANG': 'en', 'XDG_SESSION_PATH': '/org/freedesktop/DisplayManager/Session0', 'XDG_MENU_PREFIX': 'gnome-', 'GNOME_TERMINAL_SCREEN': '/org/gnome/Terminal/screen/bb37d3ac_3e05_49b7_8b52_9f2fe2d04ef2', 'XDG_RUNTIME_DIR': '/run/user/1002', 'DISPLAY': ':0', 'LANG': 'C.UTF-8', 'XDG_CURRENT_DESKTOP': 'ubuntu:GNOME', 'XMODIFIERS': '@im=ibus', 'XDG_SESSION_DESKTOP': 'ubuntu', 'XAUTHORITY': '/home/voiture/.Xauthority', 'LS_COLORS': 'rs=0:di=01;34:ln=01;36:mh=00:pi=40;33:so=01;35:do=01;35:bd=40;33;01:cd=40;33;01:or=40;31;01:mi=00:su=37;41:sg=30;43:ca=00:tw=30;42:ow=34;42:st=37;44:ex=01;32:*.tar=01;31:*.tgz=01;31:*.arc=01;31:*.arj=01;31:*.taz=01;31:*.lha=01;31:*.lz4=01;31:*.lzh=01;31:*.lzma=01;31:*.tlz=01;31:*.txz=01;31:*.tzo=01;31:*.t7z=01;31:*.zip=01;31:*.z=01;31:*.dz=01;31:*.gz=01;31:*.lrz=01;31:*.lz=01;31:*.lzo=01;31:*.xz=01;31:*.zst=01;31:*.tzst=01;31:*.bz2=01;31:*.bz=01;31:*.tbz=01;31:*.tbz2=01;31:*.tz=01;31:*.deb=01;31:*.rpm=01;31:*.jar=01;31:*.war=01;31:*.ear=01;31:*.sar=01;31:*.rar=01;31:*.alz=01;31:*.ace=01;31:*.zoo=01;31:*.cpio=01;31:*.7z=01;31:*.rz=01;31:*.cab=01;31:*.wim=01;31:*.swm=01;31:*.dwm=01;31:*.esd=01;31:*.avif=01;35:*.jpg=01;35:*.jpeg=01;35:*.mjpg=01;35:*.mjpeg=01;35:*.gif=01;35:*.bmp=01;35:*.pbm=01;35:*.pgm=01;35:*.ppm=01;35:*.tga=01;35:*.xbm=01;35:*.xpm=01;35:*.tif=01;35:*.tiff=01;35:*.png=01;35:*.svg=01;35:*.svgz=01;35:*.mng=01;35:*.pcx=01;35:*.mov=01;35:*.mpg=01;35:*.mpeg=01;35:*.m2v=01;35:*.mkv=01;35:*.webm=01;35:*.webp=01;35:*.ogm=01;35:*.mp4=01;35:*.m4v=01;35:*.mp4v=01;35:*.vob=01;35:*.qt=01;35:*.nuv=01;35:*.wmv=01;35:*.asf=01;35:*.rm=01;35:*.rmvb=01;35:*.flc=01;35:*.avi=01;35:*.fli=01;35:*.flv=01;35:*.gl=01;35:*.dl=01;35:*.xcf=01;35:*.xwd=01;35:*.yuv=01;35:*.cgm=01;35:*.emf=01;35:*.ogv=01;35:*.ogx=01;35:*.aac=00;36:*.au=00;36:*.flac=00;36:*.m4a=00;36:*.mid=00;36:*.midi=00;36:*.mka=00;36:*.mp3=00;36:*.mpc=00;36:*.ogg=00;36:*.ra=00;36:*.wav=00;36:*.oga=00;36:*.opus=00;36:*.spx=00;36:*.xspf=00;36:*~=00;90:*#=00;90:*.bak=00;90:*.crdownload=00;90:*.dpkg-dist=00;90:*.dpkg-new=00;90:*.dpkg-old=00;90:*.dpkg-tmp=00;90:*.old=00;90:*.orig=00;90:*.part=00;90:*.rej=00;90:*.rpmnew=00;90:*.rpmorig=00;90:*.rpmsave=00;90:*.swp=00;90:*.tmp=00;90:*.ucf-dist=00;90:*.ucf-new=00;90:*.ucf-old=00;90:', 'GNOME_TERMINAL_SERVICE': ':1.103', 'SSH_AUTH_SOCK': '/run/user/1002/keyring/ssh', 'ROS_DOMAIN_ID': '10', 'XDG_GREETER_DATA_DIR': '/var/lib/lightdm-data/voiture', 'AMENT_PREFIX_PATH': '/home/voiture/course_2025_slam_pkgs/workspace/install/sllidar_ros2:/home/voiture/course_2025_slam_pkgs/workspace/install/planning_bolide:/home/voiture/course_2025_slam_pkgs/workspace/install/perception_bolide:/home/voiture/course_2025_slam_pkgs/workspace/install/particle_filter:/home/voiture/course_2025_slam_pkgs/workspace/install/control_bolide:/home/voiture/course_2025_slam_pkgs/workspace/install/bolide_interfaces:/opt/ros/jazzy', 'SHELL': '/bin/bash', 'QT_ACCESSIBILITY': '1', 'GDMSESSION': 'ubuntu', 'LESSCLOSE': '/usr/bin/lesspipe %s %s', 'GPG_AGENT_INFO': '/run/user/1002/gnupg/S.gpg-agent:0:1', 'ROS_AUTOMATIC_DISCOVERY_RANGE': 'SUBNET', 'QT_IM_MODULE': 'ibus', 'PWD': '/home/voiture/course_2025_slam_pkgs/workspace/build/planning_bolide', 'XDG_CONFIG_DIRS': '/etc/xdg/xdg-ubuntu:/etc/xdg', 'XDG_DATA_DIRS': '/usr/share/ubuntu:/usr/share/gnome:/usr/local/share:/usr/share:/var/lib/snapd/desktop', 'PYTHONPATH': '/home/voiture/course_2025_slam_pkgs/workspace/build/planning_bolide/prefix_override:/usr/lib/python3/dist-packages/colcon_core/task/python/colcon_distutils_commands:/home/voiture/course_2025_slam_pkgs/workspace/install/planning_bolide/lib/python3.12/site-packages:/home/voiture/course_2025_slam_pkgs/workspace/install/bolide_interfaces/lib/python3.12/site-packages:/home/voiture/course_2025_slam_pkgs/workspace/install/planning_bolide/lib/python3.12/site-packages:/home/voiture/course_2025_slam_pkgs/workspace/install/perception_bolide/lib/python3.12/site-packages:/home/voiture/course_2025_slam_pkgs/workspace/install/particle_filter/lib/python3.12/site-packages:/home/voiture/course_2025_slam_pkgs/workspace/install/control_bolide/lib/python3.12/site-packages:/opt/ros/jazzy/lib/python3.12/site-packages', 'COLCON': '1', 'MEMORY_PRESSURE_WRITE': 'c29tZSAyMDAwMDAgMjAwMDAwMAA=', 'VTE_VERSION': '7600', 'CMAKE_PREFIX_PATH': '/home/voiture/course_2025_slam_pkgs/workspace/install/bolide_interfaces:/home/voiture/course_2025_slam_pkgs/workspace/install/sllidar_ros2:/opt/ros/jazzy/opt/gz_math_vendor:/opt/ros/jazzy/opt/gz_utils_vendor:/opt/ros/jazzy/opt/gz_cmake_vendor'}, 'shell': False}
[3.248685] (-) TimerEvent: {}
[3.349290] (-) TimerEvent: {}
[3.451279] (-) TimerEvent: {}
[3.551855] (-) TimerEvent: {}
[3.652434] (-) TimerEvent: {}
[3.676528] (perception_bolide) StdoutLine: {'line': b'running egg_info\n'}
[3.690611] (control_bolide) StdoutLine: {'line': b'running egg_info\n'}
[3.699210] (planning_bolide) StdoutLine: {'line': b'running egg_info\n'}
[3.708832] (perception_bolide) StdoutLine: {'line': b'writing ../../build/perception_bolide/perception_bolide.egg-info/PKG-INFO\n'}
[3.710430] (perception_bolide) StdoutLine: {'line': b'writing dependency_links to ../../build/perception_bolide/perception_bolide.egg-info/dependency_links.txt\n'}
[3.712427] (perception_bolide) StdoutLine: {'line': b'writing entry points to ../../build/perception_bolide/perception_bolide.egg-info/entry_points.txt\n'}
[3.712693] (perception_bolide) StdoutLine: {'line': b'writing requirements to ../../build/perception_bolide/perception_bolide.egg-info/requires.txt\n'}
[3.714189] (perception_bolide) StdoutLine: {'line': b'writing top-level names to ../../build/perception_bolide/perception_bolide.egg-info/top_level.txt\n'}
[3.729008] (control_bolide) StdoutLine: {'line': b'writing ../../build/control_bolide/control_bolide.egg-info/PKG-INFO\n'}
[3.729762] (control_bolide) StdoutLine: {'line': b'writing dependency_links to ../../build/control_bolide/control_bolide.egg-info/dependency_links.txt\n'}
[3.731662] (control_bolide) StdoutLine: {'line': b'writing entry points to ../../build/control_bolide/control_bolide.egg-info/entry_points.txt\n'}
[3.731914] (control_bolide) StdoutLine: {'line': b'writing requirements to ../../build/control_bolide/control_bolide.egg-info/requires.txt\n'}
[3.734149] (control_bolide) StdoutLine: {'line': b'writing top-level names to ../../build/control_bolide/control_bolide.egg-info/top_level.txt\n'}
[3.739743] (planning_bolide) StdoutLine: {'line': b'writing ../../build/planning_bolide/planning_bolide.egg-info/PKG-INFO\n'}
[3.741707] (planning_bolide) StdoutLine: {'line': b'writing dependency_links to ../../build/planning_bolide/planning_bolide.egg-info/dependency_links.txt\n'}
[3.742651] (planning_bolide) StdoutLine: {'line': b'writing entry points to ../../build/planning_bolide/planning_bolide.egg-info/entry_points.txt\n'}
[3.744355] (planning_bolide) StdoutLine: {'line': b'writing requirements to ../../build/planning_bolide/planning_bolide.egg-info/requires.txt\n'}
[3.745602] (planning_bolide) StdoutLine: {'line': b'writing top-level names to ../../build/planning_bolide/planning_bolide.egg-info/top_level.txt\n'}
[3.752530] (-) TimerEvent: {}
[3.803947] (perception_bolide) StdoutLine: {'line': b"reading manifest file '../../build/perception_bolide/perception_bolide.egg-info/SOURCES.txt'\n"}
[3.805424] (perception_bolide) StdoutLine: {'line': b"adding license file 'LICENSE'\n"}
[3.806782] (perception_bolide) StdoutLine: {'line': b"writing manifest file '../../build/perception_bolide/perception_bolide.egg-info/SOURCES.txt'\n"}
[3.806985] (perception_bolide) StdoutLine: {'line': b'running build\n'}
[3.807113] (perception_bolide) StdoutLine: {'line': b'running build_py\n'}
[3.808956] (perception_bolide) StdoutLine: {'line': b'running install\n'}
[3.817233] (control_bolide) StdoutLine: {'line': b"reading manifest file '../../build/control_bolide/control_bolide.egg-info/SOURCES.txt'\n"}
[3.818366] (control_bolide) StdoutLine: {'line': b"adding license file 'LICENSE'\n"}
[3.819632] (perception_bolide) StdoutLine: {'line': b'running install_lib\n'}
[3.820674] (control_bolide) StdoutLine: {'line': b"writing manifest file '../../build/control_bolide/control_bolide.egg-info/SOURCES.txt'\n"}
[3.821072] (control_bolide) StdoutLine: {'line': b'running build\n'}
[3.821183] (control_bolide) StdoutLine: {'line': b'running build_py\n'}
[3.821286] (control_bolide) StdoutLine: {'line': b'running install\n'}
[3.825664] (planning_bolide) StdoutLine: {'line': b"reading manifest file '../../build/planning_bolide/planning_bolide.egg-info/SOURCES.txt'\n"}
[3.826620] (planning_bolide) StdoutLine: {'line': b"adding license file 'LICENSE'\n"}
[3.827925] (planning_bolide) StdoutLine: {'line': b"writing manifest file '../../build/planning_bolide/planning_bolide.egg-info/SOURCES.txt'\n"}
[3.828577] (planning_bolide) StdoutLine: {'line': b'running build\n'}
[3.829840] (planning_bolide) StdoutLine: {'line': b'running build_py\n'}
[3.830101] (planning_bolide) StdoutLine: {'line': b'running install\n'}
[3.832182] (control_bolide) StdoutLine: {'line': b'running install_lib\n'}
[3.839566] (planning_bolide) StdoutLine: {'line': b'running install_lib\n'}
[3.851465] (perception_bolide) StdoutLine: {'line': b'running install_data\n'}
[3.852559] (-) TimerEvent: {}
[3.852915] (perception_bolide) StdoutLine: {'line': b'running install_egg_info\n'}
[3.865371] (control_bolide) StdoutLine: {'line': b'running install_data\n'}
[3.866344] (control_bolide) StdoutLine: {'line': b'running install_egg_info\n'}
[3.872070] (planning_bolide) StdoutLine: {'line': b'running install_data\n'}
[3.873669] (planning_bolide) StdoutLine: {'line': b'copying launch/ready_for_nav.launch.py -> /home/voiture/course_2025_slam_pkgs/workspace/install/planning_bolide/share/planning_bolide/launch\n'}
[3.873886] (planning_bolide) StdoutLine: {'line': b'running install_egg_info\n'}
[3.886477] (perception_bolide) StdoutLine: {'line': b"removing '/home/voiture/course_2025_slam_pkgs/workspace/install/perception_bolide/lib/python3.12/site-packages/perception_bolide-0.1.0-py3.12.egg-info' (and everything under it)\n"}
[3.890149] (perception_bolide) StdoutLine: {'line': b'Copying ../../build/perception_bolide/perception_bolide.egg-info to /home/voiture/course_2025_slam_pkgs/workspace/install/perception_bolide/lib/python3.12/site-packages/perception_bolide-0.1.0-py3.12.egg-info\n'}
[3.893029] (perception_bolide) StdoutLine: {'line': b'running install_scripts\n'}
[3.901233] (control_bolide) StdoutLine: {'line': b"removing '/home/voiture/course_2025_slam_pkgs/workspace/install/control_bolide/lib/python3.12/site-packages/control_bolide-0.1.0-py3.12.egg-info' (and everything under it)\n"}
[3.905522] (control_bolide) StdoutLine: {'line': b'Copying ../../build/control_bolide/control_bolide.egg-info to /home/voiture/course_2025_slam_pkgs/workspace/install/control_bolide/lib/python3.12/site-packages/control_bolide-0.1.0-py3.12.egg-info\n'}
[3.906451] (control_bolide) StdoutLine: {'line': b'running install_scripts\n'}
[3.908216] (planning_bolide) StdoutLine: {'line': b"removing '/home/voiture/course_2025_slam_pkgs/workspace/install/planning_bolide/lib/python3.12/site-packages/planning_bolide-0.1.0-py3.12.egg-info' (and everything under it)\n"}
[3.913657] (planning_bolide) StdoutLine: {'line': b'Copying ../../build/planning_bolide/planning_bolide.egg-info to /home/voiture/course_2025_slam_pkgs/workspace/install/planning_bolide/lib/python3.12/site-packages/planning_bolide-0.1.0-py3.12.egg-info\n'}
[3.915066] (planning_bolide) StdoutLine: {'line': b'running install_scripts\n'}
[3.952711] (-) TimerEvent: {}
[4.056948] (-) TimerEvent: {}
[4.140446] (perception_bolide) StdoutLine: {'line': b'Installing calibrate_color script to /home/voiture/course_2025_slam_pkgs/workspace/install/perception_bolide/lib/perception_bolide\n'}
[4.148943] (perception_bolide) StdoutLine: {'line': b'Installing camera_info script to /home/voiture/course_2025_slam_pkgs/workspace/install/perception_bolide/lib/perception_bolide\n'}
[4.149266] (perception_bolide) StdoutLine: {'line': b'Installing camera_opencv script to /home/voiture/course_2025_slam_pkgs/workspace/install/perception_bolide/lib/perception_bolide\n'}
[4.149431] (perception_bolide) StdoutLine: {'line': b'Installing camera_publisher script to /home/voiture/course_2025_slam_pkgs/workspace/install/perception_bolide/lib/perception_bolide\n'}
[4.150044] (perception_bolide) StdoutLine: {'line': b'Installing dbscan_node script to /home/voiture/course_2025_slam_pkgs/workspace/install/perception_bolide/lib/perception_bolide\n'}
[4.150180] (perception_bolide) StdoutLine: {'line': b'Installing fork_publisher script to /home/voiture/course_2025_slam_pkgs/workspace/install/perception_bolide/lib/perception_bolide\n'}
[4.150283] (perception_bolide) StdoutLine: {'line': b'Installing imu_publisher script to /home/voiture/course_2025_slam_pkgs/workspace/install/perception_bolide/lib/perception_bolide\n'}
[4.150405] (perception_bolide) StdoutLine: {'line': b'Installing launch_ekf_map script to /home/voiture/course_2025_slam_pkgs/workspace/install/perception_bolide/lib/perception_bolide\n'}
[4.150504] (perception_bolide) StdoutLine: {'line': b'Installing lidar_process script to /home/voiture/course_2025_slam_pkgs/workspace/install/perception_bolide/lib/perception_bolide\n'}
[4.150596] (perception_bolide) StdoutLine: {'line': b'Installing lidar_publisher script to /home/voiture/course_2025_slam_pkgs/workspace/install/perception_bolide/lib/perception_bolide\n'}
[4.150687] (perception_bolide) StdoutLine: {'line': b'Installing lidar_vizu script to /home/voiture/course_2025_slam_pkgs/workspace/install/perception_bolide/lib/perception_bolide\n'}
[4.151867] (perception_bolide) StdoutLine: {'line': b'Installing odom_fork_imu script to /home/voiture/course_2025_slam_pkgs/workspace/install/perception_bolide/lib/perception_bolide\n'}
[4.152063] (perception_bolide) StdoutLine: {'line': b'Installing odom_fork_imu_sim script to /home/voiture/course_2025_slam_pkgs/workspace/install/perception_bolide/lib/perception_bolide\n'}
[4.152164] (perception_bolide) StdoutLine: {'line': b'Installing rear_ranges_publisher script to /home/voiture/course_2025_slam_pkgs/workspace/install/perception_bolide/lib/perception_bolide\n'}
[4.152282] (perception_bolide) StdoutLine: {'line': b'Installing stm32_publisher script to /home/voiture/course_2025_slam_pkgs/workspace/install/perception_bolide/lib/perception_bolide\n'}
[4.154269] (perception_bolide) StdoutLine: {'line': b"writing list of installed files to '/home/voiture/course_2025_slam_pkgs/workspace/build/perception_bolide/install.log'\n"}
[4.157951] (-) TimerEvent: {}
[4.159027] (control_bolide) StdoutLine: {'line': b'Installing ackermann_controller script to /home/voiture/course_2025_slam_pkgs/workspace/install/control_bolide/lib/control_bolide\n'}
[4.159627] (control_bolide) StdoutLine: {'line': b'Installing calibration_direction script to /home/voiture/course_2025_slam_pkgs/workspace/install/control_bolide/lib/control_bolide\n'}
[4.159830] (control_bolide) StdoutLine: {'line': b'Installing calibration_direction_copy script to /home/voiture/course_2025_slam_pkgs/workspace/install/control_bolide/lib/control_bolide\n'}
[4.160706] (control_bolide) StdoutLine: {'line': b'Installing cmd_dir script to /home/voiture/course_2025_slam_pkgs/workspace/install/control_bolide/lib/control_bolide\n'}
[4.161205] (control_bolide) StdoutLine: {'line': b'Installing cmd_vel script to /home/voiture/course_2025_slam_pkgs/workspace/install/control_bolide/lib/control_bolide\n'}
[4.162154] (control_bolide) StdoutLine: {'line': b'Installing cmd_vel_vizu script to /home/voiture/course_2025_slam_pkgs/workspace/install/control_bolide/lib/control_bolide\n'}
[4.162405] (control_bolide) StdoutLine: {'line': b'Installing obstacle_detection script to /home/voiture/course_2025_slam_pkgs/workspace/install/control_bolide/lib/control_bolide\n'}
[4.162533] (control_bolide) StdoutLine: {'line': b'Installing speed_direction_controller script to /home/voiture/course_2025_slam_pkgs/workspace/install/control_bolide/lib/control_bolide\n'}
[4.162687] (control_bolide) StdoutLine: {'line': b'Installing stanley_controller script to /home/voiture/course_2025_slam_pkgs/workspace/install/control_bolide/lib/control_bolide\n'}
[4.162802] (control_bolide) StdoutLine: {'line': b"writing list of installed files to '/home/voiture/course_2025_slam_pkgs/workspace/build/control_bolide/install.log'\n"}
[4.167758] (planning_bolide) StdoutLine: {'line': b'Installing speed_direction_controller script to /home/voiture/course_2025_slam_pkgs/workspace/install/planning_bolide/lib/planning_bolide\n'}
[4.168224] (planning_bolide) StdoutLine: {'line': b'Installing teleop_node script to /home/voiture/course_2025_slam_pkgs/workspace/install/planning_bolide/lib/planning_bolide\n'}
[4.172179] (planning_bolide) StdoutLine: {'line': b"writing list of installed files to '/home/voiture/course_2025_slam_pkgs/workspace/build/planning_bolide/install.log'\n"}
[4.259013] (-) TimerEvent: {}
[4.321921] (perception_bolide) CommandEnded: {'returncode': 0}
[4.336939] (perception_bolide) JobEnded: {'identifier': 'perception_bolide', 'rc': 0}
[4.339044] (planning_bolide) CommandEnded: {'returncode': 0}
[4.350261] (planning_bolide) JobEnded: {'identifier': 'planning_bolide', 'rc': 0}
[4.351713] (control_bolide) CommandEnded: {'returncode': 0}
[4.359084] (-) TimerEvent: {}
[4.359902] (control_bolide) JobEnded: {'identifier': 'control_bolide', 'rc': 0}
[4.361008] (-) EventReactorShutdown: {}
