[0.000000] (-) TimerEvent: {}
[0.000393] (-) JobUnselected: {'identifier': 'particle_filter'}
[0.000786] (-) JobUnselected: {'identifier': 'slam_karto'}
[0.001214] (-) JobUnselected: {'identifier': 'sllidar_ros2'}
[0.001395] (bolide_interfaces) JobQueued: {'identifier': 'bolide_interfaces', 'dependencies': OrderedDict()}
[0.001438] (control_bolide) JobQueued: {'identifier': 'control_bolide', 'dependencies': OrderedDict({'bolide_interfaces': '/home/voiture/course_2025_slam_pkgs/workspace/install/bolide_interfaces'})}
[0.001476] (perception_bolide) JobQueued: {'identifier': 'perception_bolide', 'dependencies': OrderedDict({'bolide_interfaces': '/home/voiture/course_2025_slam_pkgs/workspace/install/bolide_interfaces'})}
[0.001504] (planning_bolide) JobQueued: {'identifier': 'planning_bolide', 'dependencies': OrderedDict({'bolide_interfaces': '/home/voiture/course_2025_slam_pkgs/workspace/install/bolide_interfaces'})}
[0.001531] (bolide_interfaces) JobStarted: {'identifier': 'bolide_interfaces'}
[0.016083] (bolide_interfaces) JobProgress: {'identifier': 'bolide_interfaces', 'progress': 'cmake'}
[0.017764] (bolide_interfaces) JobProgress: {'identifier': 'bolide_interfaces', 'progress': 'build'}
[0.018562] (bolide_interfaces) Command: {'cmd': ['/usr/bin/cmake', '--build', '/home/voiture/course_2025_slam_pkgs/workspace/build/bolide_interfaces', '--', '-j4', '-l4'], 'cwd': '/home/voiture/course_2025_slam_pkgs/workspace/build/bolide_interfaces', 'env': OrderedDict({'LESSOPEN': '| /usr/bin/lesspipe %s', 'LANGUAGE': 'en', 'USER': 'voiture', 'XDG_SESSION_TYPE': 'x11', 'CLUTTER_DISABLE_MIPMAPPED_TEXT': '1', 'SHLVL': '1', 'LD_LIBRARY_PATH': '/home/voiture/course_2025_slam_pkgs/workspace/install/bolide_interfaces/lib:/opt/ros/jazzy/opt/rviz_ogre_vendor/lib:/opt/ros/jazzy/lib/aarch64-linux-gnu:/opt/ros/jazzy/opt/gz_math_vendor/lib:/opt/ros/jazzy/opt/gz_utils_vendor/lib:/opt/ros/jazzy/opt/gz_cmake_vendor/lib:/opt/ros/jazzy/lib', 'HOME': '/home/voiture', 'OLDPWD': '/home/voiture', 'DESKTOP_SESSION': 'ubuntu', 'ROS_PYTHON_VERSION': '3', 'GNOME_SHELL_SESSION_MODE': 'ubuntu', 'GTK_MODULES': 'gail:atk-bridge', 'XDG_SEAT_PATH': '/org/freedesktop/DisplayManager/Seat0', 'PS1': '\\[\\e]0;\\u@\\h: \\w\\a\\]${debian_chroot:+($debian_chroot)}\\[\\033[01;32m\\]\\u@\\h\\[\\033[00m\\]:\\[\\033[01;34m\\]\\w\\[\\033[00m\\]\\$', 'SYSTEMD_EXEC_PID': '2120', 'GSM_SKIP_SSH_AGENT_WORKAROUND': 'true', 'DBUS_SESSION_BUS_ADDRESS': 'unix:path=/run/user/1002/bus', 'COLORTERM': 'truecolor', 'DEBUGINFOD_URLS': 'https://debuginfod.ubuntu.com', 'IM_CONFIG_PHASE': '1', 'COLCON_PREFIX_PATH': '/home/voiture/course_2025_slam_pkgs/workspace/install', 'ROS_DISTRO': 'jazzy', 'LOGNAME': 'voiture', '_': '/usr/bin/colcon', 'ROS_VERSION': '2', 'MEMORY_PRESSURE_WATCH': '/sys/fs/cgroup/user.slice/user-1002.slice/user@1002.service/session.slice/org.gnome.Shell@x11.service/memory.pressure', 'XDG_SESSION_CLASS': 'user', 'TERM': 'xterm-256color', 'GNOME_DESKTOP_SESSION_ID': 'this-is-deprecated', 'PATH': '/opt/ros/jazzy/bin:/usr/local/sbin:/usr/local/bin:/usr/sbin:/usr/bin:/sbin:/bin:/usr/games:/usr/local/games:/snap/bin', 'SESSION_MANAGER': 'local/voiture1:@/tmp/.ICE-unix/2087,unix/voiture1:/tmp/.ICE-unix/2087', 'GDM_LANG': 'en', 'XDG_SESSION_PATH': '/org/freedesktop/DisplayManager/Session0', 'XDG_MENU_PREFIX': 'gnome-', 'GNOME_TERMINAL_SCREEN': '/org/gnome/Terminal/screen/bb37d3ac_3e05_49b7_8b52_9f2fe2d04ef2', 'XDG_RUNTIME_DIR': '/run/user/1002', 'DISPLAY': ':0', 'LANG': 'C.UTF-8', 'XDG_CURRENT_DESKTOP': 'ubuntu:GNOME', 'XMODIFIERS': '@im=ibus', 'XDG_SESSION_DESKTOP': 'ubuntu', 'XAUTHORITY': '/home/voiture/.Xauthority', 'LS_COLORS': 'rs=0:di=01;34:ln=01;36:mh=00:pi=40;33:so=01;35:do=01;35:bd=40;33;01:cd=40;33;01:or=40;31;01:mi=00:su=37;41:sg=30;43:ca=00:tw=30;42:ow=34;42:st=37;44:ex=01;32:*.tar=01;31:*.tgz=01;31:*.arc=01;31:*.arj=01;31:*.taz=01;31:*.lha=01;31:*.lz4=01;31:*.lzh=01;31:*.lzma=01;31:*.tlz=01;31:*.txz=01;31:*.tzo=01;31:*.t7z=01;31:*.zip=01;31:*.z=01;31:*.dz=01;31:*.gz=01;31:*.lrz=01;31:*.lz=01;31:*.lzo=01;31:*.xz=01;31:*.zst=01;31:*.tzst=01;31:*.bz2=01;31:*.bz=01;31:*.tbz=01;31:*.tbz2=01;31:*.tz=01;31:*.deb=01;31:*.rpm=01;31:*.jar=01;31:*.war=01;31:*.ear=01;31:*.sar=01;31:*.rar=01;31:*.alz=01;31:*.ace=01;31:*.zoo=01;31:*.cpio=01;31:*.7z=01;31:*.rz=01;31:*.cab=01;31:*.wim=01;31:*.swm=01;31:*.dwm=01;31:*.esd=01;31:*.avif=01;35:*.jpg=01;35:*.jpeg=01;35:*.mjpg=01;35:*.mjpeg=01;35:*.gif=01;35:*.bmp=01;35:*.pbm=01;35:*.pgm=01;35:*.ppm=01;35:*.tga=01;35:*.xbm=01;35:*.xpm=01;35:*.tif=01;35:*.tiff=01;35:*.png=01;35:*.svg=01;35:*.svgz=01;35:*.mng=01;35:*.pcx=01;35:*.mov=01;35:*.mpg=01;35:*.mpeg=01;35:*.m2v=01;35:*.mkv=01;35:*.webm=01;35:*.webp=01;35:*.ogm=01;35:*.mp4=01;35:*.m4v=01;35:*.mp4v=01;35:*.vob=01;35:*.qt=01;35:*.nuv=01;35:*.wmv=01;35:*.asf=01;35:*.rm=01;35:*.rmvb=01;35:*.flc=01;35:*.avi=01;35:*.fli=01;35:*.flv=01;35:*.gl=01;35:*.dl=01;35:*.xcf=01;35:*.xwd=01;35:*.yuv=01;35:*.cgm=01;35:*.emf=01;35:*.ogv=01;35:*.ogx=01;35:*.aac=00;36:*.au=00;36:*.flac=00;36:*.m4a=00;36:*.mid=00;36:*.midi=00;36:*.mka=00;36:*.mp3=00;36:*.mpc=00;36:*.ogg=00;36:*.ra=00;36:*.wav=00;36:*.oga=00;36:*.opus=00;36:*.spx=00;36:*.xspf=00;36:*~=00;90:*#=00;90:*.bak=00;90:*.crdownload=00;90:*.dpkg-dist=00;90:*.dpkg-new=00;90:*.dpkg-old=00;90:*.dpkg-tmp=00;90:*.old=00;90:*.orig=00;90:*.part=00;90:*.rej=00;90:*.rpmnew=00;90:*.rpmorig=00;90:*.rpmsave=00;90:*.swp=00;90:*.tmp=00;90:*.ucf-dist=00;90:*.ucf-new=00;90:*.ucf-old=00;90:', 'GNOME_TERMINAL_SERVICE': ':1.103', 'SSH_AUTH_SOCK': '/run/user/1002/keyring/ssh', 'ROS_DOMAIN_ID': '10', 'XDG_GREETER_DATA_DIR': '/var/lib/lightdm-data/voiture', 'AMENT_PREFIX_PATH': '/home/voiture/course_2025_slam_pkgs/workspace/install/sllidar_ros2:/home/voiture/course_2025_slam_pkgs/workspace/install/planning_bolide:/home/voiture/course_2025_slam_pkgs/workspace/install/perception_bolide:/home/voiture/course_2025_slam_pkgs/workspace/install/particle_filter:/home/voiture/course_2025_slam_pkgs/workspace/install/control_bolide:/home/voiture/course_2025_slam_pkgs/workspace/install/bolide_interfaces:/opt/ros/jazzy', 'SHELL': '/bin/bash', 'QT_ACCESSIBILITY': '1', 'GDMSESSION': 'ubuntu', 'LESSCLOSE': '/usr/bin/lesspipe %s %s', 'GPG_AGENT_INFO': '/run/user/1002/gnupg/S.gpg-agent:0:1', 'ROS_AUTOMATIC_DISCOVERY_RANGE': 'SUBNET', 'QT_IM_MODULE': 'ibus', 'PWD': '/home/voiture/course_2025_slam_pkgs/workspace/build/bolide_interfaces', 'XDG_CONFIG_DIRS': '/etc/xdg/xdg-ubuntu:/etc/xdg', 'XDG_DATA_DIRS': '/usr/share/ubuntu:/usr/share/gnome:/usr/local/share:/usr/share:/var/lib/snapd/desktop', 'PYTHONPATH': '/home/voiture/course_2025_slam_pkgs/workspace/install/planning_bolide/lib/python3.12/site-packages:/home/voiture/course_2025_slam_pkgs/workspace/install/perception_bolide/lib/python3.12/site-packages:/home/voiture/course_2025_slam_pkgs/workspace/install/particle_filter/lib/python3.12/site-packages:/home/voiture/course_2025_slam_pkgs/workspace/install/control_bolide/lib/python3.12/site-packages:/home/voiture/course_2025_slam_pkgs/workspace/install/bolide_interfaces/lib/python3.12/site-packages:/opt/ros/jazzy/lib/python3.12/site-packages', 'COLCON': '1', 'MEMORY_PRESSURE_WRITE': 'c29tZSAyMDAwMDAgMjAwMDAwMAA=', 'VTE_VERSION': '7600', 'CMAKE_PREFIX_PATH': '/home/voiture/course_2025_slam_pkgs/workspace/install/sllidar_ros2:/home/voiture/course_2025_slam_pkgs/workspace/install/bolide_interfaces:/opt/ros/jazzy/opt/gz_math_vendor:/opt/ros/jazzy/opt/gz_utils_vendor:/opt/ros/jazzy/opt/gz_cmake_vendor:/home/voiture/course_2025_slam_pkgs/workspace/install/planning_bolide:/home/voiture/course_2025_slam_pkgs/workspace/install/perception_bolide:/home/voiture/course_2025_slam_pkgs/workspace/install/particle_filter:/home/voiture/course_2025_slam_pkgs/workspace/install/control_bolide:/opt/ros/jazzy'}), 'shell': False}
[0.099670] (-) TimerEvent: {}
[0.130425] (bolide_interfaces) StdoutLine: {'line': b'[  1%] Built target bolide_interfaces__rosidl_generator_type_description\n'}
[0.191252] (bolide_interfaces) StdoutLine: {'line': b'[  1%] Built target ament_cmake_python_copy_bolide_interfaces\n'}
[0.199778] (-) TimerEvent: {}
[0.254832] (bolide_interfaces) StdoutLine: {'line': b'[ 24%] Built target bolide_interfaces__rosidl_generator_c\n'}
[0.299936] (-) TimerEvent: {}
[0.400502] (-) TimerEvent: {}
[0.505075] (-) TimerEvent: {}
[0.609885] (-) TimerEvent: {}
[0.710237] (-) TimerEvent: {}
[0.754520] (bolide_interfaces) StdoutLine: {'line': b'running egg_info\n'}
[0.784242] (bolide_interfaces) StdoutLine: {'line': b'writing bolide_interfaces.egg-info/PKG-INFO\n'}
[0.784725] (bolide_interfaces) StdoutLine: {'line': b'writing dependency_links to bolide_interfaces.egg-info/dependency_links.txt\n'}
[0.786687] (bolide_interfaces) StdoutLine: {'line': b'writing top-level names to bolide_interfaces.egg-info/top_level.txt\n'}
[0.810339] (-) TimerEvent: {}
[0.875116] (bolide_interfaces) StdoutLine: {'line': b"reading manifest file 'bolide_interfaces.egg-info/SOURCES.txt'\n"}
[0.876157] (bolide_interfaces) StdoutLine: {'line': b"writing manifest file 'bolide_interfaces.egg-info/SOURCES.txt'\n"}
[0.910447] (-) TimerEvent: {}
[0.952981] (bolide_interfaces) StdoutLine: {'line': b'[ 24%] Built target ament_cmake_python_build_bolide_interfaces_egg\n'}
[1.004267] (bolide_interfaces) StdoutLine: {'line': b'[ 33%] Built target bolide_interfaces__rosidl_typesupport_introspection_c\n'}
[1.010564] (-) TimerEvent: {}
[1.055517] (bolide_interfaces) StdoutLine: {'line': b'[ 43%] Built target bolide_interfaces__rosidl_typesupport_c\n'}
[1.108229] (bolide_interfaces) StdoutLine: {'line': b'[ 52%] Built target bolide_interfaces__rosidl_typesupport_fastrtps_c\n'}
[1.110666] (-) TimerEvent: {}
[1.156603] (bolide_interfaces) StdoutLine: {'line': b'[ 54%] Built target bolide_interfaces__cpp\n'}
[1.210789] (-) TimerEvent: {}
[1.213151] (bolide_interfaces) StdoutLine: {'line': b'[ 63%] Built target bolide_interfaces__rosidl_typesupport_cpp\n'}
[1.263062] (bolide_interfaces) StdoutLine: {'line': b'[ 72%] Built target bolide_interfaces__rosidl_typesupport_introspection_cpp\n'}
[1.310916] (-) TimerEvent: {}
[1.315462] (bolide_interfaces) StdoutLine: {'line': b'[ 82%] Built target bolide_interfaces__rosidl_typesupport_fastrtps_cpp\n'}
[1.361180] (bolide_interfaces) StdoutLine: {'line': b'[ 82%] Built target bolide_interfaces\n'}
[1.404834] (bolide_interfaces) StdoutLine: {'line': b'[ 83%] Built target bolide_interfaces__py\n'}
[1.411011] (-) TimerEvent: {}
[1.455379] (bolide_interfaces) StdoutLine: {'line': b'[ 91%] Built target bolide_interfaces__rosidl_generator_py\n'}
[1.503837] (bolide_interfaces) StdoutLine: {'line': b'[ 94%] Built target bolide_interfaces_s__rosidl_typesupport_fastrtps_c\n'}
[1.511130] (-) TimerEvent: {}
[1.556192] (bolide_interfaces) StdoutLine: {'line': b'[ 97%] Built target bolide_interfaces_s__rosidl_typesupport_c\n'}
[1.609308] (bolide_interfaces) StdoutLine: {'line': b'[100%] Built target bolide_interfaces_s__rosidl_typesupport_introspection_c\n'}
[1.611243] (-) TimerEvent: {}
[1.657298] (bolide_interfaces) CommandEnded: {'returncode': 0}
[1.658732] (bolide_interfaces) JobProgress: {'identifier': 'bolide_interfaces', 'progress': 'install'}
[1.681860] (bolide_interfaces) Command: {'cmd': ['/usr/bin/cmake', '--install', '/home/voiture/course_2025_slam_pkgs/workspace/build/bolide_interfaces'], 'cwd': '/home/voiture/course_2025_slam_pkgs/workspace/build/bolide_interfaces', 'env': OrderedDict({'LESSOPEN': '| /usr/bin/lesspipe %s', 'LANGUAGE': 'en', 'USER': 'voiture', 'XDG_SESSION_TYPE': 'x11', 'CLUTTER_DISABLE_MIPMAPPED_TEXT': '1', 'SHLVL': '1', 'LD_LIBRARY_PATH': '/home/voiture/course_2025_slam_pkgs/workspace/install/bolide_interfaces/lib:/opt/ros/jazzy/opt/rviz_ogre_vendor/lib:/opt/ros/jazzy/lib/aarch64-linux-gnu:/opt/ros/jazzy/opt/gz_math_vendor/lib:/opt/ros/jazzy/opt/gz_utils_vendor/lib:/opt/ros/jazzy/opt/gz_cmake_vendor/lib:/opt/ros/jazzy/lib', 'HOME': '/home/voiture', 'OLDPWD': '/home/voiture', 'DESKTOP_SESSION': 'ubuntu', 'ROS_PYTHON_VERSION': '3', 'GNOME_SHELL_SESSION_MODE': 'ubuntu', 'GTK_MODULES': 'gail:atk-bridge', 'XDG_SEAT_PATH': '/org/freedesktop/DisplayManager/Seat0', 'PS1': '\\[\\e]0;\\u@\\h: \\w\\a\\]${debian_chroot:+($debian_chroot)}\\[\\033[01;32m\\]\\u@\\h\\[\\033[00m\\]:\\[\\033[01;34m\\]\\w\\[\\033[00m\\]\\$', 'SYSTEMD_EXEC_PID': '2120', 'GSM_SKIP_SSH_AGENT_WORKAROUND': 'true', 'DBUS_SESSION_BUS_ADDRESS': 'unix:path=/run/user/1002/bus', 'COLORTERM': 'truecolor', 'DEBUGINFOD_URLS': 'https://debuginfod.ubuntu.com', 'IM_CONFIG_PHASE': '1', 'COLCON_PREFIX_PATH': '/home/voiture/course_2025_slam_pkgs/workspace/install', 'ROS_DISTRO': 'jazzy', 'LOGNAME': 'voiture', '_': '/usr/bin/colcon', 'ROS_VERSION': '2', 'MEMORY_PRESSURE_WATCH': '/sys/fs/cgroup/user.slice/user-1002.slice/user@1002.service/session.slice/org.gnome.Shell@x11.service/memory.pressure', 'XDG_SESSION_CLASS': 'user', 'TERM': 'xterm-256color', 'GNOME_DESKTOP_SESSION_ID': 'this-is-deprecated', 'PATH': '/opt/ros/jazzy/bin:/usr/local/sbin:/usr/local/bin:/usr/sbin:/usr/bin:/sbin:/bin:/usr/games:/usr/local/games:/snap/bin', 'SESSION_MANAGER': 'local/voiture1:@/tmp/.ICE-unix/2087,unix/voiture1:/tmp/.ICE-unix/2087', 'GDM_LANG': 'en', 'XDG_SESSION_PATH': '/org/freedesktop/DisplayManager/Session0', 'XDG_MENU_PREFIX': 'gnome-', 'GNOME_TERMINAL_SCREEN': '/org/gnome/Terminal/screen/bb37d3ac_3e05_49b7_8b52_9f2fe2d04ef2', 'XDG_RUNTIME_DIR': '/run/user/1002', 'DISPLAY': ':0', 'LANG': 'C.UTF-8', 'XDG_CURRENT_DESKTOP': 'ubuntu:GNOME', 'XMODIFIERS': '@im=ibus', 'XDG_SESSION_DESKTOP': 'ubuntu', 'XAUTHORITY': '/home/voiture/.Xauthority', 'LS_COLORS': 'rs=0:di=01;34:ln=01;36:mh=00:pi=40;33:so=01;35:do=01;35:bd=40;33;01:cd=40;33;01:or=40;31;01:mi=00:su=37;41:sg=30;43:ca=00:tw=30;42:ow=34;42:st=37;44:ex=01;32:*.tar=01;31:*.tgz=01;31:*.arc=01;31:*.arj=01;31:*.taz=01;31:*.lha=01;31:*.lz4=01;31:*.lzh=01;31:*.lzma=01;31:*.tlz=01;31:*.txz=01;31:*.tzo=01;31:*.t7z=01;31:*.zip=01;31:*.z=01;31:*.dz=01;31:*.gz=01;31:*.lrz=01;31:*.lz=01;31:*.lzo=01;31:*.xz=01;31:*.zst=01;31:*.tzst=01;31:*.bz2=01;31:*.bz=01;31:*.tbz=01;31:*.tbz2=01;31:*.tz=01;31:*.deb=01;31:*.rpm=01;31:*.jar=01;31:*.war=01;31:*.ear=01;31:*.sar=01;31:*.rar=01;31:*.alz=01;31:*.ace=01;31:*.zoo=01;31:*.cpio=01;31:*.7z=01;31:*.rz=01;31:*.cab=01;31:*.wim=01;31:*.swm=01;31:*.dwm=01;31:*.esd=01;31:*.avif=01;35:*.jpg=01;35:*.jpeg=01;35:*.mjpg=01;35:*.mjpeg=01;35:*.gif=01;35:*.bmp=01;35:*.pbm=01;35:*.pgm=01;35:*.ppm=01;35:*.tga=01;35:*.xbm=01;35:*.xpm=01;35:*.tif=01;35:*.tiff=01;35:*.png=01;35:*.svg=01;35:*.svgz=01;35:*.mng=01;35:*.pcx=01;35:*.mov=01;35:*.mpg=01;35:*.mpeg=01;35:*.m2v=01;35:*.mkv=01;35:*.webm=01;35:*.webp=01;35:*.ogm=01;35:*.mp4=01;35:*.m4v=01;35:*.mp4v=01;35:*.vob=01;35:*.qt=01;35:*.nuv=01;35:*.wmv=01;35:*.asf=01;35:*.rm=01;35:*.rmvb=01;35:*.flc=01;35:*.avi=01;35:*.fli=01;35:*.flv=01;35:*.gl=01;35:*.dl=01;35:*.xcf=01;35:*.xwd=01;35:*.yuv=01;35:*.cgm=01;35:*.emf=01;35:*.ogv=01;35:*.ogx=01;35:*.aac=00;36:*.au=00;36:*.flac=00;36:*.m4a=00;36:*.mid=00;36:*.midi=00;36:*.mka=00;36:*.mp3=00;36:*.mpc=00;36:*.ogg=00;36:*.ra=00;36:*.wav=00;36:*.oga=00;36:*.opus=00;36:*.spx=00;36:*.xspf=00;36:*~=00;90:*#=00;90:*.bak=00;90:*.crdownload=00;90:*.dpkg-dist=00;90:*.dpkg-new=00;90:*.dpkg-old=00;90:*.dpkg-tmp=00;90:*.old=00;90:*.orig=00;90:*.part=00;90:*.rej=00;90:*.rpmnew=00;90:*.rpmorig=00;90:*.rpmsave=00;90:*.swp=00;90:*.tmp=00;90:*.ucf-dist=00;90:*.ucf-new=00;90:*.ucf-old=00;90:', 'GNOME_TERMINAL_SERVICE': ':1.103', 'SSH_AUTH_SOCK': '/run/user/1002/keyring/ssh', 'ROS_DOMAIN_ID': '10', 'XDG_GREETER_DATA_DIR': '/var/lib/lightdm-data/voiture', 'AMENT_PREFIX_PATH': '/home/voiture/course_2025_slam_pkgs/workspace/install/sllidar_ros2:/home/voiture/course_2025_slam_pkgs/workspace/install/planning_bolide:/home/voiture/course_2025_slam_pkgs/workspace/install/perception_bolide:/home/voiture/course_2025_slam_pkgs/workspace/install/particle_filter:/home/voiture/course_2025_slam_pkgs/workspace/install/control_bolide:/home/voiture/course_2025_slam_pkgs/workspace/install/bolide_interfaces:/opt/ros/jazzy', 'SHELL': '/bin/bash', 'QT_ACCESSIBILITY': '1', 'GDMSESSION': 'ubuntu', 'LESSCLOSE': '/usr/bin/lesspipe %s %s', 'GPG_AGENT_INFO': '/run/user/1002/gnupg/S.gpg-agent:0:1', 'ROS_AUTOMATIC_DISCOVERY_RANGE': 'SUBNET', 'QT_IM_MODULE': 'ibus', 'PWD': '/home/voiture/course_2025_slam_pkgs/workspace/build/bolide_interfaces', 'XDG_CONFIG_DIRS': '/etc/xdg/xdg-ubuntu:/etc/xdg', 'XDG_DATA_DIRS': '/usr/share/ubuntu:/usr/share/gnome:/usr/local/share:/usr/share:/var/lib/snapd/desktop', 'PYTHONPATH': '/home/voiture/course_2025_slam_pkgs/workspace/install/planning_bolide/lib/python3.12/site-packages:/home/voiture/course_2025_slam_pkgs/workspace/install/perception_bolide/lib/python3.12/site-packages:/home/voiture/course_2025_slam_pkgs/workspace/install/particle_filter/lib/python3.12/site-packages:/home/voiture/course_2025_slam_pkgs/workspace/install/control_bolide/lib/python3.12/site-packages:/home/voiture/course_2025_slam_pkgs/workspace/install/bolide_interfaces/lib/python3.12/site-packages:/opt/ros/jazzy/lib/python3.12/site-packages', 'COLCON': '1', 'MEMORY_PRESSURE_WRITE': 'c29tZSAyMDAwMDAgMjAwMDAwMAA=', 'VTE_VERSION': '7600', 'CMAKE_PREFIX_PATH': '/home/voiture/course_2025_slam_pkgs/workspace/install/sllidar_ros2:/home/voiture/course_2025_slam_pkgs/workspace/install/bolide_interfaces:/opt/ros/jazzy/opt/gz_math_vendor:/opt/ros/jazzy/opt/gz_utils_vendor:/opt/ros/jazzy/opt/gz_cmake_vendor:/home/voiture/course_2025_slam_pkgs/workspace/install/planning_bolide:/home/voiture/course_2025_slam_pkgs/workspace/install/perception_bolide:/home/voiture/course_2025_slam_pkgs/workspace/install/particle_filter:/home/voiture/course_2025_slam_pkgs/workspace/install/control_bolide:/opt/ros/jazzy'}), 'shell': False}
[1.705436] (bolide_interfaces) StdoutLine: {'line': b'-- Install configuration: ""\n'}
[1.705843] (bolide_interfaces) StdoutLine: {'line': b'-- Up-to-date: /home/voiture/course_2025_slam_pkgs/workspace/install/bolide_interfaces/share/ament_index/resource_index/rosidl_interfaces/bolide_interfaces\n'}
[1.706131] (bolide_interfaces) StdoutLine: {'line': b'-- Up-to-date: /home/voiture/course_2025_slam_pkgs/workspace/install/bolide_interfaces/share/bolide_interfaces/msg/CameraInfo.json\n'}
[1.706392] (bolide_interfaces) StdoutLine: {'line': b'-- Up-to-date: /home/voiture/course_2025_slam_pkgs/workspace/install/bolide_interfaces/share/bolide_interfaces/msg/ForkSpeed.json\n'}
[1.706569] (bolide_interfaces) StdoutLine: {'line': b'-- Up-to-date: /home/voiture/course_2025_slam_pkgs/workspace/install/bolide_interfaces/share/bolide_interfaces/msg/MultipleRange.json\n'}
[1.706814] (bolide_interfaces) StdoutLine: {'line': b'-- Up-to-date: /home/voiture/course_2025_slam_pkgs/workspace/install/bolide_interfaces/share/bolide_interfaces/msg/SpeedDirection.json\n'}
[1.706969] (bolide_interfaces) StdoutLine: {'line': b'-- Up-to-date: /home/voiture/course_2025_slam_pkgs/workspace/install/bolide_interfaces/share/bolide_interfaces/srv/LaunchEkf.json\n'}
[1.707112] (bolide_interfaces) StdoutLine: {'line': b'-- Up-to-date: /home/voiture/course_2025_slam_pkgs/workspace/install/bolide_interfaces/include/bolide_interfaces/bolide_interfaces\n'}
[1.707253] (bolide_interfaces) StdoutLine: {'line': b'-- Up-to-date: /home/voiture/course_2025_slam_pkgs/workspace/install/bolide_interfaces/include/bolide_interfaces/bolide_interfaces/srv\n'}
[1.707474] (bolide_interfaces) StdoutLine: {'line': b'-- Up-to-date: /home/voiture/course_2025_slam_pkgs/workspace/install/bolide_interfaces/include/bolide_interfaces/bolide_interfaces/srv/detail\n'}
[1.707631] (bolide_interfaces) StdoutLine: {'line': b'-- Installing: /home/voiture/course_2025_slam_pkgs/workspace/install/bolide_interfaces/include/bolide_interfaces/bolide_interfaces/srv/detail/launch_ekf__type_support.c\n'}
[1.707838] (bolide_interfaces) StdoutLine: {'line': b'-- Up-to-date: /home/voiture/course_2025_slam_pkgs/workspace/install/bolide_interfaces/include/bolide_interfaces/bolide_interfaces/srv/detail/launch_ekf__functions.c\n'}
[1.707975] (bolide_interfaces) StdoutLine: {'line': b'-- Up-to-date: /home/voiture/course_2025_slam_pkgs/workspace/install/bolide_interfaces/include/bolide_interfaces/bolide_interfaces/srv/detail/launch_ekf__struct.h\n'}
[1.708204] (bolide_interfaces) StdoutLine: {'line': b'-- Up-to-date: /home/voiture/course_2025_slam_pkgs/workspace/install/bolide_interfaces/include/bolide_interfaces/bolide_interfaces/srv/detail/launch_ekf__type_support.h\n'}
[1.708345] (bolide_interfaces) StdoutLine: {'line': b'-- Up-to-date: /home/voiture/course_2025_slam_pkgs/workspace/install/bolide_interfaces/include/bolide_interfaces/bolide_interfaces/srv/detail/launch_ekf__functions.h\n'}
[1.708498] (bolide_interfaces) StdoutLine: {'line': b'-- Up-to-date: /home/voiture/course_2025_slam_pkgs/workspace/install/bolide_interfaces/include/bolide_interfaces/bolide_interfaces/srv/detail/launch_ekf__description.c\n'}
[1.708639] (bolide_interfaces) StdoutLine: {'line': b'-- Up-to-date: /home/voiture/course_2025_slam_pkgs/workspace/install/bolide_interfaces/include/bolide_interfaces/bolide_interfaces/srv/launch_ekf.h\n'}
[1.708786] (bolide_interfaces) StdoutLine: {'line': b'-- Up-to-date: /home/voiture/course_2025_slam_pkgs/workspace/install/bolide_interfaces/include/bolide_interfaces/bolide_interfaces/msg\n'}
[1.708997] (bolide_interfaces) StdoutLine: {'line': b'-- Up-to-date: /home/voiture/course_2025_slam_pkgs/workspace/install/bolide_interfaces/include/bolide_interfaces/bolide_interfaces/msg/camera_info.h\n'}
[1.709129] (bolide_interfaces) StdoutLine: {'line': b'-- Up-to-date: /home/voiture/course_2025_slam_pkgs/workspace/install/bolide_interfaces/include/bolide_interfaces/bolide_interfaces/msg/rosidl_generator_c__visibility_control.h\n'}
[1.709329] (bolide_interfaces) StdoutLine: {'line': b'-- Up-to-date: /home/voiture/course_2025_slam_pkgs/workspace/install/bolide_interfaces/include/bolide_interfaces/bolide_interfaces/msg/detail\n'}
[1.709472] (bolide_interfaces) StdoutLine: {'line': b'-- Up-to-date: /home/voiture/course_2025_slam_pkgs/workspace/install/bolide_interfaces/include/bolide_interfaces/bolide_interfaces/msg/detail/multiple_range__functions.h\n'}
[1.709627] (bolide_interfaces) StdoutLine: {'line': b'-- Installing: /home/voiture/course_2025_slam_pkgs/workspace/install/bolide_interfaces/include/bolide_interfaces/bolide_interfaces/msg/detail/multiple_range__type_support.c\n'}
[1.709942] (bolide_interfaces) StdoutLine: {'line': b'-- Up-to-date: /home/voiture/course_2025_slam_pkgs/workspace/install/bolide_interfaces/include/bolide_interfaces/bolide_interfaces/msg/detail/camera_info__type_support.h\n'}
[1.710092] (bolide_interfaces) StdoutLine: {'line': b'-- Up-to-date: /home/voiture/course_2025_slam_pkgs/workspace/install/bolide_interfaces/include/bolide_interfaces/bolide_interfaces/msg/detail/multiple_range__struct.h\n'}
[1.710345] (bolide_interfaces) StdoutLine: {'line': b'-- Up-to-date: /home/voiture/course_2025_slam_pkgs/workspace/install/bolide_interfaces/include/bolide_interfaces/bolide_interfaces/msg/detail/fork_speed__type_support.h\n'}
[1.710508] (bolide_interfaces) StdoutLine: {'line': b'-- Up-to-date: /home/voiture/course_2025_slam_pkgs/workspace/install/bolide_interfaces/include/bolide_interfaces/bolide_interfaces/msg/detail/multiple_range__description.c\n'}
[1.710670] (bolide_interfaces) StdoutLine: {'line': b'-- Up-to-date: /home/voiture/course_2025_slam_pkgs/workspace/install/bolide_interfaces/include/bolide_interfaces/bolide_interfaces/msg/detail/speed_direction__type_support.h\n'}
[1.710821] (bolide_interfaces) StdoutLine: {'line': b'-- Installing: /home/voiture/course_2025_slam_pkgs/workspace/install/bolide_interfaces/include/bolide_interfaces/bolide_interfaces/msg/detail/fork_speed__type_support.c\n'}
[1.710973] (bolide_interfaces) StdoutLine: {'line': b'-- Installing: /home/voiture/course_2025_slam_pkgs/workspace/install/bolide_interfaces/include/bolide_interfaces/bolide_interfaces/msg/detail/camera_info__type_support.c\n'}
[1.711160] (bolide_interfaces) StdoutLine: {'line': b'-- Up-to-date: /home/voiture/course_2025_slam_pkgs/workspace/install/bolide_interfaces/include/bolide_interfaces/bolide_interfaces/msg/detail/fork_speed__functions.c\n'}
[1.711342] (-) TimerEvent: {}
[1.712376] (bolide_interfaces) StdoutLine: {'line': b'-- Up-to-date: /home/voiture/course_2025_slam_pkgs/workspace/install/bolide_interfaces/include/bolide_interfaces/bolide_interfaces/msg/detail/fork_speed__struct.h\n'}
[1.712603] (bolide_interfaces) StdoutLine: {'line': b'-- Installing: /home/voiture/course_2025_slam_pkgs/workspace/install/bolide_interfaces/include/bolide_interfaces/bolide_interfaces/msg/detail/speed_direction__type_support.c\n'}
[1.712853] (bolide_interfaces) StdoutLine: {'line': b'-- Up-to-date: /home/voiture/course_2025_slam_pkgs/workspace/install/bolide_interfaces/include/bolide_interfaces/bolide_interfaces/msg/detail/fork_speed__description.c\n'}
[1.713009] (bolide_interfaces) StdoutLine: {'line': b'-- Up-to-date: /home/voiture/course_2025_slam_pkgs/workspace/install/bolide_interfaces/include/bolide_interfaces/bolide_interfaces/msg/detail/camera_info__functions.c\n'}
[1.713156] (bolide_interfaces) StdoutLine: {'line': b'-- Up-to-date: /home/voiture/course_2025_slam_pkgs/workspace/install/bolide_interfaces/include/bolide_interfaces/bolide_interfaces/msg/detail/speed_direction__functions.h\n'}
[1.713294] (bolide_interfaces) StdoutLine: {'line': b'-- Up-to-date: /home/voiture/course_2025_slam_pkgs/workspace/install/bolide_interfaces/include/bolide_interfaces/bolide_interfaces/msg/detail/fork_speed__functions.h\n'}
[1.713421] (bolide_interfaces) StdoutLine: {'line': b'-- Up-to-date: /home/voiture/course_2025_slam_pkgs/workspace/install/bolide_interfaces/include/bolide_interfaces/bolide_interfaces/msg/detail/speed_direction__functions.c\n'}
[1.713550] (bolide_interfaces) StdoutLine: {'line': b'-- Up-to-date: /home/voiture/course_2025_slam_pkgs/workspace/install/bolide_interfaces/include/bolide_interfaces/bolide_interfaces/msg/detail/camera_info__struct.h\n'}
[1.713715] (bolide_interfaces) StdoutLine: {'line': b'-- Up-to-date: /home/voiture/course_2025_slam_pkgs/workspace/install/bolide_interfaces/include/bolide_interfaces/bolide_interfaces/msg/detail/speed_direction__description.c\n'}
[1.713857] (bolide_interfaces) StdoutLine: {'line': b'-- Up-to-date: /home/voiture/course_2025_slam_pkgs/workspace/install/bolide_interfaces/include/bolide_interfaces/bolide_interfaces/msg/detail/camera_info__description.c\n'}
[1.713991] (bolide_interfaces) StdoutLine: {'line': b'-- Up-to-date: /home/voiture/course_2025_slam_pkgs/workspace/install/bolide_interfaces/include/bolide_interfaces/bolide_interfaces/msg/detail/speed_direction__struct.h\n'}
[1.714121] (bolide_interfaces) StdoutLine: {'line': b'-- Up-to-date: /home/voiture/course_2025_slam_pkgs/workspace/install/bolide_interfaces/include/bolide_interfaces/bolide_interfaces/msg/detail/camera_info__functions.h\n'}
[1.714251] (bolide_interfaces) StdoutLine: {'line': b'-- Up-to-date: /home/voiture/course_2025_slam_pkgs/workspace/install/bolide_interfaces/include/bolide_interfaces/bolide_interfaces/msg/detail/multiple_range__functions.c\n'}
[1.714444] (bolide_interfaces) StdoutLine: {'line': b'-- Up-to-date: /home/voiture/course_2025_slam_pkgs/workspace/install/bolide_interfaces/include/bolide_interfaces/bolide_interfaces/msg/detail/multiple_range__type_support.h\n'}
[1.714601] (bolide_interfaces) StdoutLine: {'line': b'-- Up-to-date: /home/voiture/course_2025_slam_pkgs/workspace/install/bolide_interfaces/include/bolide_interfaces/bolide_interfaces/msg/speed_direction.h\n'}
[1.714780] (bolide_interfaces) StdoutLine: {'line': b'-- Up-to-date: /home/voiture/course_2025_slam_pkgs/workspace/install/bolide_interfaces/include/bolide_interfaces/bolide_interfaces/msg/multiple_range.h\n'}
[1.714931] (bolide_interfaces) StdoutLine: {'line': b'-- Up-to-date: /home/voiture/course_2025_slam_pkgs/workspace/install/bolide_interfaces/include/bolide_interfaces/bolide_interfaces/msg/fork_speed.h\n'}
[1.715069] (bolide_interfaces) StdoutLine: {'line': b'-- Up-to-date: /home/voiture/course_2025_slam_pkgs/workspace/install/bolide_interfaces/share/bolide_interfaces/environment/library_path.sh\n'}
[1.715209] (bolide_interfaces) StdoutLine: {'line': b'-- Up-to-date: /home/voiture/course_2025_slam_pkgs/workspace/install/bolide_interfaces/share/bolide_interfaces/environment/library_path.dsv\n'}
[1.715369] (bolide_interfaces) StdoutLine: {'line': b'-- Up-to-date: /home/voiture/course_2025_slam_pkgs/workspace/install/bolide_interfaces/lib/libbolide_interfaces__rosidl_generator_c.so\n'}
[1.715528] (bolide_interfaces) StdoutLine: {'line': b'-- Up-to-date: /home/voiture/course_2025_slam_pkgs/workspace/install/bolide_interfaces/include/bolide_interfaces/bolide_interfaces\n'}
[1.715769] (bolide_interfaces) StdoutLine: {'line': b'-- Up-to-date: /home/voiture/course_2025_slam_pkgs/workspace/install/bolide_interfaces/include/bolide_interfaces/bolide_interfaces/srv\n'}
[1.715964] (bolide_interfaces) StdoutLine: {'line': b'-- Up-to-date: /home/voiture/course_2025_slam_pkgs/workspace/install/bolide_interfaces/include/bolide_interfaces/bolide_interfaces/srv/detail\n'}
[1.716122] (bolide_interfaces) StdoutLine: {'line': b'-- Up-to-date: /home/voiture/course_2025_slam_pkgs/workspace/install/bolide_interfaces/include/bolide_interfaces/bolide_interfaces/srv/detail/launch_ekf__rosidl_typesupport_fastrtps_c.h\n'}
[1.716263] (bolide_interfaces) StdoutLine: {'line': b'-- Up-to-date: /home/voiture/course_2025_slam_pkgs/workspace/install/bolide_interfaces/include/bolide_interfaces/bolide_interfaces/msg\n'}
[1.716405] (bolide_interfaces) StdoutLine: {'line': b'-- Up-to-date: /home/voiture/course_2025_slam_pkgs/workspace/install/bolide_interfaces/include/bolide_interfaces/bolide_interfaces/msg/rosidl_typesupport_fastrtps_c__visibility_control.h\n'}
[1.716549] (bolide_interfaces) StdoutLine: {'line': b'-- Up-to-date: /home/voiture/course_2025_slam_pkgs/workspace/install/bolide_interfaces/include/bolide_interfaces/bolide_interfaces/msg/detail\n'}
[1.716713] (bolide_interfaces) StdoutLine: {'line': b'-- Up-to-date: /home/voiture/course_2025_slam_pkgs/workspace/install/bolide_interfaces/include/bolide_interfaces/bolide_interfaces/msg/detail/fork_speed__rosidl_typesupport_fastrtps_c.h\n'}
[1.716852] (bolide_interfaces) StdoutLine: {'line': b'-- Up-to-date: /home/voiture/course_2025_slam_pkgs/workspace/install/bolide_interfaces/include/bolide_interfaces/bolide_interfaces/msg/detail/speed_direction__rosidl_typesupport_fastrtps_c.h\n'}
[1.716986] (bolide_interfaces) StdoutLine: {'line': b'-- Up-to-date: /home/voiture/course_2025_slam_pkgs/workspace/install/bolide_interfaces/include/bolide_interfaces/bolide_interfaces/msg/detail/camera_info__rosidl_typesupport_fastrtps_c.h\n'}
[1.717115] (bolide_interfaces) StdoutLine: {'line': b'-- Up-to-date: /home/voiture/course_2025_slam_pkgs/workspace/install/bolide_interfaces/include/bolide_interfaces/bolide_interfaces/msg/detail/multiple_range__rosidl_typesupport_fastrtps_c.h\n'}
[1.717240] (bolide_interfaces) StdoutLine: {'line': b'-- Up-to-date: /home/voiture/course_2025_slam_pkgs/workspace/install/bolide_interfaces/lib/libbolide_interfaces__rosidl_typesupport_fastrtps_c.so\n'}
[1.718393] (bolide_interfaces) StdoutLine: {'line': b'-- Up-to-date: /home/voiture/course_2025_slam_pkgs/workspace/install/bolide_interfaces/include/bolide_interfaces/bolide_interfaces\n'}
[1.718890] (bolide_interfaces) StdoutLine: {'line': b'-- Up-to-date: /home/voiture/course_2025_slam_pkgs/workspace/install/bolide_interfaces/include/bolide_interfaces/bolide_interfaces/srv\n'}
[1.719165] (bolide_interfaces) StdoutLine: {'line': b'-- Up-to-date: /home/voiture/course_2025_slam_pkgs/workspace/install/bolide_interfaces/include/bolide_interfaces/bolide_interfaces/srv/launch_ekf.hpp\n'}
[1.719479] (bolide_interfaces) StdoutLine: {'line': b'-- Up-to-date: /home/voiture/course_2025_slam_pkgs/workspace/install/bolide_interfaces/include/bolide_interfaces/bolide_interfaces/srv/detail\n'}
[1.719693] (bolide_interfaces) StdoutLine: {'line': b'-- Up-to-date: /home/voiture/course_2025_slam_pkgs/workspace/install/bolide_interfaces/include/bolide_interfaces/bolide_interfaces/srv/detail/launch_ekf__type_support.hpp\n'}
[1.719974] (bolide_interfaces) StdoutLine: {'line': b'-- Up-to-date: /home/voiture/course_2025_slam_pkgs/workspace/install/bolide_interfaces/include/bolide_interfaces/bolide_interfaces/srv/detail/launch_ekf__builder.hpp\n'}
[1.720139] (bolide_interfaces) StdoutLine: {'line': b'-- Up-to-date: /home/voiture/course_2025_slam_pkgs/workspace/install/bolide_interfaces/include/bolide_interfaces/bolide_interfaces/srv/detail/launch_ekf__struct.hpp\n'}
[1.720334] (bolide_interfaces) StdoutLine: {'line': b'-- Up-to-date: /home/voiture/course_2025_slam_pkgs/workspace/install/bolide_interfaces/include/bolide_interfaces/bolide_interfaces/srv/detail/launch_ekf__traits.hpp\n'}
[1.720505] (bolide_interfaces) StdoutLine: {'line': b'-- Up-to-date: /home/voiture/course_2025_slam_pkgs/workspace/install/bolide_interfaces/include/bolide_interfaces/bolide_interfaces/msg\n'}
[1.720658] (bolide_interfaces) StdoutLine: {'line': b'-- Up-to-date: /home/voiture/course_2025_slam_pkgs/workspace/install/bolide_interfaces/include/bolide_interfaces/bolide_interfaces/msg/speed_direction.hpp\n'}
[1.720831] (bolide_interfaces) StdoutLine: {'line': b'-- Up-to-date: /home/voiture/course_2025_slam_pkgs/workspace/install/bolide_interfaces/include/bolide_interfaces/bolide_interfaces/msg/multiple_range.hpp\n'}
[1.721000] (bolide_interfaces) StdoutLine: {'line': b'-- Up-to-date: /home/voiture/course_2025_slam_pkgs/workspace/install/bolide_interfaces/include/bolide_interfaces/bolide_interfaces/msg/detail\n'}
[1.721165] (bolide_interfaces) StdoutLine: {'line': b'-- Up-to-date: /home/voiture/course_2025_slam_pkgs/workspace/install/bolide_interfaces/include/bolide_interfaces/bolide_interfaces/msg/detail/multiple_range__traits.hpp\n'}
[1.721334] (bolide_interfaces) StdoutLine: {'line': b'-- Up-to-date: /home/voiture/course_2025_slam_pkgs/workspace/install/bolide_interfaces/include/bolide_interfaces/bolide_interfaces/msg/detail/multiple_range__builder.hpp\n'}
[1.721524] (bolide_interfaces) StdoutLine: {'line': b'-- Up-to-date: /home/voiture/course_2025_slam_pkgs/workspace/install/bolide_interfaces/include/bolide_interfaces/bolide_interfaces/msg/detail/camera_info__struct.hpp\n'}
[1.721774] (bolide_interfaces) StdoutLine: {'line': b'-- Up-to-date: /home/voiture/course_2025_slam_pkgs/workspace/install/bolide_interfaces/include/bolide_interfaces/bolide_interfaces/msg/detail/fork_speed__struct.hpp\n'}
[1.721938] (bolide_interfaces) StdoutLine: {'line': b'-- Up-to-date: /home/voiture/course_2025_slam_pkgs/workspace/install/bolide_interfaces/include/bolide_interfaces/bolide_interfaces/msg/detail/speed_direction__traits.hpp\n'}
[1.722073] (bolide_interfaces) StdoutLine: {'line': b'-- Up-to-date: /home/voiture/course_2025_slam_pkgs/workspace/install/bolide_interfaces/include/bolide_interfaces/bolide_interfaces/msg/detail/multiple_range__type_support.hpp\n'}
[1.722205] (bolide_interfaces) StdoutLine: {'line': b'-- Up-to-date: /home/voiture/course_2025_slam_pkgs/workspace/install/bolide_interfaces/include/bolide_interfaces/bolide_interfaces/msg/detail/speed_direction__type_support.hpp\n'}
[1.722347] (bolide_interfaces) StdoutLine: {'line': b'-- Up-to-date: /home/voiture/course_2025_slam_pkgs/workspace/install/bolide_interfaces/include/bolide_interfaces/bolide_interfaces/msg/detail/speed_direction__struct.hpp\n'}
[1.722481] (bolide_interfaces) StdoutLine: {'line': b'-- Up-to-date: /home/voiture/course_2025_slam_pkgs/workspace/install/bolide_interfaces/include/bolide_interfaces/bolide_interfaces/msg/detail/camera_info__builder.hpp\n'}
[1.722606] (bolide_interfaces) StdoutLine: {'line': b'-- Up-to-date: /home/voiture/course_2025_slam_pkgs/workspace/install/bolide_interfaces/include/bolide_interfaces/bolide_interfaces/msg/detail/camera_info__traits.hpp\n'}
[1.722791] (bolide_interfaces) StdoutLine: {'line': b'-- Up-to-date: /home/voiture/course_2025_slam_pkgs/workspace/install/bolide_interfaces/include/bolide_interfaces/bolide_interfaces/msg/detail/fork_speed__builder.hpp\n'}
[1.722961] (bolide_interfaces) StdoutLine: {'line': b'-- Up-to-date: /home/voiture/course_2025_slam_pkgs/workspace/install/bolide_interfaces/include/bolide_interfaces/bolide_interfaces/msg/detail/fork_speed__traits.hpp\n'}
[1.723240] (bolide_interfaces) StdoutLine: {'line': b'-- Up-to-date: /home/voiture/course_2025_slam_pkgs/workspace/install/bolide_interfaces/include/bolide_interfaces/bolide_interfaces/msg/detail/camera_info__type_support.hpp\n'}
[1.723602] (bolide_interfaces) StdoutLine: {'line': b'-- Up-to-date: /home/voiture/course_2025_slam_pkgs/workspace/install/bolide_interfaces/include/bolide_interfaces/bolide_interfaces/msg/detail/speed_direction__builder.hpp\n'}
[1.724001] (bolide_interfaces) StdoutLine: {'line': b'-- Up-to-date: /home/voiture/course_2025_slam_pkgs/workspace/install/bolide_interfaces/include/bolide_interfaces/bolide_interfaces/msg/detail/fork_speed__type_support.hpp\n'}
[1.724361] (bolide_interfaces) StdoutLine: {'line': b'-- Up-to-date: /home/voiture/course_2025_slam_pkgs/workspace/install/bolide_interfaces/include/bolide_interfaces/bolide_interfaces/msg/detail/multiple_range__struct.hpp\n'}
[1.724656] (bolide_interfaces) StdoutLine: {'line': b'-- Up-to-date: /home/voiture/course_2025_slam_pkgs/workspace/install/bolide_interfaces/include/bolide_interfaces/bolide_interfaces/msg/rosidl_generator_cpp__visibility_control.hpp\n'}
[1.724899] (bolide_interfaces) StdoutLine: {'line': b'-- Up-to-date: /home/voiture/course_2025_slam_pkgs/workspace/install/bolide_interfaces/include/bolide_interfaces/bolide_interfaces/msg/fork_speed.hpp\n'}
[1.725269] (bolide_interfaces) StdoutLine: {'line': b'-- Up-to-date: /home/voiture/course_2025_slam_pkgs/workspace/install/bolide_interfaces/include/bolide_interfaces/bolide_interfaces/msg/camera_info.hpp\n'}
[1.725576] (bolide_interfaces) StdoutLine: {'line': b'-- Up-to-date: /home/voiture/course_2025_slam_pkgs/workspace/install/bolide_interfaces/include/bolide_interfaces/bolide_interfaces\n'}
[1.725873] (bolide_interfaces) StdoutLine: {'line': b'-- Up-to-date: /home/voiture/course_2025_slam_pkgs/workspace/install/bolide_interfaces/include/bolide_interfaces/bolide_interfaces/srv\n'}
[1.726097] (bolide_interfaces) StdoutLine: {'line': b'-- Up-to-date: /home/voiture/course_2025_slam_pkgs/workspace/install/bolide_interfaces/include/bolide_interfaces/bolide_interfaces/srv/detail\n'}
[1.726237] (bolide_interfaces) StdoutLine: {'line': b'-- Up-to-date: /home/voiture/course_2025_slam_pkgs/workspace/install/bolide_interfaces/include/bolide_interfaces/bolide_interfaces/srv/detail/dds_fastrtps\n'}
[1.726383] (bolide_interfaces) StdoutLine: {'line': b'-- Up-to-date: /home/voiture/course_2025_slam_pkgs/workspace/install/bolide_interfaces/include/bolide_interfaces/bolide_interfaces/srv/detail/launch_ekf__rosidl_typesupport_fastrtps_cpp.hpp\n'}
[1.726527] (bolide_interfaces) StdoutLine: {'line': b'-- Up-to-date: /home/voiture/course_2025_slam_pkgs/workspace/install/bolide_interfaces/include/bolide_interfaces/bolide_interfaces/msg\n'}
[1.726700] (bolide_interfaces) StdoutLine: {'line': b'-- Up-to-date: /home/voiture/course_2025_slam_pkgs/workspace/install/bolide_interfaces/include/bolide_interfaces/bolide_interfaces/msg/detail\n'}
[1.726868] (bolide_interfaces) StdoutLine: {'line': b'-- Up-to-date: /home/voiture/course_2025_slam_pkgs/workspace/install/bolide_interfaces/include/bolide_interfaces/bolide_interfaces/msg/detail/multiple_range__rosidl_typesupport_fastrtps_cpp.hpp\n'}
[1.727012] (bolide_interfaces) StdoutLine: {'line': b'-- Up-to-date: /home/voiture/course_2025_slam_pkgs/workspace/install/bolide_interfaces/include/bolide_interfaces/bolide_interfaces/msg/detail/dds_fastrtps\n'}
[1.727152] (bolide_interfaces) StdoutLine: {'line': b'-- Up-to-date: /home/voiture/course_2025_slam_pkgs/workspace/install/bolide_interfaces/include/bolide_interfaces/bolide_interfaces/msg/detail/speed_direction__rosidl_typesupport_fastrtps_cpp.hpp\n'}
[1.727278] (bolide_interfaces) StdoutLine: {'line': b'-- Up-to-date: /home/voiture/course_2025_slam_pkgs/workspace/install/bolide_interfaces/include/bolide_interfaces/bolide_interfaces/msg/detail/camera_info__rosidl_typesupport_fastrtps_cpp.hpp\n'}
[1.727403] (bolide_interfaces) StdoutLine: {'line': b'-- Up-to-date: /home/voiture/course_2025_slam_pkgs/workspace/install/bolide_interfaces/include/bolide_interfaces/bolide_interfaces/msg/detail/fork_speed__rosidl_typesupport_fastrtps_cpp.hpp\n'}
[1.727551] (bolide_interfaces) StdoutLine: {'line': b'-- Up-to-date: /home/voiture/course_2025_slam_pkgs/workspace/install/bolide_interfaces/include/bolide_interfaces/bolide_interfaces/msg/rosidl_typesupport_fastrtps_cpp__visibility_control.h\n'}
[1.727893] (bolide_interfaces) StdoutLine: {'line': b'-- Up-to-date: /home/voiture/course_2025_slam_pkgs/workspace/install/bolide_interfaces/lib/libbolide_interfaces__rosidl_typesupport_fastrtps_cpp.so\n'}
[1.728034] (bolide_interfaces) StdoutLine: {'line': b'-- Up-to-date: /home/voiture/course_2025_slam_pkgs/workspace/install/bolide_interfaces/include/bolide_interfaces/bolide_interfaces\n'}
[1.728162] (bolide_interfaces) StdoutLine: {'line': b'-- Up-to-date: /home/voiture/course_2025_slam_pkgs/workspace/install/bolide_interfaces/include/bolide_interfaces/bolide_interfaces/srv\n'}
[1.728288] (bolide_interfaces) StdoutLine: {'line': b'-- Up-to-date: /home/voiture/course_2025_slam_pkgs/workspace/install/bolide_interfaces/include/bolide_interfaces/bolide_interfaces/srv/detail\n'}
[1.728414] (bolide_interfaces) StdoutLine: {'line': b'-- Installing: /home/voiture/course_2025_slam_pkgs/workspace/install/bolide_interfaces/include/bolide_interfaces/bolide_interfaces/srv/detail/launch_ekf__type_support.c\n'}
[1.728544] (bolide_interfaces) StdoutLine: {'line': b'-- Up-to-date: /home/voiture/course_2025_slam_pkgs/workspace/install/bolide_interfaces/include/bolide_interfaces/bolide_interfaces/srv/detail/launch_ekf__rosidl_typesupport_introspection_c.h\n'}
[1.728702] (bolide_interfaces) StdoutLine: {'line': b'-- Up-to-date: /home/voiture/course_2025_slam_pkgs/workspace/install/bolide_interfaces/include/bolide_interfaces/bolide_interfaces/msg\n'}
[1.728836] (bolide_interfaces) StdoutLine: {'line': b'-- Up-to-date: /home/voiture/course_2025_slam_pkgs/workspace/install/bolide_interfaces/include/bolide_interfaces/bolide_interfaces/msg/detail\n'}
[1.728960] (bolide_interfaces) StdoutLine: {'line': b'-- Installing: /home/voiture/course_2025_slam_pkgs/workspace/install/bolide_interfaces/include/bolide_interfaces/bolide_interfaces/msg/detail/multiple_range__type_support.c\n'}
[1.729089] (bolide_interfaces) StdoutLine: {'line': b'-- Up-to-date: /home/voiture/course_2025_slam_pkgs/workspace/install/bolide_interfaces/include/bolide_interfaces/bolide_interfaces/msg/detail/fork_speed__rosidl_typesupport_introspection_c.h\n'}
[1.729230] (bolide_interfaces) StdoutLine: {'line': b'-- Up-to-date: /home/voiture/course_2025_slam_pkgs/workspace/install/bolide_interfaces/include/bolide_interfaces/bolide_interfaces/msg/detail/multiple_range__rosidl_typesupport_introspection_c.h\n'}
[1.729358] (bolide_interfaces) StdoutLine: {'line': b'-- Installing: /home/voiture/course_2025_slam_pkgs/workspace/install/bolide_interfaces/include/bolide_interfaces/bolide_interfaces/msg/detail/fork_speed__type_support.c\n'}
[1.729488] (bolide_interfaces) StdoutLine: {'line': b'-- Installing: /home/voiture/course_2025_slam_pkgs/workspace/install/bolide_interfaces/include/bolide_interfaces/bolide_interfaces/msg/detail/camera_info__type_support.c\n'}
[1.729694] (bolide_interfaces) StdoutLine: {'line': b'-- Installing: /home/voiture/course_2025_slam_pkgs/workspace/install/bolide_interfaces/include/bolide_interfaces/bolide_interfaces/msg/detail/speed_direction__type_support.c\n'}
[1.729844] (bolide_interfaces) StdoutLine: {'line': b'-- Up-to-date: /home/voiture/course_2025_slam_pkgs/workspace/install/bolide_interfaces/include/bolide_interfaces/bolide_interfaces/msg/detail/camera_info__rosidl_typesupport_introspection_c.h\n'}
[1.729976] (bolide_interfaces) StdoutLine: {'line': b'-- Up-to-date: /home/voiture/course_2025_slam_pkgs/workspace/install/bolide_interfaces/include/bolide_interfaces/bolide_interfaces/msg/detail/speed_direction__rosidl_typesupport_introspection_c.h\n'}
[1.730260] (bolide_interfaces) StdoutLine: {'line': b'-- Up-to-date: /home/voiture/course_2025_slam_pkgs/workspace/install/bolide_interfaces/include/bolide_interfaces/bolide_interfaces/msg/rosidl_typesupport_introspection_c__visibility_control.h\n'}
[1.730444] (bolide_interfaces) StdoutLine: {'line': b'-- Up-to-date: /home/voiture/course_2025_slam_pkgs/workspace/install/bolide_interfaces/lib/libbolide_interfaces__rosidl_typesupport_introspection_c.so\n'}
[1.730675] (bolide_interfaces) StdoutLine: {'line': b'-- Up-to-date: /home/voiture/course_2025_slam_pkgs/workspace/install/bolide_interfaces/lib/libbolide_interfaces__rosidl_typesupport_c.so\n'}
[1.730856] (bolide_interfaces) StdoutLine: {'line': b'-- Up-to-date: /home/voiture/course_2025_slam_pkgs/workspace/install/bolide_interfaces/include/bolide_interfaces/bolide_interfaces\n'}
[1.731001] (bolide_interfaces) StdoutLine: {'line': b'-- Up-to-date: /home/voiture/course_2025_slam_pkgs/workspace/install/bolide_interfaces/include/bolide_interfaces/bolide_interfaces/srv\n'}
[1.731156] (bolide_interfaces) StdoutLine: {'line': b'-- Up-to-date: /home/voiture/course_2025_slam_pkgs/workspace/install/bolide_interfaces/include/bolide_interfaces/bolide_interfaces/srv/detail\n'}
[1.731310] (bolide_interfaces) StdoutLine: {'line': b'-- Up-to-date: /home/voiture/course_2025_slam_pkgs/workspace/install/bolide_interfaces/include/bolide_interfaces/bolide_interfaces/srv/detail/launch_ekf__rosidl_typesupport_introspection_cpp.hpp\n'}
[1.731474] (bolide_interfaces) StdoutLine: {'line': b'-- Up-to-date: /home/voiture/course_2025_slam_pkgs/workspace/install/bolide_interfaces/include/bolide_interfaces/bolide_interfaces/srv/detail/launch_ekf__type_support.cpp\n'}
[1.731648] (bolide_interfaces) StdoutLine: {'line': b'-- Up-to-date: /home/voiture/course_2025_slam_pkgs/workspace/install/bolide_interfaces/include/bolide_interfaces/bolide_interfaces/msg\n'}
[1.731835] (bolide_interfaces) StdoutLine: {'line': b'-- Up-to-date: /home/voiture/course_2025_slam_pkgs/workspace/install/bolide_interfaces/include/bolide_interfaces/bolide_interfaces/msg/detail\n'}
[1.731994] (bolide_interfaces) StdoutLine: {'line': b'-- Up-to-date: /home/voiture/course_2025_slam_pkgs/workspace/install/bolide_interfaces/include/bolide_interfaces/bolide_interfaces/msg/detail/multiple_range__rosidl_typesupport_introspection_cpp.hpp\n'}
[1.732147] (bolide_interfaces) StdoutLine: {'line': b'-- Up-to-date: /home/voiture/course_2025_slam_pkgs/workspace/install/bolide_interfaces/include/bolide_interfaces/bolide_interfaces/msg/detail/speed_direction__type_support.cpp\n'}
[1.732289] (bolide_interfaces) StdoutLine: {'line': b'-- Up-to-date: /home/voiture/course_2025_slam_pkgs/workspace/install/bolide_interfaces/include/bolide_interfaces/bolide_interfaces/msg/detail/speed_direction__rosidl_typesupport_introspection_cpp.hpp\n'}
[1.732433] (bolide_interfaces) StdoutLine: {'line': b'-- Up-to-date: /home/voiture/course_2025_slam_pkgs/workspace/install/bolide_interfaces/include/bolide_interfaces/bolide_interfaces/msg/detail/camera_info__type_support.cpp\n'}
[1.732565] (bolide_interfaces) StdoutLine: {'line': b'-- Up-to-date: /home/voiture/course_2025_slam_pkgs/workspace/install/bolide_interfaces/include/bolide_interfaces/bolide_interfaces/msg/detail/fork_speed__type_support.cpp\n'}
[1.733098] (bolide_interfaces) StdoutLine: {'line': b'-- Up-to-date: /home/voiture/course_2025_slam_pkgs/workspace/install/bolide_interfaces/include/bolide_interfaces/bolide_interfaces/msg/detail/camera_info__rosidl_typesupport_introspection_cpp.hpp\n'}
[1.733268] (bolide_interfaces) StdoutLine: {'line': b'-- Up-to-date: /home/voiture/course_2025_slam_pkgs/workspace/install/bolide_interfaces/include/bolide_interfaces/bolide_interfaces/msg/detail/fork_speed__rosidl_typesupport_introspection_cpp.hpp\n'}
[1.733412] (bolide_interfaces) StdoutLine: {'line': b'-- Up-to-date: /home/voiture/course_2025_slam_pkgs/workspace/install/bolide_interfaces/include/bolide_interfaces/bolide_interfaces/msg/detail/multiple_range__type_support.cpp\n'}
[1.733585] (bolide_interfaces) StdoutLine: {'line': b'-- Up-to-date: /home/voiture/course_2025_slam_pkgs/workspace/install/bolide_interfaces/lib/libbolide_interfaces__rosidl_typesupport_introspection_cpp.so\n'}
[1.733796] (bolide_interfaces) StdoutLine: {'line': b'-- Up-to-date: /home/voiture/course_2025_slam_pkgs/workspace/install/bolide_interfaces/lib/libbolide_interfaces__rosidl_typesupport_cpp.so\n'}
[1.733947] (bolide_interfaces) StdoutLine: {'line': b'-- Up-to-date: /home/voiture/course_2025_slam_pkgs/workspace/install/bolide_interfaces/share/bolide_interfaces/environment/pythonpath.sh\n'}
[1.734137] (bolide_interfaces) StdoutLine: {'line': b'-- Up-to-date: /home/voiture/course_2025_slam_pkgs/workspace/install/bolide_interfaces/share/bolide_interfaces/environment/pythonpath.dsv\n'}
[1.734324] (bolide_interfaces) StdoutLine: {'line': b'-- Up-to-date: /home/voiture/course_2025_slam_pkgs/workspace/install/bolide_interfaces/lib/python3.12/site-packages/bolide_interfaces-0.1.0-py3.12.egg-info\n'}
[1.734475] (bolide_interfaces) StdoutLine: {'line': b'-- Installing: /home/voiture/course_2025_slam_pkgs/workspace/install/bolide_interfaces/lib/python3.12/site-packages/bolide_interfaces-0.1.0-py3.12.egg-info/dependency_links.txt\n'}
[1.734633] (bolide_interfaces) StdoutLine: {'line': b'-- Installing: /home/voiture/course_2025_slam_pkgs/workspace/install/bolide_interfaces/lib/python3.12/site-packages/bolide_interfaces-0.1.0-py3.12.egg-info/PKG-INFO\n'}
[1.734822] (bolide_interfaces) StdoutLine: {'line': b'-- Installing: /home/voiture/course_2025_slam_pkgs/workspace/install/bolide_interfaces/lib/python3.12/site-packages/bolide_interfaces-0.1.0-py3.12.egg-info/top_level.txt\n'}
[1.734985] (bolide_interfaces) StdoutLine: {'line': b'-- Installing: /home/voiture/course_2025_slam_pkgs/workspace/install/bolide_interfaces/lib/python3.12/site-packages/bolide_interfaces-0.1.0-py3.12.egg-info/SOURCES.txt\n'}
[1.735318] (bolide_interfaces) StdoutLine: {'line': b'-- Up-to-date: /home/voiture/course_2025_slam_pkgs/workspace/install/bolide_interfaces/lib/python3.12/site-packages/bolide_interfaces\n'}
[1.735504] (bolide_interfaces) StdoutLine: {'line': b'-- Up-to-date: /home/voiture/course_2025_slam_pkgs/workspace/install/bolide_interfaces/lib/python3.12/site-packages/bolide_interfaces/_bolide_interfaces_s.ep.rosidl_typesupport_introspection_c.c\n'}
[1.735792] (bolide_interfaces) StdoutLine: {'line': b'-- Up-to-date: /home/voiture/course_2025_slam_pkgs/workspace/install/bolide_interfaces/lib/python3.12/site-packages/bolide_interfaces/srv\n'}
[1.735982] (bolide_interfaces) StdoutLine: {'line': b'-- Up-to-date: /home/voiture/course_2025_slam_pkgs/workspace/install/bolide_interfaces/lib/python3.12/site-packages/bolide_interfaces/srv/_launch_ekf.py\n'}
[1.736125] (bolide_interfaces) StdoutLine: {'line': b'-- Up-to-date: /home/voiture/course_2025_slam_pkgs/workspace/install/bolide_interfaces/lib/python3.12/site-packages/bolide_interfaces/srv/_launch_ekf_s.c\n'}
[1.736261] (bolide_interfaces) StdoutLine: {'line': b'-- Up-to-date: /home/voiture/course_2025_slam_pkgs/workspace/install/bolide_interfaces/lib/python3.12/site-packages/bolide_interfaces/srv/__init__.py\n'}
[1.736398] (bolide_interfaces) StdoutLine: {'line': b'-- Up-to-date: /home/voiture/course_2025_slam_pkgs/workspace/install/bolide_interfaces/lib/python3.12/site-packages/bolide_interfaces/_bolide_interfaces_s.ep.rosidl_typesupport_c.c\n'}
[1.736534] (bolide_interfaces) StdoutLine: {'line': b'-- Up-to-date: /home/voiture/course_2025_slam_pkgs/workspace/install/bolide_interfaces/lib/python3.12/site-packages/bolide_interfaces/__init__.py\n'}
[1.736713] (bolide_interfaces) StdoutLine: {'line': b'-- Up-to-date: /home/voiture/course_2025_slam_pkgs/workspace/install/bolide_interfaces/lib/python3.12/site-packages/bolide_interfaces/bolide_interfaces_s__rosidl_typesupport_c.so\n'}
[1.736869] (bolide_interfaces) StdoutLine: {'line': b'-- Up-to-date: /home/voiture/course_2025_slam_pkgs/workspace/install/bolide_interfaces/lib/python3.12/site-packages/bolide_interfaces/msg\n'}
[1.737003] (bolide_interfaces) StdoutLine: {'line': b'-- Up-to-date: /home/voiture/course_2025_slam_pkgs/workspace/install/bolide_interfaces/lib/python3.12/site-packages/bolide_interfaces/msg/_multiple_range_s.c\n'}
[1.737136] (bolide_interfaces) StdoutLine: {'line': b'-- Up-to-date: /home/voiture/course_2025_slam_pkgs/workspace/install/bolide_interfaces/lib/python3.12/site-packages/bolide_interfaces/msg/_camera_info_s.c\n'}
[1.737265] (bolide_interfaces) StdoutLine: {'line': b'-- Up-to-date: /home/voiture/course_2025_slam_pkgs/workspace/install/bolide_interfaces/lib/python3.12/site-packages/bolide_interfaces/msg/_fork_speed_s.c\n'}
[1.737448] (bolide_interfaces) StdoutLine: {'line': b'-- Up-to-date: /home/voiture/course_2025_slam_pkgs/workspace/install/bolide_interfaces/lib/python3.12/site-packages/bolide_interfaces/msg/_camera_info.py\n'}
[1.737576] (bolide_interfaces) StdoutLine: {'line': b'-- Up-to-date: /home/voiture/course_2025_slam_pkgs/workspace/install/bolide_interfaces/lib/python3.12/site-packages/bolide_interfaces/msg/_fork_speed.py\n'}
[1.737758] (bolide_interfaces) StdoutLine: {'line': b'-- Up-to-date: /home/voiture/course_2025_slam_pkgs/workspace/install/bolide_interfaces/lib/python3.12/site-packages/bolide_interfaces/msg/_speed_direction_s.c\n'}
[1.737925] (bolide_interfaces) StdoutLine: {'line': b'-- Up-to-date: /home/voiture/course_2025_slam_pkgs/workspace/install/bolide_interfaces/lib/python3.12/site-packages/bolide_interfaces/msg/_speed_direction.py\n'}
[1.738070] (bolide_interfaces) StdoutLine: {'line': b'-- Up-to-date: /home/voiture/course_2025_slam_pkgs/workspace/install/bolide_interfaces/lib/python3.12/site-packages/bolide_interfaces/msg/__init__.py\n'}
[1.738210] (bolide_interfaces) StdoutLine: {'line': b'-- Up-to-date: /home/voiture/course_2025_slam_pkgs/workspace/install/bolide_interfaces/lib/python3.12/site-packages/bolide_interfaces/msg/_multiple_range.py\n'}
[1.738362] (bolide_interfaces) StdoutLine: {'line': b'-- Up-to-date: /home/voiture/course_2025_slam_pkgs/workspace/install/bolide_interfaces/lib/python3.12/site-packages/bolide_interfaces/bolide_interfaces_s__rosidl_typesupport_fastrtps_c.so\n'}
[1.738515] (bolide_interfaces) StdoutLine: {'line': b'-- Up-to-date: /home/voiture/course_2025_slam_pkgs/workspace/install/bolide_interfaces/lib/python3.12/site-packages/bolide_interfaces/_bolide_interfaces_s.ep.rosidl_typesupport_fastrtps_c.c\n'}
[1.738831] (bolide_interfaces) StdoutLine: {'line': b'-- Up-to-date: /home/voiture/course_2025_slam_pkgs/workspace/install/bolide_interfaces/lib/python3.12/site-packages/bolide_interfaces/bolide_interfaces_s__rosidl_typesupport_introspection_c.so\n'}
[1.809198] (bolide_interfaces) StdoutLine: {'line': b"Listing '/home/voiture/course_2025_slam_pkgs/workspace/install/bolide_interfaces/lib/python3.12/site-packages/bolide_interfaces'...\n"}
[1.809504] (bolide_interfaces) StdoutLine: {'line': b"Listing '/home/voiture/course_2025_slam_pkgs/workspace/install/bolide_interfaces/lib/python3.12/site-packages/bolide_interfaces/msg'...\n"}
[1.809650] (bolide_interfaces) StdoutLine: {'line': b"Listing '/home/voiture/course_2025_slam_pkgs/workspace/install/bolide_interfaces/lib/python3.12/site-packages/bolide_interfaces/srv'...\n"}
[1.811434] (-) TimerEvent: {}
[1.827781] (bolide_interfaces) StdoutLine: {'line': b'-- Up-to-date: /home/voiture/course_2025_slam_pkgs/workspace/install/bolide_interfaces/lib/python3.12/site-packages/bolide_interfaces/bolide_interfaces_s__rosidl_typesupport_fastrtps_c.so\n'}
[1.828317] (bolide_interfaces) StdoutLine: {'line': b'-- Up-to-date: /home/voiture/course_2025_slam_pkgs/workspace/install/bolide_interfaces/lib/python3.12/site-packages/bolide_interfaces/bolide_interfaces_s__rosidl_typesupport_introspection_c.so\n'}
[1.828824] (bolide_interfaces) StdoutLine: {'line': b'-- Up-to-date: /home/voiture/course_2025_slam_pkgs/workspace/install/bolide_interfaces/lib/python3.12/site-packages/bolide_interfaces/bolide_interfaces_s__rosidl_typesupport_c.so\n'}
[1.829295] (bolide_interfaces) StdoutLine: {'line': b'-- Up-to-date: /home/voiture/course_2025_slam_pkgs/workspace/install/bolide_interfaces/lib/libbolide_interfaces__rosidl_generator_py.so\n'}
[1.829600] (bolide_interfaces) StdoutLine: {'line': b'-- Up-to-date: /home/voiture/course_2025_slam_pkgs/workspace/install/bolide_interfaces/share/bolide_interfaces/msg/CameraInfo.idl\n'}
[1.829741] (bolide_interfaces) StdoutLine: {'line': b'-- Up-to-date: /home/voiture/course_2025_slam_pkgs/workspace/install/bolide_interfaces/share/bolide_interfaces/msg/ForkSpeed.idl\n'}
[1.829866] (bolide_interfaces) StdoutLine: {'line': b'-- Up-to-date: /home/voiture/course_2025_slam_pkgs/workspace/install/bolide_interfaces/share/bolide_interfaces/msg/MultipleRange.idl\n'}
[1.830008] (bolide_interfaces) StdoutLine: {'line': b'-- Up-to-date: /home/voiture/course_2025_slam_pkgs/workspace/install/bolide_interfaces/share/bolide_interfaces/msg/SpeedDirection.idl\n'}
[1.830118] (bolide_interfaces) StdoutLine: {'line': b'-- Up-to-date: /home/voiture/course_2025_slam_pkgs/workspace/install/bolide_interfaces/share/bolide_interfaces/srv/LaunchEkf.idl\n'}
[1.830423] (bolide_interfaces) StdoutLine: {'line': b'-- Up-to-date: /home/voiture/course_2025_slam_pkgs/workspace/install/bolide_interfaces/share/bolide_interfaces/msg/CameraInfo.msg\n'}
[1.830638] (bolide_interfaces) StdoutLine: {'line': b'-- Up-to-date: /home/voiture/course_2025_slam_pkgs/workspace/install/bolide_interfaces/share/bolide_interfaces/msg/ForkSpeed.msg\n'}
[1.830782] (bolide_interfaces) StdoutLine: {'line': b'-- Up-to-date: /home/voiture/course_2025_slam_pkgs/workspace/install/bolide_interfaces/share/bolide_interfaces/msg/MultipleRange.msg\n'}
[1.830883] (bolide_interfaces) StdoutLine: {'line': b'-- Up-to-date: /home/voiture/course_2025_slam_pkgs/workspace/install/bolide_interfaces/share/bolide_interfaces/msg/SpeedDirection.msg\n'}
[1.830978] (bolide_interfaces) StdoutLine: {'line': b'-- Up-to-date: /home/voiture/course_2025_slam_pkgs/workspace/install/bolide_interfaces/share/bolide_interfaces/srv/LaunchEkf.srv\n'}
[1.831146] (bolide_interfaces) StdoutLine: {'line': b'-- Up-to-date: /home/voiture/course_2025_slam_pkgs/workspace/install/bolide_interfaces/share/ament_index/resource_index/package_run_dependencies/bolide_interfaces\n'}
[1.831248] (bolide_interfaces) StdoutLine: {'line': b'-- Up-to-date: /home/voiture/course_2025_slam_pkgs/workspace/install/bolide_interfaces/share/ament_index/resource_index/parent_prefix_path/bolide_interfaces\n'}
[1.831345] (bolide_interfaces) StdoutLine: {'line': b'-- Up-to-date: /home/voiture/course_2025_slam_pkgs/workspace/install/bolide_interfaces/share/bolide_interfaces/environment/ament_prefix_path.sh\n'}
[1.831441] (bolide_interfaces) StdoutLine: {'line': b'-- Up-to-date: /home/voiture/course_2025_slam_pkgs/workspace/install/bolide_interfaces/share/bolide_interfaces/environment/ament_prefix_path.dsv\n'}
[1.831536] (bolide_interfaces) StdoutLine: {'line': b'-- Up-to-date: /home/voiture/course_2025_slam_pkgs/workspace/install/bolide_interfaces/share/bolide_interfaces/environment/path.sh\n'}
[1.831686] (bolide_interfaces) StdoutLine: {'line': b'-- Up-to-date: /home/voiture/course_2025_slam_pkgs/workspace/install/bolide_interfaces/share/bolide_interfaces/environment/path.dsv\n'}
[1.831815] (bolide_interfaces) StdoutLine: {'line': b'-- Up-to-date: /home/voiture/course_2025_slam_pkgs/workspace/install/bolide_interfaces/share/bolide_interfaces/local_setup.bash\n'}
[1.831916] (bolide_interfaces) StdoutLine: {'line': b'-- Up-to-date: /home/voiture/course_2025_slam_pkgs/workspace/install/bolide_interfaces/share/bolide_interfaces/local_setup.sh\n'}
[1.832015] (bolide_interfaces) StdoutLine: {'line': b'-- Up-to-date: /home/voiture/course_2025_slam_pkgs/workspace/install/bolide_interfaces/share/bolide_interfaces/local_setup.zsh\n'}
[1.832111] (bolide_interfaces) StdoutLine: {'line': b'-- Up-to-date: /home/voiture/course_2025_slam_pkgs/workspace/install/bolide_interfaces/share/bolide_interfaces/local_setup.dsv\n'}
[1.832268] (bolide_interfaces) StdoutLine: {'line': b'-- Installing: /home/voiture/course_2025_slam_pkgs/workspace/install/bolide_interfaces/share/bolide_interfaces/package.dsv\n'}
[1.832373] (bolide_interfaces) StdoutLine: {'line': b'-- Up-to-date: /home/voiture/course_2025_slam_pkgs/workspace/install/bolide_interfaces/share/ament_index/resource_index/packages/bolide_interfaces\n'}
[1.832471] (bolide_interfaces) StdoutLine: {'line': b'-- Up-to-date: /home/voiture/course_2025_slam_pkgs/workspace/install/bolide_interfaces/share/bolide_interfaces/cmake/export_bolide_interfaces__rosidl_generator_cExport.cmake\n'}
[1.832566] (bolide_interfaces) StdoutLine: {'line': b'-- Up-to-date: /home/voiture/course_2025_slam_pkgs/workspace/install/bolide_interfaces/share/bolide_interfaces/cmake/export_bolide_interfaces__rosidl_generator_cExport-noconfig.cmake\n'}
[1.832734] (bolide_interfaces) StdoutLine: {'line': b'-- Up-to-date: /home/voiture/course_2025_slam_pkgs/workspace/install/bolide_interfaces/share/bolide_interfaces/cmake/export_bolide_interfaces__rosidl_typesupport_fastrtps_cExport.cmake\n'}
[1.832842] (bolide_interfaces) StdoutLine: {'line': b'-- Up-to-date: /home/voiture/course_2025_slam_pkgs/workspace/install/bolide_interfaces/share/bolide_interfaces/cmake/export_bolide_interfaces__rosidl_typesupport_fastrtps_cExport-noconfig.cmake\n'}
[1.833058] (bolide_interfaces) StdoutLine: {'line': b'-- Up-to-date: /home/voiture/course_2025_slam_pkgs/workspace/install/bolide_interfaces/share/bolide_interfaces/cmake/export_bolide_interfaces__rosidl_generator_cppExport.cmake\n'}
[1.833169] (bolide_interfaces) StdoutLine: {'line': b'-- Up-to-date: /home/voiture/course_2025_slam_pkgs/workspace/install/bolide_interfaces/share/bolide_interfaces/cmake/export_bolide_interfaces__rosidl_typesupport_fastrtps_cppExport.cmake\n'}
[1.833270] (bolide_interfaces) StdoutLine: {'line': b'-- Up-to-date: /home/voiture/course_2025_slam_pkgs/workspace/install/bolide_interfaces/share/bolide_interfaces/cmake/export_bolide_interfaces__rosidl_typesupport_fastrtps_cppExport-noconfig.cmake\n'}
[1.833371] (bolide_interfaces) StdoutLine: {'line': b'-- Up-to-date: /home/voiture/course_2025_slam_pkgs/workspace/install/bolide_interfaces/share/bolide_interfaces/cmake/bolide_interfaces__rosidl_typesupport_introspection_cExport.cmake\n'}
[1.833520] (bolide_interfaces) StdoutLine: {'line': b'-- Up-to-date: /home/voiture/course_2025_slam_pkgs/workspace/install/bolide_interfaces/share/bolide_interfaces/cmake/bolide_interfaces__rosidl_typesupport_introspection_cExport-noconfig.cmake\n'}
[1.833631] (bolide_interfaces) StdoutLine: {'line': b'-- Up-to-date: /home/voiture/course_2025_slam_pkgs/workspace/install/bolide_interfaces/share/bolide_interfaces/cmake/bolide_interfaces__rosidl_typesupport_cExport.cmake\n'}
[1.833798] (bolide_interfaces) StdoutLine: {'line': b'-- Up-to-date: /home/voiture/course_2025_slam_pkgs/workspace/install/bolide_interfaces/share/bolide_interfaces/cmake/bolide_interfaces__rosidl_typesupport_cExport-noconfig.cmake\n'}
[1.833898] (bolide_interfaces) StdoutLine: {'line': b'-- Up-to-date: /home/voiture/course_2025_slam_pkgs/workspace/install/bolide_interfaces/share/bolide_interfaces/cmake/bolide_interfaces__rosidl_typesupport_introspection_cppExport.cmake\n'}
[1.833994] (bolide_interfaces) StdoutLine: {'line': b'-- Up-to-date: /home/voiture/course_2025_slam_pkgs/workspace/install/bolide_interfaces/share/bolide_interfaces/cmake/bolide_interfaces__rosidl_typesupport_introspection_cppExport-noconfig.cmake\n'}
[1.834091] (bolide_interfaces) StdoutLine: {'line': b'-- Up-to-date: /home/voiture/course_2025_slam_pkgs/workspace/install/bolide_interfaces/share/bolide_interfaces/cmake/bolide_interfaces__rosidl_typesupport_cppExport.cmake\n'}
[1.834187] (bolide_interfaces) StdoutLine: {'line': b'-- Up-to-date: /home/voiture/course_2025_slam_pkgs/workspace/install/bolide_interfaces/share/bolide_interfaces/cmake/bolide_interfaces__rosidl_typesupport_cppExport-noconfig.cmake\n'}
[1.834279] (bolide_interfaces) StdoutLine: {'line': b'-- Up-to-date: /home/voiture/course_2025_slam_pkgs/workspace/install/bolide_interfaces/share/bolide_interfaces/cmake/export_bolide_interfaces__rosidl_generator_pyExport.cmake\n'}
[1.834441] (bolide_interfaces) StdoutLine: {'line': b'-- Up-to-date: /home/voiture/course_2025_slam_pkgs/workspace/install/bolide_interfaces/share/bolide_interfaces/cmake/export_bolide_interfaces__rosidl_generator_pyExport-noconfig.cmake\n'}
[1.834532] (bolide_interfaces) StdoutLine: {'line': b'-- Up-to-date: /home/voiture/course_2025_slam_pkgs/workspace/install/bolide_interfaces/share/bolide_interfaces/cmake/rosidl_cmake-extras.cmake\n'}
[1.834683] (bolide_interfaces) StdoutLine: {'line': b'-- Up-to-date: /home/voiture/course_2025_slam_pkgs/workspace/install/bolide_interfaces/share/bolide_interfaces/cmake/ament_cmake_export_dependencies-extras.cmake\n'}
[1.834818] (bolide_interfaces) StdoutLine: {'line': b'-- Up-to-date: /home/voiture/course_2025_slam_pkgs/workspace/install/bolide_interfaces/share/bolide_interfaces/cmake/ament_cmake_export_include_directories-extras.cmake\n'}
[1.834920] (bolide_interfaces) StdoutLine: {'line': b'-- Up-to-date: /home/voiture/course_2025_slam_pkgs/workspace/install/bolide_interfaces/share/bolide_interfaces/cmake/ament_cmake_export_libraries-extras.cmake\n'}
[1.835010] (bolide_interfaces) StdoutLine: {'line': b'-- Up-to-date: /home/voiture/course_2025_slam_pkgs/workspace/install/bolide_interfaces/share/bolide_interfaces/cmake/ament_cmake_export_targets-extras.cmake\n'}
[1.835126] (bolide_interfaces) StdoutLine: {'line': b'-- Up-to-date: /home/voiture/course_2025_slam_pkgs/workspace/install/bolide_interfaces/share/bolide_interfaces/cmake/rosidl_cmake_export_typesupport_targets-extras.cmake\n'}
[1.835220] (bolide_interfaces) StdoutLine: {'line': b'-- Up-to-date: /home/voiture/course_2025_slam_pkgs/workspace/install/bolide_interfaces/share/bolide_interfaces/cmake/rosidl_cmake_export_typesupport_libraries-extras.cmake\n'}
[1.835306] (bolide_interfaces) StdoutLine: {'line': b'-- Up-to-date: /home/voiture/course_2025_slam_pkgs/workspace/install/bolide_interfaces/share/bolide_interfaces/cmake/bolide_interfacesConfig.cmake\n'}
[1.835391] (bolide_interfaces) StdoutLine: {'line': b'-- Up-to-date: /home/voiture/course_2025_slam_pkgs/workspace/install/bolide_interfaces/share/bolide_interfaces/cmake/bolide_interfacesConfig-version.cmake\n'}
[1.835474] (bolide_interfaces) StdoutLine: {'line': b'-- Up-to-date: /home/voiture/course_2025_slam_pkgs/workspace/install/bolide_interfaces/share/bolide_interfaces/package.xml\n'}
[1.838113] (bolide_interfaces) CommandEnded: {'returncode': 0}
[1.883745] (bolide_interfaces) JobEnded: {'identifier': 'bolide_interfaces', 'rc': 0}
[1.886021] (control_bolide) JobStarted: {'identifier': 'control_bolide'}
[1.897056] (perception_bolide) JobStarted: {'identifier': 'perception_bolide'}
[1.912645] (-) TimerEvent: {}
[1.916260] (planning_bolide) JobStarted: {'identifier': 'planning_bolide'}
[2.012773] (-) TimerEvent: {}
[2.113209] (-) TimerEvent: {}
[2.213672] (-) TimerEvent: {}
[2.314055] (-) TimerEvent: {}
[2.414498] (-) TimerEvent: {}
[2.514895] (-) TimerEvent: {}
[2.615317] (-) TimerEvent: {}
[2.715695] (-) TimerEvent: {}
[2.816154] (-) TimerEvent: {}
[2.916578] (-) TimerEvent: {}
[3.016950] (-) TimerEvent: {}
[3.117322] (-) TimerEvent: {}
[3.217758] (-) TimerEvent: {}
[3.319085] (-) TimerEvent: {}
[3.419500] (-) TimerEvent: {}
[3.520252] (-) TimerEvent: {}
[3.622698] (-) TimerEvent: {}
[3.723439] (-) TimerEvent: {}
[3.824951] (-) TimerEvent: {}
[3.925415] (-) TimerEvent: {}
[4.028225] (-) TimerEvent: {}
[4.128685] (-) TimerEvent: {}
[4.229167] (-) TimerEvent: {}
[4.329589] (-) TimerEvent: {}
[4.430761] (-) TimerEvent: {}
[4.531400] (-) TimerEvent: {}
[4.576191] (control_bolide) Command: {'cmd': ['/usr/bin/python3', '-W', 'ignore:setup.py install is deprecated', '-W', 'ignore:easy_install command is deprecated', 'setup.py', 'egg_info', '--egg-base', '../../build/control_bolide', 'build', '--build-base', '/home/voiture/course_2025_slam_pkgs/workspace/build/control_bolide/build', 'install', '--record', '/home/voiture/course_2025_slam_pkgs/workspace/build/control_bolide/install.log', '--single-version-externally-managed', 'install_data'], 'cwd': '/home/voiture/course_2025_slam_pkgs/workspace/src/control_bolide', 'env': {'LESSOPEN': '| /usr/bin/lesspipe %s', 'LANGUAGE': 'en', 'USER': 'voiture', 'XDG_SESSION_TYPE': 'x11', 'CLUTTER_DISABLE_MIPMAPPED_TEXT': '1', 'SHLVL': '1', 'LD_LIBRARY_PATH': '/home/voiture/course_2025_slam_pkgs/workspace/install/bolide_interfaces/lib:/opt/ros/jazzy/opt/rviz_ogre_vendor/lib:/opt/ros/jazzy/lib/aarch64-linux-gnu:/opt/ros/jazzy/opt/gz_math_vendor/lib:/opt/ros/jazzy/opt/gz_utils_vendor/lib:/opt/ros/jazzy/opt/gz_cmake_vendor/lib:/opt/ros/jazzy/lib', 'HOME': '/home/voiture', 'OLDPWD': '/home/voiture', 'DESKTOP_SESSION': 'ubuntu', 'ROS_PYTHON_VERSION': '3', 'GNOME_SHELL_SESSION_MODE': 'ubuntu', 'GTK_MODULES': 'gail:atk-bridge', 'XDG_SEAT_PATH': '/org/freedesktop/DisplayManager/Seat0', 'PS1': '\\[\\e]0;\\u@\\h: \\w\\a\\]${debian_chroot:+($debian_chroot)}\\[\\033[01;32m\\]\\u@\\h\\[\\033[00m\\]:\\[\\033[01;34m\\]\\w\\[\\033[00m\\]\\$', 'SYSTEMD_EXEC_PID': '2120', 'GSM_SKIP_SSH_AGENT_WORKAROUND': 'true', 'DBUS_SESSION_BUS_ADDRESS': 'unix:path=/run/user/1002/bus', 'COLORTERM': 'truecolor', 'DEBUGINFOD_URLS': 'https://debuginfod.ubuntu.com', 'IM_CONFIG_PHASE': '1', 'COLCON_PREFIX_PATH': '/home/voiture/course_2025_slam_pkgs/workspace/install', 'ROS_DISTRO': 'jazzy', 'LOGNAME': 'voiture', '_': '/usr/bin/colcon', 'ROS_VERSION': '2', 'MEMORY_PRESSURE_WATCH': '/sys/fs/cgroup/user.slice/user-1002.slice/user@1002.service/session.slice/org.gnome.Shell@x11.service/memory.pressure', 'XDG_SESSION_CLASS': 'user', 'TERM': 'xterm-256color', 'GNOME_DESKTOP_SESSION_ID': 'this-is-deprecated', 'PATH': '/opt/ros/jazzy/bin:/usr/local/sbin:/usr/local/bin:/usr/sbin:/usr/bin:/sbin:/bin:/usr/games:/usr/local/games:/snap/bin', 'SESSION_MANAGER': 'local/voiture1:@/tmp/.ICE-unix/2087,unix/voiture1:/tmp/.ICE-unix/2087', 'GDM_LANG': 'en', 'XDG_SESSION_PATH': '/org/freedesktop/DisplayManager/Session0', 'XDG_MENU_PREFIX': 'gnome-', 'GNOME_TERMINAL_SCREEN': '/org/gnome/Terminal/screen/bb37d3ac_3e05_49b7_8b52_9f2fe2d04ef2', 'XDG_RUNTIME_DIR': '/run/user/1002', 'DISPLAY': ':0', 'LANG': 'C.UTF-8', 'XDG_CURRENT_DESKTOP': 'ubuntu:GNOME', 'XMODIFIERS': '@im=ibus', 'XDG_SESSION_DESKTOP': 'ubuntu', 'XAUTHORITY': '/home/voiture/.Xauthority', 'LS_COLORS': 'rs=0:di=01;34:ln=01;36:mh=00:pi=40;33:so=01;35:do=01;35:bd=40;33;01:cd=40;33;01:or=40;31;01:mi=00:su=37;41:sg=30;43:ca=00:tw=30;42:ow=34;42:st=37;44:ex=01;32:*.tar=01;31:*.tgz=01;31:*.arc=01;31:*.arj=01;31:*.taz=01;31:*.lha=01;31:*.lz4=01;31:*.lzh=01;31:*.lzma=01;31:*.tlz=01;31:*.txz=01;31:*.tzo=01;31:*.t7z=01;31:*.zip=01;31:*.z=01;31:*.dz=01;31:*.gz=01;31:*.lrz=01;31:*.lz=01;31:*.lzo=01;31:*.xz=01;31:*.zst=01;31:*.tzst=01;31:*.bz2=01;31:*.bz=01;31:*.tbz=01;31:*.tbz2=01;31:*.tz=01;31:*.deb=01;31:*.rpm=01;31:*.jar=01;31:*.war=01;31:*.ear=01;31:*.sar=01;31:*.rar=01;31:*.alz=01;31:*.ace=01;31:*.zoo=01;31:*.cpio=01;31:*.7z=01;31:*.rz=01;31:*.cab=01;31:*.wim=01;31:*.swm=01;31:*.dwm=01;31:*.esd=01;31:*.avif=01;35:*.jpg=01;35:*.jpeg=01;35:*.mjpg=01;35:*.mjpeg=01;35:*.gif=01;35:*.bmp=01;35:*.pbm=01;35:*.pgm=01;35:*.ppm=01;35:*.tga=01;35:*.xbm=01;35:*.xpm=01;35:*.tif=01;35:*.tiff=01;35:*.png=01;35:*.svg=01;35:*.svgz=01;35:*.mng=01;35:*.pcx=01;35:*.mov=01;35:*.mpg=01;35:*.mpeg=01;35:*.m2v=01;35:*.mkv=01;35:*.webm=01;35:*.webp=01;35:*.ogm=01;35:*.mp4=01;35:*.m4v=01;35:*.mp4v=01;35:*.vob=01;35:*.qt=01;35:*.nuv=01;35:*.wmv=01;35:*.asf=01;35:*.rm=01;35:*.rmvb=01;35:*.flc=01;35:*.avi=01;35:*.fli=01;35:*.flv=01;35:*.gl=01;35:*.dl=01;35:*.xcf=01;35:*.xwd=01;35:*.yuv=01;35:*.cgm=01;35:*.emf=01;35:*.ogv=01;35:*.ogx=01;35:*.aac=00;36:*.au=00;36:*.flac=00;36:*.m4a=00;36:*.mid=00;36:*.midi=00;36:*.mka=00;36:*.mp3=00;36:*.mpc=00;36:*.ogg=00;36:*.ra=00;36:*.wav=00;36:*.oga=00;36:*.opus=00;36:*.spx=00;36:*.xspf=00;36:*~=00;90:*#=00;90:*.bak=00;90:*.crdownload=00;90:*.dpkg-dist=00;90:*.dpkg-new=00;90:*.dpkg-old=00;90:*.dpkg-tmp=00;90:*.old=00;90:*.orig=00;90:*.part=00;90:*.rej=00;90:*.rpmnew=00;90:*.rpmorig=00;90:*.rpmsave=00;90:*.swp=00;90:*.tmp=00;90:*.ucf-dist=00;90:*.ucf-new=00;90:*.ucf-old=00;90:', 'GNOME_TERMINAL_SERVICE': ':1.103', 'SSH_AUTH_SOCK': '/run/user/1002/keyring/ssh', 'ROS_DOMAIN_ID': '10', 'XDG_GREETER_DATA_DIR': '/var/lib/lightdm-data/voiture', 'AMENT_PREFIX_PATH': '/home/voiture/course_2025_slam_pkgs/workspace/install/sllidar_ros2:/home/voiture/course_2025_slam_pkgs/workspace/install/planning_bolide:/home/voiture/course_2025_slam_pkgs/workspace/install/perception_bolide:/home/voiture/course_2025_slam_pkgs/workspace/install/particle_filter:/home/voiture/course_2025_slam_pkgs/workspace/install/control_bolide:/home/voiture/course_2025_slam_pkgs/workspace/install/bolide_interfaces:/opt/ros/jazzy', 'SHELL': '/bin/bash', 'QT_ACCESSIBILITY': '1', 'GDMSESSION': 'ubuntu', 'LESSCLOSE': '/usr/bin/lesspipe %s %s', 'GPG_AGENT_INFO': '/run/user/1002/gnupg/S.gpg-agent:0:1', 'ROS_AUTOMATIC_DISCOVERY_RANGE': 'SUBNET', 'QT_IM_MODULE': 'ibus', 'PWD': '/home/voiture/course_2025_slam_pkgs/workspace/build/control_bolide', 'XDG_CONFIG_DIRS': '/etc/xdg/xdg-ubuntu:/etc/xdg', 'XDG_DATA_DIRS': '/usr/share/ubuntu:/usr/share/gnome:/usr/local/share:/usr/share:/var/lib/snapd/desktop', 'PYTHONPATH': '/home/voiture/course_2025_slam_pkgs/workspace/build/control_bolide/prefix_override:/usr/lib/python3/dist-packages/colcon_core/task/python/colcon_distutils_commands:/home/voiture/course_2025_slam_pkgs/workspace/install/control_bolide/lib/python3.12/site-packages:/home/voiture/course_2025_slam_pkgs/workspace/install/bolide_interfaces/lib/python3.12/site-packages:/home/voiture/course_2025_slam_pkgs/workspace/install/planning_bolide/lib/python3.12/site-packages:/home/voiture/course_2025_slam_pkgs/workspace/install/perception_bolide/lib/python3.12/site-packages:/home/voiture/course_2025_slam_pkgs/workspace/install/particle_filter/lib/python3.12/site-packages:/home/voiture/course_2025_slam_pkgs/workspace/install/control_bolide/lib/python3.12/site-packages:/opt/ros/jazzy/lib/python3.12/site-packages', 'COLCON': '1', 'MEMORY_PRESSURE_WRITE': 'c29tZSAyMDAwMDAgMjAwMDAwMAA=', 'VTE_VERSION': '7600', 'CMAKE_PREFIX_PATH': '/home/voiture/course_2025_slam_pkgs/workspace/install/bolide_interfaces:/home/voiture/course_2025_slam_pkgs/workspace/install/sllidar_ros2:/opt/ros/jazzy/opt/gz_math_vendor:/opt/ros/jazzy/opt/gz_utils_vendor:/opt/ros/jazzy/opt/gz_cmake_vendor'}, 'shell': False}
[4.585749] (planning_bolide) Command: {'cmd': ['/usr/bin/python3', '-W', 'ignore:setup.py install is deprecated', '-W', 'ignore:easy_install command is deprecated', 'setup.py', 'egg_info', '--egg-base', '../../build/planning_bolide', 'build', '--build-base', '/home/voiture/course_2025_slam_pkgs/workspace/build/planning_bolide/build', 'install', '--record', '/home/voiture/course_2025_slam_pkgs/workspace/build/planning_bolide/install.log', '--single-version-externally-managed', 'install_data'], 'cwd': '/home/voiture/course_2025_slam_pkgs/workspace/src/planning_bolide', 'env': {'LESSOPEN': '| /usr/bin/lesspipe %s', 'LANGUAGE': 'en', 'USER': 'voiture', 'XDG_SESSION_TYPE': 'x11', 'CLUTTER_DISABLE_MIPMAPPED_TEXT': '1', 'SHLVL': '1', 'LD_LIBRARY_PATH': '/home/voiture/course_2025_slam_pkgs/workspace/install/bolide_interfaces/lib:/opt/ros/jazzy/opt/rviz_ogre_vendor/lib:/opt/ros/jazzy/lib/aarch64-linux-gnu:/opt/ros/jazzy/opt/gz_math_vendor/lib:/opt/ros/jazzy/opt/gz_utils_vendor/lib:/opt/ros/jazzy/opt/gz_cmake_vendor/lib:/opt/ros/jazzy/lib', 'HOME': '/home/voiture', 'OLDPWD': '/home/voiture', 'DESKTOP_SESSION': 'ubuntu', 'ROS_PYTHON_VERSION': '3', 'GNOME_SHELL_SESSION_MODE': 'ubuntu', 'GTK_MODULES': 'gail:atk-bridge', 'XDG_SEAT_PATH': '/org/freedesktop/DisplayManager/Seat0', 'PS1': '\\[\\e]0;\\u@\\h: \\w\\a\\]${debian_chroot:+($debian_chroot)}\\[\\033[01;32m\\]\\u@\\h\\[\\033[00m\\]:\\[\\033[01;34m\\]\\w\\[\\033[00m\\]\\$', 'SYSTEMD_EXEC_PID': '2120', 'GSM_SKIP_SSH_AGENT_WORKAROUND': 'true', 'DBUS_SESSION_BUS_ADDRESS': 'unix:path=/run/user/1002/bus', 'COLORTERM': 'truecolor', 'DEBUGINFOD_URLS': 'https://debuginfod.ubuntu.com', 'IM_CONFIG_PHASE': '1', 'COLCON_PREFIX_PATH': '/home/voiture/course_2025_slam_pkgs/workspace/install', 'ROS_DISTRO': 'jazzy', 'LOGNAME': 'voiture', '_': '/usr/bin/colcon', 'ROS_VERSION': '2', 'MEMORY_PRESSURE_WATCH': '/sys/fs/cgroup/user.slice/user-1002.slice/user@1002.service/session.slice/org.gnome.Shell@x11.service/memory.pressure', 'XDG_SESSION_CLASS': 'user', 'TERM': 'xterm-256color', 'GNOME_DESKTOP_SESSION_ID': 'this-is-deprecated', 'PATH': '/opt/ros/jazzy/bin:/usr/local/sbin:/usr/local/bin:/usr/sbin:/usr/bin:/sbin:/bin:/usr/games:/usr/local/games:/snap/bin', 'SESSION_MANAGER': 'local/voiture1:@/tmp/.ICE-unix/2087,unix/voiture1:/tmp/.ICE-unix/2087', 'GDM_LANG': 'en', 'XDG_SESSION_PATH': '/org/freedesktop/DisplayManager/Session0', 'XDG_MENU_PREFIX': 'gnome-', 'GNOME_TERMINAL_SCREEN': '/org/gnome/Terminal/screen/bb37d3ac_3e05_49b7_8b52_9f2fe2d04ef2', 'XDG_RUNTIME_DIR': '/run/user/1002', 'DISPLAY': ':0', 'LANG': 'C.UTF-8', 'XDG_CURRENT_DESKTOP': 'ubuntu:GNOME', 'XMODIFIERS': '@im=ibus', 'XDG_SESSION_DESKTOP': 'ubuntu', 'XAUTHORITY': '/home/voiture/.Xauthority', 'LS_COLORS': 'rs=0:di=01;34:ln=01;36:mh=00:pi=40;33:so=01;35:do=01;35:bd=40;33;01:cd=40;33;01:or=40;31;01:mi=00:su=37;41:sg=30;43:ca=00:tw=30;42:ow=34;42:st=37;44:ex=01;32:*.tar=01;31:*.tgz=01;31:*.arc=01;31:*.arj=01;31:*.taz=01;31:*.lha=01;31:*.lz4=01;31:*.lzh=01;31:*.lzma=01;31:*.tlz=01;31:*.txz=01;31:*.tzo=01;31:*.t7z=01;31:*.zip=01;31:*.z=01;31:*.dz=01;31:*.gz=01;31:*.lrz=01;31:*.lz=01;31:*.lzo=01;31:*.xz=01;31:*.zst=01;31:*.tzst=01;31:*.bz2=01;31:*.bz=01;31:*.tbz=01;31:*.tbz2=01;31:*.tz=01;31:*.deb=01;31:*.rpm=01;31:*.jar=01;31:*.war=01;31:*.ear=01;31:*.sar=01;31:*.rar=01;31:*.alz=01;31:*.ace=01;31:*.zoo=01;31:*.cpio=01;31:*.7z=01;31:*.rz=01;31:*.cab=01;31:*.wim=01;31:*.swm=01;31:*.dwm=01;31:*.esd=01;31:*.avif=01;35:*.jpg=01;35:*.jpeg=01;35:*.mjpg=01;35:*.mjpeg=01;35:*.gif=01;35:*.bmp=01;35:*.pbm=01;35:*.pgm=01;35:*.ppm=01;35:*.tga=01;35:*.xbm=01;35:*.xpm=01;35:*.tif=01;35:*.tiff=01;35:*.png=01;35:*.svg=01;35:*.svgz=01;35:*.mng=01;35:*.pcx=01;35:*.mov=01;35:*.mpg=01;35:*.mpeg=01;35:*.m2v=01;35:*.mkv=01;35:*.webm=01;35:*.webp=01;35:*.ogm=01;35:*.mp4=01;35:*.m4v=01;35:*.mp4v=01;35:*.vob=01;35:*.qt=01;35:*.nuv=01;35:*.wmv=01;35:*.asf=01;35:*.rm=01;35:*.rmvb=01;35:*.flc=01;35:*.avi=01;35:*.fli=01;35:*.flv=01;35:*.gl=01;35:*.dl=01;35:*.xcf=01;35:*.xwd=01;35:*.yuv=01;35:*.cgm=01;35:*.emf=01;35:*.ogv=01;35:*.ogx=01;35:*.aac=00;36:*.au=00;36:*.flac=00;36:*.m4a=00;36:*.mid=00;36:*.midi=00;36:*.mka=00;36:*.mp3=00;36:*.mpc=00;36:*.ogg=00;36:*.ra=00;36:*.wav=00;36:*.oga=00;36:*.opus=00;36:*.spx=00;36:*.xspf=00;36:*~=00;90:*#=00;90:*.bak=00;90:*.crdownload=00;90:*.dpkg-dist=00;90:*.dpkg-new=00;90:*.dpkg-old=00;90:*.dpkg-tmp=00;90:*.old=00;90:*.orig=00;90:*.part=00;90:*.rej=00;90:*.rpmnew=00;90:*.rpmorig=00;90:*.rpmsave=00;90:*.swp=00;90:*.tmp=00;90:*.ucf-dist=00;90:*.ucf-new=00;90:*.ucf-old=00;90:', 'GNOME_TERMINAL_SERVICE': ':1.103', 'SSH_AUTH_SOCK': '/run/user/1002/keyring/ssh', 'ROS_DOMAIN_ID': '10', 'XDG_GREETER_DATA_DIR': '/var/lib/lightdm-data/voiture', 'AMENT_PREFIX_PATH': '/home/voiture/course_2025_slam_pkgs/workspace/install/sllidar_ros2:/home/voiture/course_2025_slam_pkgs/workspace/install/planning_bolide:/home/voiture/course_2025_slam_pkgs/workspace/install/perception_bolide:/home/voiture/course_2025_slam_pkgs/workspace/install/particle_filter:/home/voiture/course_2025_slam_pkgs/workspace/install/control_bolide:/home/voiture/course_2025_slam_pkgs/workspace/install/bolide_interfaces:/opt/ros/jazzy', 'SHELL': '/bin/bash', 'QT_ACCESSIBILITY': '1', 'GDMSESSION': 'ubuntu', 'LESSCLOSE': '/usr/bin/lesspipe %s %s', 'GPG_AGENT_INFO': '/run/user/1002/gnupg/S.gpg-agent:0:1', 'ROS_AUTOMATIC_DISCOVERY_RANGE': 'SUBNET', 'QT_IM_MODULE': 'ibus', 'PWD': '/home/voiture/course_2025_slam_pkgs/workspace/build/planning_bolide', 'XDG_CONFIG_DIRS': '/etc/xdg/xdg-ubuntu:/etc/xdg', 'XDG_DATA_DIRS': '/usr/share/ubuntu:/usr/share/gnome:/usr/local/share:/usr/share:/var/lib/snapd/desktop', 'PYTHONPATH': '/home/voiture/course_2025_slam_pkgs/workspace/build/planning_bolide/prefix_override:/usr/lib/python3/dist-packages/colcon_core/task/python/colcon_distutils_commands:/home/voiture/course_2025_slam_pkgs/workspace/install/planning_bolide/lib/python3.12/site-packages:/home/voiture/course_2025_slam_pkgs/workspace/install/bolide_interfaces/lib/python3.12/site-packages:/home/voiture/course_2025_slam_pkgs/workspace/install/planning_bolide/lib/python3.12/site-packages:/home/voiture/course_2025_slam_pkgs/workspace/install/perception_bolide/lib/python3.12/site-packages:/home/voiture/course_2025_slam_pkgs/workspace/install/particle_filter/lib/python3.12/site-packages:/home/voiture/course_2025_slam_pkgs/workspace/install/control_bolide/lib/python3.12/site-packages:/opt/ros/jazzy/lib/python3.12/site-packages', 'COLCON': '1', 'MEMORY_PRESSURE_WRITE': 'c29tZSAyMDAwMDAgMjAwMDAwMAA=', 'VTE_VERSION': '7600', 'CMAKE_PREFIX_PATH': '/home/voiture/course_2025_slam_pkgs/workspace/install/bolide_interfaces:/home/voiture/course_2025_slam_pkgs/workspace/install/sllidar_ros2:/opt/ros/jazzy/opt/gz_math_vendor:/opt/ros/jazzy/opt/gz_utils_vendor:/opt/ros/jazzy/opt/gz_cmake_vendor'}, 'shell': False}
[4.595264] (perception_bolide) Command: {'cmd': ['/usr/bin/python3', '-W', 'ignore:setup.py install is deprecated', '-W', 'ignore:easy_install command is deprecated', 'setup.py', 'egg_info', '--egg-base', '../../build/perception_bolide', 'build', '--build-base', '/home/voiture/course_2025_slam_pkgs/workspace/build/perception_bolide/build', 'install', '--record', '/home/voiture/course_2025_slam_pkgs/workspace/build/perception_bolide/install.log', '--single-version-externally-managed', 'install_data'], 'cwd': '/home/voiture/course_2025_slam_pkgs/workspace/src/perception_bolide', 'env': {'LESSOPEN': '| /usr/bin/lesspipe %s', 'LANGUAGE': 'en', 'USER': 'voiture', 'XDG_SESSION_TYPE': 'x11', 'CLUTTER_DISABLE_MIPMAPPED_TEXT': '1', 'SHLVL': '1', 'LD_LIBRARY_PATH': '/home/voiture/course_2025_slam_pkgs/workspace/install/bolide_interfaces/lib:/opt/ros/jazzy/opt/rviz_ogre_vendor/lib:/opt/ros/jazzy/lib/aarch64-linux-gnu:/opt/ros/jazzy/opt/gz_math_vendor/lib:/opt/ros/jazzy/opt/gz_utils_vendor/lib:/opt/ros/jazzy/opt/gz_cmake_vendor/lib:/opt/ros/jazzy/lib', 'HOME': '/home/voiture', 'OLDPWD': '/home/voiture', 'DESKTOP_SESSION': 'ubuntu', 'ROS_PYTHON_VERSION': '3', 'GNOME_SHELL_SESSION_MODE': 'ubuntu', 'GTK_MODULES': 'gail:atk-bridge', 'XDG_SEAT_PATH': '/org/freedesktop/DisplayManager/Seat0', 'PS1': '\\[\\e]0;\\u@\\h: \\w\\a\\]${debian_chroot:+($debian_chroot)}\\[\\033[01;32m\\]\\u@\\h\\[\\033[00m\\]:\\[\\033[01;34m\\]\\w\\[\\033[00m\\]\\$', 'SYSTEMD_EXEC_PID': '2120', 'GSM_SKIP_SSH_AGENT_WORKAROUND': 'true', 'DBUS_SESSION_BUS_ADDRESS': 'unix:path=/run/user/1002/bus', 'COLORTERM': 'truecolor', 'DEBUGINFOD_URLS': 'https://debuginfod.ubuntu.com', 'IM_CONFIG_PHASE': '1', 'COLCON_PREFIX_PATH': '/home/voiture/course_2025_slam_pkgs/workspace/install', 'ROS_DISTRO': 'jazzy', 'LOGNAME': 'voiture', '_': '/usr/bin/colcon', 'ROS_VERSION': '2', 'MEMORY_PRESSURE_WATCH': '/sys/fs/cgroup/user.slice/user-1002.slice/user@1002.service/session.slice/org.gnome.Shell@x11.service/memory.pressure', 'XDG_SESSION_CLASS': 'user', 'TERM': 'xterm-256color', 'GNOME_DESKTOP_SESSION_ID': 'this-is-deprecated', 'PATH': '/opt/ros/jazzy/bin:/usr/local/sbin:/usr/local/bin:/usr/sbin:/usr/bin:/sbin:/bin:/usr/games:/usr/local/games:/snap/bin', 'SESSION_MANAGER': 'local/voiture1:@/tmp/.ICE-unix/2087,unix/voiture1:/tmp/.ICE-unix/2087', 'GDM_LANG': 'en', 'XDG_SESSION_PATH': '/org/freedesktop/DisplayManager/Session0', 'XDG_MENU_PREFIX': 'gnome-', 'GNOME_TERMINAL_SCREEN': '/org/gnome/Terminal/screen/bb37d3ac_3e05_49b7_8b52_9f2fe2d04ef2', 'XDG_RUNTIME_DIR': '/run/user/1002', 'DISPLAY': ':0', 'LANG': 'C.UTF-8', 'XDG_CURRENT_DESKTOP': 'ubuntu:GNOME', 'XMODIFIERS': '@im=ibus', 'XDG_SESSION_DESKTOP': 'ubuntu', 'XAUTHORITY': '/home/voiture/.Xauthority', 'LS_COLORS': 'rs=0:di=01;34:ln=01;36:mh=00:pi=40;33:so=01;35:do=01;35:bd=40;33;01:cd=40;33;01:or=40;31;01:mi=00:su=37;41:sg=30;43:ca=00:tw=30;42:ow=34;42:st=37;44:ex=01;32:*.tar=01;31:*.tgz=01;31:*.arc=01;31:*.arj=01;31:*.taz=01;31:*.lha=01;31:*.lz4=01;31:*.lzh=01;31:*.lzma=01;31:*.tlz=01;31:*.txz=01;31:*.tzo=01;31:*.t7z=01;31:*.zip=01;31:*.z=01;31:*.dz=01;31:*.gz=01;31:*.lrz=01;31:*.lz=01;31:*.lzo=01;31:*.xz=01;31:*.zst=01;31:*.tzst=01;31:*.bz2=01;31:*.bz=01;31:*.tbz=01;31:*.tbz2=01;31:*.tz=01;31:*.deb=01;31:*.rpm=01;31:*.jar=01;31:*.war=01;31:*.ear=01;31:*.sar=01;31:*.rar=01;31:*.alz=01;31:*.ace=01;31:*.zoo=01;31:*.cpio=01;31:*.7z=01;31:*.rz=01;31:*.cab=01;31:*.wim=01;31:*.swm=01;31:*.dwm=01;31:*.esd=01;31:*.avif=01;35:*.jpg=01;35:*.jpeg=01;35:*.mjpg=01;35:*.mjpeg=01;35:*.gif=01;35:*.bmp=01;35:*.pbm=01;35:*.pgm=01;35:*.ppm=01;35:*.tga=01;35:*.xbm=01;35:*.xpm=01;35:*.tif=01;35:*.tiff=01;35:*.png=01;35:*.svg=01;35:*.svgz=01;35:*.mng=01;35:*.pcx=01;35:*.mov=01;35:*.mpg=01;35:*.mpeg=01;35:*.m2v=01;35:*.mkv=01;35:*.webm=01;35:*.webp=01;35:*.ogm=01;35:*.mp4=01;35:*.m4v=01;35:*.mp4v=01;35:*.vob=01;35:*.qt=01;35:*.nuv=01;35:*.wmv=01;35:*.asf=01;35:*.rm=01;35:*.rmvb=01;35:*.flc=01;35:*.avi=01;35:*.fli=01;35:*.flv=01;35:*.gl=01;35:*.dl=01;35:*.xcf=01;35:*.xwd=01;35:*.yuv=01;35:*.cgm=01;35:*.emf=01;35:*.ogv=01;35:*.ogx=01;35:*.aac=00;36:*.au=00;36:*.flac=00;36:*.m4a=00;36:*.mid=00;36:*.midi=00;36:*.mka=00;36:*.mp3=00;36:*.mpc=00;36:*.ogg=00;36:*.ra=00;36:*.wav=00;36:*.oga=00;36:*.opus=00;36:*.spx=00;36:*.xspf=00;36:*~=00;90:*#=00;90:*.bak=00;90:*.crdownload=00;90:*.dpkg-dist=00;90:*.dpkg-new=00;90:*.dpkg-old=00;90:*.dpkg-tmp=00;90:*.old=00;90:*.orig=00;90:*.part=00;90:*.rej=00;90:*.rpmnew=00;90:*.rpmorig=00;90:*.rpmsave=00;90:*.swp=00;90:*.tmp=00;90:*.ucf-dist=00;90:*.ucf-new=00;90:*.ucf-old=00;90:', 'GNOME_TERMINAL_SERVICE': ':1.103', 'SSH_AUTH_SOCK': '/run/user/1002/keyring/ssh', 'ROS_DOMAIN_ID': '10', 'XDG_GREETER_DATA_DIR': '/var/lib/lightdm-data/voiture', 'AMENT_PREFIX_PATH': '/home/voiture/course_2025_slam_pkgs/workspace/install/sllidar_ros2:/home/voiture/course_2025_slam_pkgs/workspace/install/planning_bolide:/home/voiture/course_2025_slam_pkgs/workspace/install/perception_bolide:/home/voiture/course_2025_slam_pkgs/workspace/install/particle_filter:/home/voiture/course_2025_slam_pkgs/workspace/install/control_bolide:/home/voiture/course_2025_slam_pkgs/workspace/install/bolide_interfaces:/opt/ros/jazzy', 'SHELL': '/bin/bash', 'QT_ACCESSIBILITY': '1', 'GDMSESSION': 'ubuntu', 'LESSCLOSE': '/usr/bin/lesspipe %s %s', 'GPG_AGENT_INFO': '/run/user/1002/gnupg/S.gpg-agent:0:1', 'ROS_AUTOMATIC_DISCOVERY_RANGE': 'SUBNET', 'QT_IM_MODULE': 'ibus', 'PWD': '/home/voiture/course_2025_slam_pkgs/workspace/build/perception_bolide', 'XDG_CONFIG_DIRS': '/etc/xdg/xdg-ubuntu:/etc/xdg', 'XDG_DATA_DIRS': '/usr/share/ubuntu:/usr/share/gnome:/usr/local/share:/usr/share:/var/lib/snapd/desktop', 'PYTHONPATH': '/home/voiture/course_2025_slam_pkgs/workspace/build/perception_bolide/prefix_override:/usr/lib/python3/dist-packages/colcon_core/task/python/colcon_distutils_commands:/home/voiture/course_2025_slam_pkgs/workspace/install/perception_bolide/lib/python3.12/site-packages:/home/voiture/course_2025_slam_pkgs/workspace/install/bolide_interfaces/lib/python3.12/site-packages:/home/voiture/course_2025_slam_pkgs/workspace/install/planning_bolide/lib/python3.12/site-packages:/home/voiture/course_2025_slam_pkgs/workspace/install/perception_bolide/lib/python3.12/site-packages:/home/voiture/course_2025_slam_pkgs/workspace/install/particle_filter/lib/python3.12/site-packages:/home/voiture/course_2025_slam_pkgs/workspace/install/control_bolide/lib/python3.12/site-packages:/opt/ros/jazzy/lib/python3.12/site-packages', 'COLCON': '1', 'MEMORY_PRESSURE_WRITE': 'c29tZSAyMDAwMDAgMjAwMDAwMAA=', 'VTE_VERSION': '7600', 'CMAKE_PREFIX_PATH': '/home/voiture/course_2025_slam_pkgs/workspace/install/bolide_interfaces:/home/voiture/course_2025_slam_pkgs/workspace/install/sllidar_ros2:/opt/ros/jazzy/opt/gz_math_vendor:/opt/ros/jazzy/opt/gz_utils_vendor:/opt/ros/jazzy/opt/gz_cmake_vendor'}, 'shell': False}
[4.631509] (-) TimerEvent: {}
[4.735715] (-) TimerEvent: {}
[4.836220] (-) TimerEvent: {}
[4.940435] (-) TimerEvent: {}
[5.041152] (-) TimerEvent: {}
[5.141906] (-) TimerEvent: {}
[5.211319] (control_bolide) StdoutLine: {'line': b'running egg_info\n'}
[5.231056] (perception_bolide) StdoutLine: {'line': b'running egg_info\n'}
[5.240825] (planning_bolide) StdoutLine: {'line': b'running egg_info\n'}
[5.242313] (-) TimerEvent: {}
[5.244266] (control_bolide) StdoutLine: {'line': b'writing ../../build/control_bolide/control_bolide.egg-info/PKG-INFO\n'}
[5.244534] (control_bolide) StdoutLine: {'line': b'writing dependency_links to ../../build/control_bolide/control_bolide.egg-info/dependency_links.txt\n'}
[5.244709] (control_bolide) StdoutLine: {'line': b'writing entry points to ../../build/control_bolide/control_bolide.egg-info/entry_points.txt\n'}
[5.244850] (control_bolide) StdoutLine: {'line': b'writing requirements to ../../build/control_bolide/control_bolide.egg-info/requires.txt\n'}
[5.244975] (control_bolide) StdoutLine: {'line': b'writing top-level names to ../../build/control_bolide/control_bolide.egg-info/top_level.txt\n'}
[5.264778] (perception_bolide) StdoutLine: {'line': b'writing ../../build/perception_bolide/perception_bolide.egg-info/PKG-INFO\n'}
[5.266976] (perception_bolide) StdoutLine: {'line': b'writing dependency_links to ../../build/perception_bolide/perception_bolide.egg-info/dependency_links.txt\n'}
[5.267121] (perception_bolide) StdoutLine: {'line': b'writing entry points to ../../build/perception_bolide/perception_bolide.egg-info/entry_points.txt\n'}
[5.267223] (perception_bolide) StdoutLine: {'line': b'writing requirements to ../../build/perception_bolide/perception_bolide.egg-info/requires.txt\n'}
[5.267318] (perception_bolide) StdoutLine: {'line': b'writing top-level names to ../../build/perception_bolide/perception_bolide.egg-info/top_level.txt\n'}
[5.276634] (planning_bolide) StdoutLine: {'line': b'writing ../../build/planning_bolide/planning_bolide.egg-info/PKG-INFO\n'}
[5.277949] (planning_bolide) StdoutLine: {'line': b'writing dependency_links to ../../build/planning_bolide/planning_bolide.egg-info/dependency_links.txt\n'}
[5.278133] (planning_bolide) StdoutLine: {'line': b'writing entry points to ../../build/planning_bolide/planning_bolide.egg-info/entry_points.txt\n'}
[5.278247] (planning_bolide) StdoutLine: {'line': b'writing requirements to ../../build/planning_bolide/planning_bolide.egg-info/requires.txt\n'}
[5.278356] (planning_bolide) StdoutLine: {'line': b'writing top-level names to ../../build/planning_bolide/planning_bolide.egg-info/top_level.txt\n'}
[5.313813] (control_bolide) StdoutLine: {'line': b"reading manifest file '../../build/control_bolide/control_bolide.egg-info/SOURCES.txt'\n"}
[5.315149] (control_bolide) StdoutLine: {'line': b"adding license file 'LICENSE'\n"}
[5.316683] (control_bolide) StdoutLine: {'line': b"writing manifest file '../../build/control_bolide/control_bolide.egg-info/SOURCES.txt'\n"}
[5.316919] (control_bolide) StdoutLine: {'line': b'running build\n'}
[5.317059] (control_bolide) StdoutLine: {'line': b'running build_py\n'}
[5.319705] (control_bolide) StdoutLine: {'line': b'running install\n'}
[5.333242] (control_bolide) StdoutLine: {'line': b'running install_lib\n'}
[5.342426] (-) TimerEvent: {}
[5.343577] (perception_bolide) StdoutLine: {'line': b"reading manifest file '../../build/perception_bolide/perception_bolide.egg-info/SOURCES.txt'\n"}
[5.345675] (perception_bolide) StdoutLine: {'line': b"adding license file 'LICENSE'\n"}
[5.351640] (perception_bolide) StdoutLine: {'line': b"writing manifest file '../../build/perception_bolide/perception_bolide.egg-info/SOURCES.txt'\n"}
[5.351850] (perception_bolide) StdoutLine: {'line': b'running build\n'}
[5.351992] (perception_bolide) StdoutLine: {'line': b'running build_py\n'}
[5.352122] (perception_bolide) StdoutLine: {'line': b'running install\n'}
[5.359685] (planning_bolide) StdoutLine: {'line': b"reading manifest file '../../build/planning_bolide/planning_bolide.egg-info/SOURCES.txt'\n"}
[5.361119] (planning_bolide) StdoutLine: {'line': b"adding license file 'LICENSE'\n"}
[5.363091] (planning_bolide) StdoutLine: {'line': b"writing manifest file '../../build/planning_bolide/planning_bolide.egg-info/SOURCES.txt'\n"}
[5.363869] (planning_bolide) StdoutLine: {'line': b'running build\n'}
[5.364044] (planning_bolide) StdoutLine: {'line': b'running build_py\n'}
[5.364179] (planning_bolide) StdoutLine: {'line': b'running install\n'}
[5.367528] (perception_bolide) StdoutLine: {'line': b'running install_lib\n'}
[5.379103] (planning_bolide) StdoutLine: {'line': b'running install_lib\n'}
[5.385016] (control_bolide) StdoutLine: {'line': b'running install_data\n'}
[5.386343] (control_bolide) StdoutLine: {'line': b'running install_egg_info\n'}
[5.413438] (perception_bolide) StdoutLine: {'line': b'running install_data\n'}
[5.414116] (perception_bolide) StdoutLine: {'line': b'running install_egg_info\n'}
[5.425233] (planning_bolide) StdoutLine: {'line': b'running install_data\n'}
[5.427228] (planning_bolide) StdoutLine: {'line': b'copying launch/ready_for_nav.launch.py -> /home/voiture/course_2025_slam_pkgs/workspace/install/planning_bolide/share/planning_bolide/launch\n'}
[5.427461] (planning_bolide) StdoutLine: {'line': b'running install_egg_info\n'}
[5.436692] (control_bolide) StdoutLine: {'line': b"removing '/home/voiture/course_2025_slam_pkgs/workspace/install/control_bolide/lib/python3.12/site-packages/control_bolide-0.1.0-py3.12.egg-info' (and everything under it)\n"}
[5.439590] (control_bolide) StdoutLine: {'line': b'Copying ../../build/control_bolide/control_bolide.egg-info to /home/voiture/course_2025_slam_pkgs/workspace/install/control_bolide/lib/python3.12/site-packages/control_bolide-0.1.0-py3.12.egg-info\n'}
[5.439880] (control_bolide) StdoutLine: {'line': b'running install_scripts\n'}
[5.442519] (-) TimerEvent: {}
[5.470447] (perception_bolide) StdoutLine: {'line': b"removing '/home/voiture/course_2025_slam_pkgs/workspace/install/perception_bolide/lib/python3.12/site-packages/perception_bolide-0.1.0-py3.12.egg-info' (and everything under it)\n"}
[5.474782] (perception_bolide) StdoutLine: {'line': b'Copying ../../build/perception_bolide/perception_bolide.egg-info to /home/voiture/course_2025_slam_pkgs/workspace/install/perception_bolide/lib/python3.12/site-packages/perception_bolide-0.1.0-py3.12.egg-info\n'}
[5.475117] (perception_bolide) StdoutLine: {'line': b'running install_scripts\n'}
[5.475965] (planning_bolide) StdoutLine: {'line': b"removing '/home/voiture/course_2025_slam_pkgs/workspace/install/planning_bolide/lib/python3.12/site-packages/planning_bolide-0.1.0-py3.12.egg-info' (and everything under it)\n"}
[5.477017] (planning_bolide) StdoutLine: {'line': b'Copying ../../build/planning_bolide/planning_bolide.egg-info to /home/voiture/course_2025_slam_pkgs/workspace/install/planning_bolide/lib/python3.12/site-packages/planning_bolide-0.1.0-py3.12.egg-info\n'}
[5.479679] (planning_bolide) StdoutLine: {'line': b'running install_scripts\n'}
[5.542676] (-) TimerEvent: {}
[5.644461] (-) TimerEvent: {}
[5.745074] (-) TimerEvent: {}
[5.802724] (control_bolide) StdoutLine: {'line': b'Installing ackermann_controller script to /home/voiture/course_2025_slam_pkgs/workspace/install/control_bolide/lib/control_bolide\n'}
[5.803137] (control_bolide) StdoutLine: {'line': b'Installing calibration_direction script to /home/voiture/course_2025_slam_pkgs/workspace/install/control_bolide/lib/control_bolide\n'}
[5.805762] (control_bolide) StdoutLine: {'line': b'Installing calibration_direction_copy script to /home/voiture/course_2025_slam_pkgs/workspace/install/control_bolide/lib/control_bolide\n'}
[5.807831] (control_bolide) StdoutLine: {'line': b'Installing cmd_dir script to /home/voiture/course_2025_slam_pkgs/workspace/install/control_bolide/lib/control_bolide\n'}
[5.809633] (control_bolide) StdoutLine: {'line': b'Installing cmd_vel script to /home/voiture/course_2025_slam_pkgs/workspace/install/control_bolide/lib/control_bolide\n'}
[5.812694] (control_bolide) StdoutLine: {'line': b'Installing cmd_vel_vizu script to /home/voiture/course_2025_slam_pkgs/workspace/install/control_bolide/lib/control_bolide\n'}
[5.813172] (control_bolide) StdoutLine: {'line': b'Installing obstacle_detection script to /home/voiture/course_2025_slam_pkgs/workspace/install/control_bolide/lib/control_bolide\n'}
[5.814373] (control_bolide) StdoutLine: {'line': b'Installing speed_direction_controller script to /home/voiture/course_2025_slam_pkgs/workspace/install/control_bolide/lib/control_bolide\n'}
[5.817740] (control_bolide) StdoutLine: {'line': b'Installing stanley_controller script to /home/voiture/course_2025_slam_pkgs/workspace/install/control_bolide/lib/control_bolide\n'}
[5.822799] (control_bolide) StdoutLine: {'line': b"writing list of installed files to '/home/voiture/course_2025_slam_pkgs/workspace/build/control_bolide/install.log'\n"}
[5.837370] (planning_bolide) StdoutLine: {'line': b'Installing speed_direction_controller script to /home/voiture/course_2025_slam_pkgs/workspace/install/planning_bolide/lib/planning_bolide\n'}
[5.838627] (planning_bolide) StdoutLine: {'line': b'Installing teleop_node script to /home/voiture/course_2025_slam_pkgs/workspace/install/planning_bolide/lib/planning_bolide\n'}
[5.844723] (planning_bolide) StdoutLine: {'line': b"writing list of installed files to '/home/voiture/course_2025_slam_pkgs/workspace/build/planning_bolide/install.log'\n"}
[5.846162] (-) TimerEvent: {}
[5.939479] (perception_bolide) StdoutLine: {'line': b'Installing calibrate_color script to /home/voiture/course_2025_slam_pkgs/workspace/install/perception_bolide/lib/perception_bolide\n'}
[5.942681] (perception_bolide) StdoutLine: {'line': b'Installing camera_info script to /home/voiture/course_2025_slam_pkgs/workspace/install/perception_bolide/lib/perception_bolide\n'}
[5.945289] (perception_bolide) StdoutLine: {'line': b'Installing camera_opencv script to /home/voiture/course_2025_slam_pkgs/workspace/install/perception_bolide/lib/perception_bolide\n'}
[5.945533] (perception_bolide) StdoutLine: {'line': b'Installing camera_publisher script to /home/voiture/course_2025_slam_pkgs/workspace/install/perception_bolide/lib/perception_bolide\n'}
[5.947948] (perception_bolide) StdoutLine: {'line': b'Installing dbscan_node script to /home/voiture/course_2025_slam_pkgs/workspace/install/perception_bolide/lib/perception_bolide\n'}
[5.949768] (-) TimerEvent: {}
[5.954908] (perception_bolide) StdoutLine: {'line': b'Installing fork_publisher script to /home/voiture/course_2025_slam_pkgs/workspace/install/perception_bolide/lib/perception_bolide\n'}
[5.957092] (perception_bolide) StdoutLine: {'line': b'Installing imu_publisher script to /home/voiture/course_2025_slam_pkgs/workspace/install/perception_bolide/lib/perception_bolide\n'}
[5.962457] (perception_bolide) StdoutLine: {'line': b'Installing launch_ekf_map script to /home/voiture/course_2025_slam_pkgs/workspace/install/perception_bolide/lib/perception_bolide\n'}
[5.966690] (perception_bolide) StdoutLine: {'line': b'Installing lidar_process script to /home/voiture/course_2025_slam_pkgs/workspace/install/perception_bolide/lib/perception_bolide\n'}
[5.969514] (perception_bolide) StdoutLine: {'line': b'Installing lidar_publisher script to /home/voiture/course_2025_slam_pkgs/workspace/install/perception_bolide/lib/perception_bolide\n'}
[5.969954] (perception_bolide) StdoutLine: {'line': b'Installing lidar_vizu script to /home/voiture/course_2025_slam_pkgs/workspace/install/perception_bolide/lib/perception_bolide\n'}
[5.970375] (perception_bolide) StdoutLine: {'line': b'Installing odom_fork_imu script to /home/voiture/course_2025_slam_pkgs/workspace/install/perception_bolide/lib/perception_bolide\n'}
[5.977066] (perception_bolide) StdoutLine: {'line': b'Installing odom_fork_imu_sim script to /home/voiture/course_2025_slam_pkgs/workspace/install/perception_bolide/lib/perception_bolide\n'}
[5.977604] (perception_bolide) StdoutLine: {'line': b'Installing rear_ranges_publisher script to /home/voiture/course_2025_slam_pkgs/workspace/install/perception_bolide/lib/perception_bolide\n'}
[5.978025] (perception_bolide) StdoutLine: {'line': b'Installing stm32_publisher script to /home/voiture/course_2025_slam_pkgs/workspace/install/perception_bolide/lib/perception_bolide\n'}
[5.978315] (perception_bolide) StdoutLine: {'line': b"writing list of installed files to '/home/voiture/course_2025_slam_pkgs/workspace/build/perception_bolide/install.log'\n"}
[6.041861] (planning_bolide) CommandEnded: {'returncode': 0}
[6.050494] (-) TimerEvent: {}
[6.084909] (planning_bolide) JobEnded: {'identifier': 'planning_bolide', 'rc': 0}
[6.110130] (control_bolide) CommandEnded: {'returncode': 0}
[6.140108] (control_bolide) JobEnded: {'identifier': 'control_bolide', 'rc': 0}
[6.151693] (-) TimerEvent: {}
[6.157268] (perception_bolide) CommandEnded: {'returncode': 0}
[6.186988] (perception_bolide) JobEnded: {'identifier': 'perception_bolide', 'rc': 0}
[6.190983] (-) EventReactorShutdown: {}
