[0.151s] DEBUG:colcon:Command line arguments: ['/usr/bin/colcon', 'build', '--packages-select', 'perception_bolide', 'control_bolide']
[0.151s] DEBUG:colcon:Parsed command line arguments: Namespace(log_base=None, log_level=None, verb_name='build', build_base='build', install_base='install', merge_install=False, symlink_install=False, test_result_base=None, continue_on_error=False, executor='parallel', parallel_workers=4, event_handlers=None, ignore_user_meta=False, metas=['./colcon.meta'], base_paths=['.'], packages_ignore=None, packages_ignore_regex=None, paths=None, packages_up_to=None, packages_up_to_regex=None, packages_above=None, packages_above_and_dependencies=None, packages_above_depth=None, packages_select_by_dep=None, packages_skip_by_dep=None, packages_skip_up_to=None, packages_select_build_failed=False, packages_skip_build_finished=False, packages_select_test_failures=False, packages_skip_test_passed=False, packages_select=['perception_bolide', 'control_bolide'], packages_skip=None, packages_select_regex=None, packages_skip_regex=None, packages_start=None, packages_end=None, allow_overriding=[], cmake_args=None, cmake_target=None, cmake_target_skip_unavailable=False, cmake_clean_cache=False, cmake_clean_first=False, cmake_force_configure=False, ament_cmake_args=None, catkin_cmake_args=None, catkin_skip_building_tests=False, mixin_files=None, mixin=None, verb_parser=<colcon_mixin.mixin.mixin_argument.MixinArgumentDecorator object at 0xffffb2414ce0>, verb_extension=<colcon_core.verb.build.BuildVerb object at 0xffffb25cd3d0>, main=<bound method BuildVerb.main of <colcon_core.verb.build.BuildVerb object at 0xffffb25cd3d0>>, mixin_verb=('build',))
[0.208s] Level 1:colcon.colcon_core.package_discovery:discover_packages(colcon_meta) check parameters
[0.209s] Level 1:colcon.colcon_core.package_discovery:discover_packages(recursive) check parameters
[0.209s] Level 1:colcon.colcon_core.package_discovery:discover_packages(ignore) check parameters
[0.209s] Level 1:colcon.colcon_core.package_discovery:discover_packages(path) check parameters
[0.209s] Level 1:colcon.colcon_core.package_discovery:discover_packages(colcon_meta) discover
[0.209s] Level 1:colcon.colcon_core.package_discovery:discover_packages(recursive) discover
[0.209s] INFO:colcon.colcon_core.package_discovery:Crawling recursively for packages in '/home/voiture/course_2025_slam_pkgs/workspace'
[0.209s] Level 1:colcon.colcon_core.package_identification:_identify(.) by extensions ['ignore', 'ignore_ament_install']
[0.209s] Level 1:colcon.colcon_core.package_identification:_identify(.) by extension 'ignore'
[0.209s] Level 1:colcon.colcon_core.package_identification:_identify(.) by extension 'ignore_ament_install'
[0.209s] Level 1:colcon.colcon_core.package_identification:_identify(.) by extensions ['colcon_pkg']
[0.209s] Level 1:colcon.colcon_core.package_identification:_identify(.) by extension 'colcon_pkg'
[0.209s] Level 1:colcon.colcon_core.package_identification:_identify(.) by extensions ['colcon_meta']
[0.209s] Level 1:colcon.colcon_core.package_identification:_identify(.) by extension 'colcon_meta'
[0.209s] Level 1:colcon.colcon_core.package_identification:_identify(.) by extensions ['ros']
[0.209s] Level 1:colcon.colcon_core.package_identification:_identify(.) by extension 'ros'
[0.247s] Level 1:colcon.colcon_core.package_identification:_identify(.) by extensions ['cmake', 'python']
[0.247s] Level 1:colcon.colcon_core.package_identification:_identify(.) by extension 'cmake'
[0.247s] Level 1:colcon.colcon_core.package_identification:_identify(.) by extension 'python'
[0.247s] Level 1:colcon.colcon_core.package_identification:_identify(.) by extensions ['python_setup_py']
[0.247s] Level 1:colcon.colcon_core.package_identification:_identify(.) by extension 'python_setup_py'
[0.247s] Level 1:colcon.colcon_core.package_identification:_identify(build) by extensions ['ignore', 'ignore_ament_install']
[0.247s] Level 1:colcon.colcon_core.package_identification:_identify(build) by extension 'ignore'
[0.247s] Level 1:colcon.colcon_core.package_identification:_identify(build) ignored
[0.248s] Level 1:colcon.colcon_core.package_identification:_identify(install) by extensions ['ignore', 'ignore_ament_install']
[0.248s] Level 1:colcon.colcon_core.package_identification:_identify(install) by extension 'ignore'
[0.248s] Level 1:colcon.colcon_core.package_identification:_identify(install) ignored
[0.249s] Level 1:colcon.colcon_core.package_identification:_identify(log) by extensions ['ignore', 'ignore_ament_install']
[0.249s] Level 1:colcon.colcon_core.package_identification:_identify(log) by extension 'ignore'
[0.249s] Level 1:colcon.colcon_core.package_identification:_identify(log) ignored
[0.249s] Level 1:colcon.colcon_core.package_identification:_identify(src) by extensions ['ignore', 'ignore_ament_install']
[0.249s] Level 1:colcon.colcon_core.package_identification:_identify(src) by extension 'ignore'
[0.249s] Level 1:colcon.colcon_core.package_identification:_identify(src) by extension 'ignore_ament_install'
[0.249s] Level 1:colcon.colcon_core.package_identification:_identify(src) by extensions ['colcon_pkg']
[0.249s] Level 1:colcon.colcon_core.package_identification:_identify(src) by extension 'colcon_pkg'
[0.249s] Level 1:colcon.colcon_core.package_identification:_identify(src) by extensions ['colcon_meta']
[0.249s] Level 1:colcon.colcon_core.package_identification:_identify(src) by extension 'colcon_meta'
[0.249s] Level 1:colcon.colcon_core.package_identification:_identify(src) by extensions ['ros']
[0.249s] Level 1:colcon.colcon_core.package_identification:_identify(src) by extension 'ros'
[0.250s] Level 1:colcon.colcon_core.package_identification:_identify(src) by extensions ['cmake', 'python']
[0.250s] Level 1:colcon.colcon_core.package_identification:_identify(src) by extension 'cmake'
[0.250s] Level 1:colcon.colcon_core.package_identification:_identify(src) by extension 'python'
[0.250s] Level 1:colcon.colcon_core.package_identification:_identify(src) by extensions ['python_setup_py']
[0.250s] Level 1:colcon.colcon_core.package_identification:_identify(src) by extension 'python_setup_py'
[0.250s] Level 1:colcon.colcon_core.package_identification:_identify(src/bolide_interfaces) by extensions ['ignore', 'ignore_ament_install']
[0.250s] Level 1:colcon.colcon_core.package_identification:_identify(src/bolide_interfaces) by extension 'ignore'
[0.250s] Level 1:colcon.colcon_core.package_identification:_identify(src/bolide_interfaces) by extension 'ignore_ament_install'
[0.251s] Level 1:colcon.colcon_core.package_identification:_identify(src/bolide_interfaces) by extensions ['colcon_pkg']
[0.251s] Level 1:colcon.colcon_core.package_identification:_identify(src/bolide_interfaces) by extension 'colcon_pkg'
[0.251s] Level 1:colcon.colcon_core.package_identification:_identify(src/bolide_interfaces) by extensions ['colcon_meta']
[0.251s] Level 1:colcon.colcon_core.package_identification:_identify(src/bolide_interfaces) by extension 'colcon_meta'
[0.251s] Level 1:colcon.colcon_core.package_identification:_identify(src/bolide_interfaces) by extensions ['ros']
[0.251s] Level 1:colcon.colcon_core.package_identification:_identify(src/bolide_interfaces) by extension 'ros'
[0.258s] DEBUG:colcon.colcon_core.package_identification:Package 'src/bolide_interfaces' with type 'ros.ament_cmake' and name 'bolide_interfaces'
[0.258s] Level 1:colcon.colcon_core.package_identification:_identify(src/control_bolide) by extensions ['ignore', 'ignore_ament_install']
[0.258s] Level 1:colcon.colcon_core.package_identification:_identify(src/control_bolide) by extension 'ignore'
[0.258s] Level 1:colcon.colcon_core.package_identification:_identify(src/control_bolide) by extension 'ignore_ament_install'
[0.259s] Level 1:colcon.colcon_core.package_identification:_identify(src/control_bolide) by extensions ['colcon_pkg']
[0.259s] Level 1:colcon.colcon_core.package_identification:_identify(src/control_bolide) by extension 'colcon_pkg'
[0.259s] Level 1:colcon.colcon_core.package_identification:_identify(src/control_bolide) by extensions ['colcon_meta']
[0.259s] Level 1:colcon.colcon_core.package_identification:_identify(src/control_bolide) by extension 'colcon_meta'
[0.259s] Level 1:colcon.colcon_core.package_identification:_identify(src/control_bolide) by extensions ['ros']
[0.259s] Level 1:colcon.colcon_core.package_identification:_identify(src/control_bolide) by extension 'ros'
[0.260s] DEBUG:colcon.colcon_core.package_identification:Package 'src/control_bolide' with type 'ros.ament_python' and name 'control_bolide'
[0.261s] Level 1:colcon.colcon_core.package_identification:_identify(src/particle_filter) by extensions ['ignore', 'ignore_ament_install']
[0.261s] Level 1:colcon.colcon_core.package_identification:_identify(src/particle_filter) by extension 'ignore'
[0.261s] Level 1:colcon.colcon_core.package_identification:_identify(src/particle_filter) by extension 'ignore_ament_install'
[0.261s] Level 1:colcon.colcon_core.package_identification:_identify(src/particle_filter) by extensions ['colcon_pkg']
[0.261s] Level 1:colcon.colcon_core.package_identification:_identify(src/particle_filter) by extension 'colcon_pkg'
[0.261s] Level 1:colcon.colcon_core.package_identification:_identify(src/particle_filter) by extensions ['colcon_meta']
[0.262s] Level 1:colcon.colcon_core.package_identification:_identify(src/particle_filter) by extension 'colcon_meta'
[0.262s] Level 1:colcon.colcon_core.package_identification:_identify(src/particle_filter) by extensions ['ros']
[0.262s] Level 1:colcon.colcon_core.package_identification:_identify(src/particle_filter) by extension 'ros'
[0.264s] DEBUG:colcon.colcon_core.package_identification:Package 'src/particle_filter' with type 'ros.ament_python' and name 'particle_filter'
[0.264s] Level 1:colcon.colcon_core.package_identification:_identify(src/perception_bolide) by extensions ['ignore', 'ignore_ament_install']
[0.264s] Level 1:colcon.colcon_core.package_identification:_identify(src/perception_bolide) by extension 'ignore'
[0.264s] Level 1:colcon.colcon_core.package_identification:_identify(src/perception_bolide) by extension 'ignore_ament_install'
[0.264s] Level 1:colcon.colcon_core.package_identification:_identify(src/perception_bolide) by extensions ['colcon_pkg']
[0.264s] Level 1:colcon.colcon_core.package_identification:_identify(src/perception_bolide) by extension 'colcon_pkg'
[0.264s] Level 1:colcon.colcon_core.package_identification:_identify(src/perception_bolide) by extensions ['colcon_meta']
[0.264s] Level 1:colcon.colcon_core.package_identification:_identify(src/perception_bolide) by extension 'colcon_meta'
[0.264s] Level 1:colcon.colcon_core.package_identification:_identify(src/perception_bolide) by extensions ['ros']
[0.264s] Level 1:colcon.colcon_core.package_identification:_identify(src/perception_bolide) by extension 'ros'
[0.266s] DEBUG:colcon.colcon_core.package_identification:Package 'src/perception_bolide' with type 'ros.ament_python' and name 'perception_bolide'
[0.266s] Level 1:colcon.colcon_core.package_identification:_identify(src/planning_bolide) by extensions ['ignore', 'ignore_ament_install']
[0.266s] Level 1:colcon.colcon_core.package_identification:_identify(src/planning_bolide) by extension 'ignore'
[0.266s] Level 1:colcon.colcon_core.package_identification:_identify(src/planning_bolide) by extension 'ignore_ament_install'
[0.266s] Level 1:colcon.colcon_core.package_identification:_identify(src/planning_bolide) by extensions ['colcon_pkg']
[0.267s] Level 1:colcon.colcon_core.package_identification:_identify(src/planning_bolide) by extension 'colcon_pkg'
[0.267s] Level 1:colcon.colcon_core.package_identification:_identify(src/planning_bolide) by extensions ['colcon_meta']
[0.267s] Level 1:colcon.colcon_core.package_identification:_identify(src/planning_bolide) by extension 'colcon_meta'
[0.267s] Level 1:colcon.colcon_core.package_identification:_identify(src/planning_bolide) by extensions ['ros']
[0.267s] Level 1:colcon.colcon_core.package_identification:_identify(src/planning_bolide) by extension 'ros'
[0.268s] DEBUG:colcon.colcon_core.package_identification:Package 'src/planning_bolide' with type 'ros.ament_python' and name 'planning_bolide'
[0.269s] Level 1:colcon.colcon_core.package_identification:_identify(src/slam_karto_ros2) by extensions ['ignore', 'ignore_ament_install']
[0.269s] Level 1:colcon.colcon_core.package_identification:_identify(src/slam_karto_ros2) by extension 'ignore'
[0.269s] Level 1:colcon.colcon_core.package_identification:_identify(src/slam_karto_ros2) by extension 'ignore_ament_install'
[0.269s] Level 1:colcon.colcon_core.package_identification:_identify(src/slam_karto_ros2) by extensions ['colcon_pkg']
[0.269s] Level 1:colcon.colcon_core.package_identification:_identify(src/slam_karto_ros2) by extension 'colcon_pkg'
[0.269s] Level 1:colcon.colcon_core.package_identification:_identify(src/slam_karto_ros2) by extensions ['colcon_meta']
[0.269s] Level 1:colcon.colcon_core.package_identification:_identify(src/slam_karto_ros2) by extension 'colcon_meta'
[0.269s] Level 1:colcon.colcon_core.package_identification:_identify(src/slam_karto_ros2) by extensions ['ros']
[0.269s] Level 1:colcon.colcon_core.package_identification:_identify(src/slam_karto_ros2) by extension 'ros'
[0.270s] DEBUG:colcon.colcon_core.package_identification:Package 'src/slam_karto_ros2' with type 'ros.ament_cmake' and name 'slam_karto'
[0.271s] Level 1:colcon.colcon_core.package_identification:_identify(src/sllidar_ros2) by extensions ['ignore', 'ignore_ament_install']
[0.271s] Level 1:colcon.colcon_core.package_identification:_identify(src/sllidar_ros2) by extension 'ignore'
[0.271s] Level 1:colcon.colcon_core.package_identification:_identify(src/sllidar_ros2) by extension 'ignore_ament_install'
[0.271s] Level 1:colcon.colcon_core.package_identification:_identify(src/sllidar_ros2) by extensions ['colcon_pkg']
[0.271s] Level 1:colcon.colcon_core.package_identification:_identify(src/sllidar_ros2) by extension 'colcon_pkg'
[0.271s] Level 1:colcon.colcon_core.package_identification:_identify(src/sllidar_ros2) by extensions ['colcon_meta']
[0.271s] Level 1:colcon.colcon_core.package_identification:_identify(src/sllidar_ros2) by extension 'colcon_meta'
[0.272s] Level 1:colcon.colcon_core.package_identification:_identify(src/sllidar_ros2) by extensions ['ros']
[0.272s] Level 1:colcon.colcon_core.package_identification:_identify(src/sllidar_ros2) by extension 'ros'
[0.276s] DEBUG:colcon.colcon_core.package_identification:Package 'src/sllidar_ros2' with type 'ros.ament_cmake' and name 'sllidar_ros2'
[0.276s] Level 1:colcon.colcon_core.package_identification:_identify(venv) by extensions ['ignore', 'ignore_ament_install']
[0.277s] Level 1:colcon.colcon_core.package_identification:_identify(venv) by extension 'ignore'
[0.277s] Level 1:colcon.colcon_core.package_identification:_identify(venv) by extension 'ignore_ament_install'
[0.277s] Level 1:colcon.colcon_core.package_identification:_identify(venv) by extensions ['colcon_pkg']
[0.277s] Level 1:colcon.colcon_core.package_identification:_identify(venv) by extension 'colcon_pkg'
[0.277s] Level 1:colcon.colcon_core.package_identification:_identify(venv) by extensions ['colcon_meta']
[0.277s] Level 1:colcon.colcon_core.package_identification:_identify(venv) by extension 'colcon_meta'
[0.277s] Level 1:colcon.colcon_core.package_identification:_identify(venv) by extensions ['ros']
[0.277s] Level 1:colcon.colcon_core.package_identification:_identify(venv) by extension 'ros'
[0.277s] Level 1:colcon.colcon_core.package_identification:_identify(venv) by extensions ['cmake', 'python']
[0.277s] Level 1:colcon.colcon_core.package_identification:_identify(venv) by extension 'cmake'
[0.277s] Level 1:colcon.colcon_core.package_identification:_identify(venv) by extension 'python'
[0.277s] Level 1:colcon.colcon_core.package_identification:_identify(venv) by extensions ['python_setup_py']
[0.277s] Level 1:colcon.colcon_core.package_identification:_identify(venv) by extension 'python_setup_py'
[0.277s] Level 1:colcon.colcon_core.package_identification:_identify(venv/bin) by extensions ['ignore', 'ignore_ament_install']
[0.278s] Level 1:colcon.colcon_core.package_identification:_identify(venv/bin) by extension 'ignore'
[0.278s] Level 1:colcon.colcon_core.package_identification:_identify(venv/bin) by extension 'ignore_ament_install'
[0.278s] Level 1:colcon.colcon_core.package_identification:_identify(venv/bin) by extensions ['colcon_pkg']
[0.278s] Level 1:colcon.colcon_core.package_identification:_identify(venv/bin) by extension 'colcon_pkg'
[0.278s] Level 1:colcon.colcon_core.package_identification:_identify(venv/bin) by extensions ['colcon_meta']
[0.278s] Level 1:colcon.colcon_core.package_identification:_identify(venv/bin) by extension 'colcon_meta'
[0.278s] Level 1:colcon.colcon_core.package_identification:_identify(venv/bin) by extensions ['ros']
[0.278s] Level 1:colcon.colcon_core.package_identification:_identify(venv/bin) by extension 'ros'
[0.278s] Level 1:colcon.colcon_core.package_identification:_identify(venv/bin) by extensions ['cmake', 'python']
[0.278s] Level 1:colcon.colcon_core.package_identification:_identify(venv/bin) by extension 'cmake'
[0.278s] Level 1:colcon.colcon_core.package_identification:_identify(venv/bin) by extension 'python'
[0.278s] Level 1:colcon.colcon_core.package_identification:_identify(venv/bin) by extensions ['python_setup_py']
[0.278s] Level 1:colcon.colcon_core.package_identification:_identify(venv/bin) by extension 'python_setup_py'
[0.279s] Level 1:colcon.colcon_core.package_identification:_identify(venv/include) by extensions ['ignore', 'ignore_ament_install']
[0.279s] Level 1:colcon.colcon_core.package_identification:_identify(venv/include) by extension 'ignore'
[0.279s] Level 1:colcon.colcon_core.package_identification:_identify(venv/include) by extension 'ignore_ament_install'
[0.279s] Level 1:colcon.colcon_core.package_identification:_identify(venv/include) by extensions ['colcon_pkg']
[0.279s] Level 1:colcon.colcon_core.package_identification:_identify(venv/include) by extension 'colcon_pkg'
[0.279s] Level 1:colcon.colcon_core.package_identification:_identify(venv/include) by extensions ['colcon_meta']
[0.279s] Level 1:colcon.colcon_core.package_identification:_identify(venv/include) by extension 'colcon_meta'
[0.279s] Level 1:colcon.colcon_core.package_identification:_identify(venv/include) by extensions ['ros']
[0.279s] Level 1:colcon.colcon_core.package_identification:_identify(venv/include) by extension 'ros'
[0.280s] Level 1:colcon.colcon_core.package_identification:_identify(venv/include) by extensions ['cmake', 'python']
[0.280s] Level 1:colcon.colcon_core.package_identification:_identify(venv/include) by extension 'cmake'
[0.280s] Level 1:colcon.colcon_core.package_identification:_identify(venv/include) by extension 'python'
[0.280s] Level 1:colcon.colcon_core.package_identification:_identify(venv/include) by extensions ['python_setup_py']
[0.280s] Level 1:colcon.colcon_core.package_identification:_identify(venv/include) by extension 'python_setup_py'
[0.280s] Level 1:colcon.colcon_core.package_identification:_identify(venv/include/python3.12) by extensions ['ignore', 'ignore_ament_install']
[0.280s] Level 1:colcon.colcon_core.package_identification:_identify(venv/include/python3.12) by extension 'ignore'
[0.280s] Level 1:colcon.colcon_core.package_identification:_identify(venv/include/python3.12) by extension 'ignore_ament_install'
[0.281s] Level 1:colcon.colcon_core.package_identification:_identify(venv/include/python3.12) by extensions ['colcon_pkg']
[0.281s] Level 1:colcon.colcon_core.package_identification:_identify(venv/include/python3.12) by extension 'colcon_pkg'
[0.281s] Level 1:colcon.colcon_core.package_identification:_identify(venv/include/python3.12) by extensions ['colcon_meta']
[0.281s] Level 1:colcon.colcon_core.package_identification:_identify(venv/include/python3.12) by extension 'colcon_meta'
[0.281s] Level 1:colcon.colcon_core.package_identification:_identify(venv/include/python3.12) by extensions ['ros']
[0.281s] Level 1:colcon.colcon_core.package_identification:_identify(venv/include/python3.12) by extension 'ros'
[0.281s] Level 1:colcon.colcon_core.package_identification:_identify(venv/include/python3.12) by extensions ['cmake', 'python']
[0.281s] Level 1:colcon.colcon_core.package_identification:_identify(venv/include/python3.12) by extension 'cmake'
[0.281s] Level 1:colcon.colcon_core.package_identification:_identify(venv/include/python3.12) by extension 'python'
[0.281s] Level 1:colcon.colcon_core.package_identification:_identify(venv/include/python3.12) by extensions ['python_setup_py']
[0.281s] Level 1:colcon.colcon_core.package_identification:_identify(venv/include/python3.12) by extension 'python_setup_py'
[0.281s] Level 1:colcon.colcon_core.package_identification:_identify(venv/lib) by extensions ['ignore', 'ignore_ament_install']
[0.281s] Level 1:colcon.colcon_core.package_identification:_identify(venv/lib) by extension 'ignore'
[0.281s] Level 1:colcon.colcon_core.package_identification:_identify(venv/lib) by extension 'ignore_ament_install'
[0.281s] Level 1:colcon.colcon_core.package_identification:_identify(venv/lib) by extensions ['colcon_pkg']
[0.281s] Level 1:colcon.colcon_core.package_identification:_identify(venv/lib) by extension 'colcon_pkg'
[0.282s] Level 1:colcon.colcon_core.package_identification:_identify(venv/lib) by extensions ['colcon_meta']
[0.282s] Level 1:colcon.colcon_core.package_identification:_identify(venv/lib) by extension 'colcon_meta'
[0.282s] Level 1:colcon.colcon_core.package_identification:_identify(venv/lib) by extensions ['ros']
[0.282s] Level 1:colcon.colcon_core.package_identification:_identify(venv/lib) by extension 'ros'
[0.282s] Level 1:colcon.colcon_core.package_identification:_identify(venv/lib) by extensions ['cmake', 'python']
[0.282s] Level 1:colcon.colcon_core.package_identification:_identify(venv/lib) by extension 'cmake'
[0.282s] Level 1:colcon.colcon_core.package_identification:_identify(venv/lib) by extension 'python'
[0.282s] Level 1:colcon.colcon_core.package_identification:_identify(venv/lib) by extensions ['python_setup_py']
[0.282s] Level 1:colcon.colcon_core.package_identification:_identify(venv/lib) by extension 'python_setup_py'
[0.282s] Level 1:colcon.colcon_core.package_identification:_identify(venv/lib/python3.12) by extensions ['ignore', 'ignore_ament_install']
[0.282s] Level 1:colcon.colcon_core.package_identification:_identify(venv/lib/python3.12) by extension 'ignore'
[0.282s] Level 1:colcon.colcon_core.package_identification:_identify(venv/lib/python3.12) by extension 'ignore_ament_install'
[0.282s] Level 1:colcon.colcon_core.package_identification:_identify(venv/lib/python3.12) by extensions ['colcon_pkg']
[0.282s] Level 1:colcon.colcon_core.package_identification:_identify(venv/lib/python3.12) by extension 'colcon_pkg'
[0.282s] Level 1:colcon.colcon_core.package_identification:_identify(venv/lib/python3.12) by extensions ['colcon_meta']
[0.282s] Level 1:colcon.colcon_core.package_identification:_identify(venv/lib/python3.12) by extension 'colcon_meta'
[0.282s] Level 1:colcon.colcon_core.package_identification:_identify(venv/lib/python3.12) by extensions ['ros']
[0.283s] Level 1:colcon.colcon_core.package_identification:_identify(venv/lib/python3.12) by extension 'ros'
[0.283s] Level 1:colcon.colcon_core.package_identification:_identify(venv/lib/python3.12) by extensions ['cmake', 'python']
[0.283s] Level 1:colcon.colcon_core.package_identification:_identify(venv/lib/python3.12) by extension 'cmake'
[0.283s] Level 1:colcon.colcon_core.package_identification:_identify(venv/lib/python3.12) by extension 'python'
[0.283s] Level 1:colcon.colcon_core.package_identification:_identify(venv/lib/python3.12) by extensions ['python_setup_py']
[0.283s] Level 1:colcon.colcon_core.package_identification:_identify(venv/lib/python3.12) by extension 'python_setup_py'
[0.283s] Level 1:colcon.colcon_core.package_identification:_identify(venv/lib/python3.12/site-packages) by extensions ['ignore', 'ignore_ament_install']
[0.283s] Level 1:colcon.colcon_core.package_identification:_identify(venv/lib/python3.12/site-packages) by extension 'ignore'
[0.283s] Level 1:colcon.colcon_core.package_identification:_identify(venv/lib/python3.12/site-packages) by extension 'ignore_ament_install'
[0.283s] Level 1:colcon.colcon_core.package_identification:_identify(venv/lib/python3.12/site-packages) by extensions ['colcon_pkg']
[0.283s] Level 1:colcon.colcon_core.package_identification:_identify(venv/lib/python3.12/site-packages) by extension 'colcon_pkg'
[0.283s] Level 1:colcon.colcon_core.package_identification:_identify(venv/lib/python3.12/site-packages) by extensions ['colcon_meta']
[0.283s] Level 1:colcon.colcon_core.package_identification:_identify(venv/lib/python3.12/site-packages) by extension 'colcon_meta'
[0.283s] Level 1:colcon.colcon_core.package_identification:_identify(venv/lib/python3.12/site-packages) by extensions ['ros']
[0.283s] Level 1:colcon.colcon_core.package_identification:_identify(venv/lib/python3.12/site-packages) by extension 'ros'
[0.284s] Level 1:colcon.colcon_core.package_identification:_identify(venv/lib/python3.12/site-packages) by extensions ['cmake', 'python']
[0.284s] Level 1:colcon.colcon_core.package_identification:_identify(venv/lib/python3.12/site-packages) by extension 'cmake'
[0.284s] Level 1:colcon.colcon_core.package_identification:_identify(venv/lib/python3.12/site-packages) by extension 'python'
[0.284s] Level 1:colcon.colcon_core.package_identification:_identify(venv/lib/python3.12/site-packages) by extensions ['python_setup_py']
[0.284s] Level 1:colcon.colcon_core.package_identification:_identify(venv/lib/python3.12/site-packages) by extension 'python_setup_py'
[0.284s] Level 1:colcon.colcon_core.package_identification:_identify(venv/lib/python3.12/site-packages/Xlib) by extensions ['ignore', 'ignore_ament_install']
[0.285s] Level 1:colcon.colcon_core.package_identification:_identify(venv/lib/python3.12/site-packages/Xlib) by extension 'ignore'
[0.285s] Level 1:colcon.colcon_core.package_identification:_identify(venv/lib/python3.12/site-packages/Xlib) by extension 'ignore_ament_install'
[0.285s] Level 1:colcon.colcon_core.package_identification:_identify(venv/lib/python3.12/site-packages/Xlib) by extensions ['colcon_pkg']
[0.285s] Level 1:colcon.colcon_core.package_identification:_identify(venv/lib/python3.12/site-packages/Xlib) by extension 'colcon_pkg'
[0.285s] Level 1:colcon.colcon_core.package_identification:_identify(venv/lib/python3.12/site-packages/Xlib) by extensions ['colcon_meta']
[0.285s] Level 1:colcon.colcon_core.package_identification:_identify(venv/lib/python3.12/site-packages/Xlib) by extension 'colcon_meta'
[0.285s] Level 1:colcon.colcon_core.package_identification:_identify(venv/lib/python3.12/site-packages/Xlib) by extensions ['ros']
[0.285s] Level 1:colcon.colcon_core.package_identification:_identify(venv/lib/python3.12/site-packages/Xlib) by extension 'ros'
[0.285s] Level 1:colcon.colcon_core.package_identification:_identify(venv/lib/python3.12/site-packages/Xlib) by extensions ['cmake', 'python']
[0.285s] Level 1:colcon.colcon_core.package_identification:_identify(venv/lib/python3.12/site-packages/Xlib) by extension 'cmake'
[0.285s] Level 1:colcon.colcon_core.package_identification:_identify(venv/lib/python3.12/site-packages/Xlib) by extension 'python'
[0.285s] Level 1:colcon.colcon_core.package_identification:_identify(venv/lib/python3.12/site-packages/Xlib) by extensions ['python_setup_py']
[0.285s] Level 1:colcon.colcon_core.package_identification:_identify(venv/lib/python3.12/site-packages/Xlib) by extension 'python_setup_py'
[0.286s] Level 1:colcon.colcon_core.package_identification:_identify(venv/lib/python3.12/site-packages/Xlib/__pycache__) by extensions ['ignore', 'ignore_ament_install']
[0.286s] Level 1:colcon.colcon_core.package_identification:_identify(venv/lib/python3.12/site-packages/Xlib/__pycache__) by extension 'ignore'
[0.286s] Level 1:colcon.colcon_core.package_identification:_identify(venv/lib/python3.12/site-packages/Xlib/__pycache__) by extension 'ignore_ament_install'
[0.286s] Level 1:colcon.colcon_core.package_identification:_identify(venv/lib/python3.12/site-packages/Xlib/__pycache__) by extensions ['colcon_pkg']
[0.286s] Level 1:colcon.colcon_core.package_identification:_identify(venv/lib/python3.12/site-packages/Xlib/__pycache__) by extension 'colcon_pkg'
[0.286s] Level 1:colcon.colcon_core.package_identification:_identify(venv/lib/python3.12/site-packages/Xlib/__pycache__) by extensions ['colcon_meta']
[0.286s] Level 1:colcon.colcon_core.package_identification:_identify(venv/lib/python3.12/site-packages/Xlib/__pycache__) by extension 'colcon_meta'
[0.286s] Level 1:colcon.colcon_core.package_identification:_identify(venv/lib/python3.12/site-packages/Xlib/__pycache__) by extensions ['ros']
[0.286s] Level 1:colcon.colcon_core.package_identification:_identify(venv/lib/python3.12/site-packages/Xlib/__pycache__) by extension 'ros'
[0.287s] Level 1:colcon.colcon_core.package_identification:_identify(venv/lib/python3.12/site-packages/Xlib/__pycache__) by extensions ['cmake', 'python']
[0.287s] Level 1:colcon.colcon_core.package_identification:_identify(venv/lib/python3.12/site-packages/Xlib/__pycache__) by extension 'cmake'
[0.287s] Level 1:colcon.colcon_core.package_identification:_identify(venv/lib/python3.12/site-packages/Xlib/__pycache__) by extension 'python'
[0.287s] Level 1:colcon.colcon_core.package_identification:_identify(venv/lib/python3.12/site-packages/Xlib/__pycache__) by extensions ['python_setup_py']
[0.287s] Level 1:colcon.colcon_core.package_identification:_identify(venv/lib/python3.12/site-packages/Xlib/__pycache__) by extension 'python_setup_py'
[0.287s] Level 1:colcon.colcon_core.package_identification:_identify(venv/lib/python3.12/site-packages/Xlib/ext) by extensions ['ignore', 'ignore_ament_install']
[0.287s] Level 1:colcon.colcon_core.package_identification:_identify(venv/lib/python3.12/site-packages/Xlib/ext) by extension 'ignore'
[0.287s] Level 1:colcon.colcon_core.package_identification:_identify(venv/lib/python3.12/site-packages/Xlib/ext) by extension 'ignore_ament_install'
[0.288s] Level 1:colcon.colcon_core.package_identification:_identify(venv/lib/python3.12/site-packages/Xlib/ext) by extensions ['colcon_pkg']
[0.288s] Level 1:colcon.colcon_core.package_identification:_identify(venv/lib/python3.12/site-packages/Xlib/ext) by extension 'colcon_pkg'
[0.288s] Level 1:colcon.colcon_core.package_identification:_identify(venv/lib/python3.12/site-packages/Xlib/ext) by extensions ['colcon_meta']
[0.288s] Level 1:colcon.colcon_core.package_identification:_identify(venv/lib/python3.12/site-packages/Xlib/ext) by extension 'colcon_meta'
[0.288s] Level 1:colcon.colcon_core.package_identification:_identify(venv/lib/python3.12/site-packages/Xlib/ext) by extensions ['ros']
[0.288s] Level 1:colcon.colcon_core.package_identification:_identify(venv/lib/python3.12/site-packages/Xlib/ext) by extension 'ros'
[0.288s] Level 1:colcon.colcon_core.package_identification:_identify(venv/lib/python3.12/site-packages/Xlib/ext) by extensions ['cmake', 'python']
[0.288s] Level 1:colcon.colcon_core.package_identification:_identify(venv/lib/python3.12/site-packages/Xlib/ext) by extension 'cmake'
[0.288s] Level 1:colcon.colcon_core.package_identification:_identify(venv/lib/python3.12/site-packages/Xlib/ext) by extension 'python'
[0.288s] Level 1:colcon.colcon_core.package_identification:_identify(venv/lib/python3.12/site-packages/Xlib/ext) by extensions ['python_setup_py']
[0.288s] Level 1:colcon.colcon_core.package_identification:_identify(venv/lib/python3.12/site-packages/Xlib/ext) by extension 'python_setup_py'
[0.289s] Level 1:colcon.colcon_core.package_identification:_identify(venv/lib/python3.12/site-packages/Xlib/ext/__pycache__) by extensions ['ignore', 'ignore_ament_install']
[0.289s] Level 1:colcon.colcon_core.package_identification:_identify(venv/lib/python3.12/site-packages/Xlib/ext/__pycache__) by extension 'ignore'
[0.289s] Level 1:colcon.colcon_core.package_identification:_identify(venv/lib/python3.12/site-packages/Xlib/ext/__pycache__) by extension 'ignore_ament_install'
[0.289s] Level 1:colcon.colcon_core.package_identification:_identify(venv/lib/python3.12/site-packages/Xlib/ext/__pycache__) by extensions ['colcon_pkg']
[0.289s] Level 1:colcon.colcon_core.package_identification:_identify(venv/lib/python3.12/site-packages/Xlib/ext/__pycache__) by extension 'colcon_pkg'
[0.289s] Level 1:colcon.colcon_core.package_identification:_identify(venv/lib/python3.12/site-packages/Xlib/ext/__pycache__) by extensions ['colcon_meta']
[0.289s] Level 1:colcon.colcon_core.package_identification:_identify(venv/lib/python3.12/site-packages/Xlib/ext/__pycache__) by extension 'colcon_meta'
[0.289s] Level 1:colcon.colcon_core.package_identification:_identify(venv/lib/python3.12/site-packages/Xlib/ext/__pycache__) by extensions ['ros']
[0.289s] Level 1:colcon.colcon_core.package_identification:_identify(venv/lib/python3.12/site-packages/Xlib/ext/__pycache__) by extension 'ros'
[0.289s] Level 1:colcon.colcon_core.package_identification:_identify(venv/lib/python3.12/site-packages/Xlib/ext/__pycache__) by extensions ['cmake', 'python']
[0.289s] Level 1:colcon.colcon_core.package_identification:_identify(venv/lib/python3.12/site-packages/Xlib/ext/__pycache__) by extension 'cmake'
[0.289s] Level 1:colcon.colcon_core.package_identification:_identify(venv/lib/python3.12/site-packages/Xlib/ext/__pycache__) by extension 'python'
[0.289s] Level 1:colcon.colcon_core.package_identification:_identify(venv/lib/python3.12/site-packages/Xlib/ext/__pycache__) by extensions ['python_setup_py']
[0.289s] Level 1:colcon.colcon_core.package_identification:_identify(venv/lib/python3.12/site-packages/Xlib/ext/__pycache__) by extension 'python_setup_py'
[0.290s] Level 1:colcon.colcon_core.package_identification:_identify(venv/lib/python3.12/site-packages/Xlib/keysymdef) by extensions ['ignore', 'ignore_ament_install']
[0.290s] Level 1:colcon.colcon_core.package_identification:_identify(venv/lib/python3.12/site-packages/Xlib/keysymdef) by extension 'ignore'
[0.290s] Level 1:colcon.colcon_core.package_identification:_identify(venv/lib/python3.12/site-packages/Xlib/keysymdef) by extension 'ignore_ament_install'
[0.290s] Level 1:colcon.colcon_core.package_identification:_identify(venv/lib/python3.12/site-packages/Xlib/keysymdef) by extensions ['colcon_pkg']
[0.290s] Level 1:colcon.colcon_core.package_identification:_identify(venv/lib/python3.12/site-packages/Xlib/keysymdef) by extension 'colcon_pkg'
[0.290s] Level 1:colcon.colcon_core.package_identification:_identify(venv/lib/python3.12/site-packages/Xlib/keysymdef) by extensions ['colcon_meta']
[0.290s] Level 1:colcon.colcon_core.package_identification:_identify(venv/lib/python3.12/site-packages/Xlib/keysymdef) by extension 'colcon_meta'
[0.290s] Level 1:colcon.colcon_core.package_identification:_identify(venv/lib/python3.12/site-packages/Xlib/keysymdef) by extensions ['ros']
[0.290s] Level 1:colcon.colcon_core.package_identification:_identify(venv/lib/python3.12/site-packages/Xlib/keysymdef) by extension 'ros'
[0.291s] Level 1:colcon.colcon_core.package_identification:_identify(venv/lib/python3.12/site-packages/Xlib/keysymdef) by extensions ['cmake', 'python']
[0.291s] Level 1:colcon.colcon_core.package_identification:_identify(venv/lib/python3.12/site-packages/Xlib/keysymdef) by extension 'cmake'
[0.291s] Level 1:colcon.colcon_core.package_identification:_identify(venv/lib/python3.12/site-packages/Xlib/keysymdef) by extension 'python'
[0.291s] Level 1:colcon.colcon_core.package_identification:_identify(venv/lib/python3.12/site-packages/Xlib/keysymdef) by extensions ['python_setup_py']
[0.291s] Level 1:colcon.colcon_core.package_identification:_identify(venv/lib/python3.12/site-packages/Xlib/keysymdef) by extension 'python_setup_py'
[0.291s] Level 1:colcon.colcon_core.package_identification:_identify(venv/lib/python3.12/site-packages/Xlib/keysymdef/__pycache__) by extensions ['ignore', 'ignore_ament_install']
[0.291s] Level 1:colcon.colcon_core.package_identification:_identify(venv/lib/python3.12/site-packages/Xlib/keysymdef/__pycache__) by extension 'ignore'
[0.292s] Level 1:colcon.colcon_core.package_identification:_identify(venv/lib/python3.12/site-packages/Xlib/keysymdef/__pycache__) by extension 'ignore_ament_install'
[0.292s] Level 1:colcon.colcon_core.package_identification:_identify(venv/lib/python3.12/site-packages/Xlib/keysymdef/__pycache__) by extensions ['colcon_pkg']
[0.292s] Level 1:colcon.colcon_core.package_identification:_identify(venv/lib/python3.12/site-packages/Xlib/keysymdef/__pycache__) by extension 'colcon_pkg'
[0.292s] Level 1:colcon.colcon_core.package_identification:_identify(venv/lib/python3.12/site-packages/Xlib/keysymdef/__pycache__) by extensions ['colcon_meta']
[0.292s] Level 1:colcon.colcon_core.package_identification:_identify(venv/lib/python3.12/site-packages/Xlib/keysymdef/__pycache__) by extension 'colcon_meta'
[0.292s] Level 1:colcon.colcon_core.package_identification:_identify(venv/lib/python3.12/site-packages/Xlib/keysymdef/__pycache__) by extensions ['ros']
[0.292s] Level 1:colcon.colcon_core.package_identification:_identify(venv/lib/python3.12/site-packages/Xlib/keysymdef/__pycache__) by extension 'ros'
[0.292s] Level 1:colcon.colcon_core.package_identification:_identify(venv/lib/python3.12/site-packages/Xlib/keysymdef/__pycache__) by extensions ['cmake', 'python']
[0.292s] Level 1:colcon.colcon_core.package_identification:_identify(venv/lib/python3.12/site-packages/Xlib/keysymdef/__pycache__) by extension 'cmake'
[0.292s] Level 1:colcon.colcon_core.package_identification:_identify(venv/lib/python3.12/site-packages/Xlib/keysymdef/__pycache__) by extension 'python'
[0.292s] Level 1:colcon.colcon_core.package_identification:_identify(venv/lib/python3.12/site-packages/Xlib/keysymdef/__pycache__) by extensions ['python_setup_py']
[0.292s] Level 1:colcon.colcon_core.package_identification:_identify(venv/lib/python3.12/site-packages/Xlib/keysymdef/__pycache__) by extension 'python_setup_py'
[0.293s] Level 1:colcon.colcon_core.package_identification:_identify(venv/lib/python3.12/site-packages/Xlib/protocol) by extensions ['ignore', 'ignore_ament_install']
[0.293s] Level 1:colcon.colcon_core.package_identification:_identify(venv/lib/python3.12/site-packages/Xlib/protocol) by extension 'ignore'
[0.293s] Level 1:colcon.colcon_core.package_identification:_identify(venv/lib/python3.12/site-packages/Xlib/protocol) by extension 'ignore_ament_install'
[0.293s] Level 1:colcon.colcon_core.package_identification:_identify(venv/lib/python3.12/site-packages/Xlib/protocol) by extensions ['colcon_pkg']
[0.293s] Level 1:colcon.colcon_core.package_identification:_identify(venv/lib/python3.12/site-packages/Xlib/protocol) by extension 'colcon_pkg'
[0.293s] Level 1:colcon.colcon_core.package_identification:_identify(venv/lib/python3.12/site-packages/Xlib/protocol) by extensions ['colcon_meta']
[0.293s] Level 1:colcon.colcon_core.package_identification:_identify(venv/lib/python3.12/site-packages/Xlib/protocol) by extension 'colcon_meta'
[0.293s] Level 1:colcon.colcon_core.package_identification:_identify(venv/lib/python3.12/site-packages/Xlib/protocol) by extensions ['ros']
[0.293s] Level 1:colcon.colcon_core.package_identification:_identify(venv/lib/python3.12/site-packages/Xlib/protocol) by extension 'ros'
[0.293s] Level 1:colcon.colcon_core.package_identification:_identify(venv/lib/python3.12/site-packages/Xlib/protocol) by extensions ['cmake', 'python']
[0.293s] Level 1:colcon.colcon_core.package_identification:_identify(venv/lib/python3.12/site-packages/Xlib/protocol) by extension 'cmake'
[0.293s] Level 1:colcon.colcon_core.package_identification:_identify(venv/lib/python3.12/site-packages/Xlib/protocol) by extension 'python'
[0.293s] Level 1:colcon.colcon_core.package_identification:_identify(venv/lib/python3.12/site-packages/Xlib/protocol) by extensions ['python_setup_py']
[0.293s] Level 1:colcon.colcon_core.package_identification:_identify(venv/lib/python3.12/site-packages/Xlib/protocol) by extension 'python_setup_py'
[0.294s] Level 1:colcon.colcon_core.package_identification:_identify(venv/lib/python3.12/site-packages/Xlib/protocol/__pycache__) by extensions ['ignore', 'ignore_ament_install']
[0.294s] Level 1:colcon.colcon_core.package_identification:_identify(venv/lib/python3.12/site-packages/Xlib/protocol/__pycache__) by extension 'ignore'
[0.294s] Level 1:colcon.colcon_core.package_identification:_identify(venv/lib/python3.12/site-packages/Xlib/protocol/__pycache__) by extension 'ignore_ament_install'
[0.294s] Level 1:colcon.colcon_core.package_identification:_identify(venv/lib/python3.12/site-packages/Xlib/protocol/__pycache__) by extensions ['colcon_pkg']
[0.294s] Level 1:colcon.colcon_core.package_identification:_identify(venv/lib/python3.12/site-packages/Xlib/protocol/__pycache__) by extension 'colcon_pkg'
[0.294s] Level 1:colcon.colcon_core.package_identification:_identify(venv/lib/python3.12/site-packages/Xlib/protocol/__pycache__) by extensions ['colcon_meta']
[0.294s] Level 1:colcon.colcon_core.package_identification:_identify(venv/lib/python3.12/site-packages/Xlib/protocol/__pycache__) by extension 'colcon_meta'
[0.294s] Level 1:colcon.colcon_core.package_identification:_identify(venv/lib/python3.12/site-packages/Xlib/protocol/__pycache__) by extensions ['ros']
[0.294s] Level 1:colcon.colcon_core.package_identification:_identify(venv/lib/python3.12/site-packages/Xlib/protocol/__pycache__) by extension 'ros'
[0.295s] Level 1:colcon.colcon_core.package_identification:_identify(venv/lib/python3.12/site-packages/Xlib/protocol/__pycache__) by extensions ['cmake', 'python']
[0.295s] Level 1:colcon.colcon_core.package_identification:_identify(venv/lib/python3.12/site-packages/Xlib/protocol/__pycache__) by extension 'cmake'
[0.295s] Level 1:colcon.colcon_core.package_identification:_identify(venv/lib/python3.12/site-packages/Xlib/protocol/__pycache__) by extension 'python'
[0.295s] Level 1:colcon.colcon_core.package_identification:_identify(venv/lib/python3.12/site-packages/Xlib/protocol/__pycache__) by extensions ['python_setup_py']
[0.295s] Level 1:colcon.colcon_core.package_identification:_identify(venv/lib/python3.12/site-packages/Xlib/protocol/__pycache__) by extension 'python_setup_py'
[0.295s] Level 1:colcon.colcon_core.package_identification:_identify(venv/lib/python3.12/site-packages/Xlib/support) by extensions ['ignore', 'ignore_ament_install']
[0.295s] Level 1:colcon.colcon_core.package_identification:_identify(venv/lib/python3.12/site-packages/Xlib/support) by extension 'ignore'
[0.295s] Level 1:colcon.colcon_core.package_identification:_identify(venv/lib/python3.12/site-packages/Xlib/support) by extension 'ignore_ament_install'
[0.296s] Level 1:colcon.colcon_core.package_identification:_identify(venv/lib/python3.12/site-packages/Xlib/support) by extensions ['colcon_pkg']
[0.296s] Level 1:colcon.colcon_core.package_identification:_identify(venv/lib/python3.12/site-packages/Xlib/support) by extension 'colcon_pkg'
[0.296s] Level 1:colcon.colcon_core.package_identification:_identify(venv/lib/python3.12/site-packages/Xlib/support) by extensions ['colcon_meta']
[0.296s] Level 1:colcon.colcon_core.package_identification:_identify(venv/lib/python3.12/site-packages/Xlib/support) by extension 'colcon_meta'
[0.296s] Level 1:colcon.colcon_core.package_identification:_identify(venv/lib/python3.12/site-packages/Xlib/support) by extensions ['ros']
[0.296s] Level 1:colcon.colcon_core.package_identification:_identify(venv/lib/python3.12/site-packages/Xlib/support) by extension 'ros'
[0.296s] Level 1:colcon.colcon_core.package_identification:_identify(venv/lib/python3.12/site-packages/Xlib/support) by extensions ['cmake', 'python']
[0.296s] Level 1:colcon.colcon_core.package_identification:_identify(venv/lib/python3.12/site-packages/Xlib/support) by extension 'cmake'
[0.296s] Level 1:colcon.colcon_core.package_identification:_identify(venv/lib/python3.12/site-packages/Xlib/support) by extension 'python'
[0.296s] Level 1:colcon.colcon_core.package_identification:_identify(venv/lib/python3.12/site-packages/Xlib/support) by extensions ['python_setup_py']
[0.296s] Level 1:colcon.colcon_core.package_identification:_identify(venv/lib/python3.12/site-packages/Xlib/support) by extension 'python_setup_py'
[0.297s] Level 1:colcon.colcon_core.package_identification:_identify(venv/lib/python3.12/site-packages/Xlib/support/__pycache__) by extensions ['ignore', 'ignore_ament_install']
[0.297s] Level 1:colcon.colcon_core.package_identification:_identify(venv/lib/python3.12/site-packages/Xlib/support/__pycache__) by extension 'ignore'
[0.297s] Level 1:colcon.colcon_core.package_identification:_identify(venv/lib/python3.12/site-packages/Xlib/support/__pycache__) by extension 'ignore_ament_install'
[0.297s] Level 1:colcon.colcon_core.package_identification:_identify(venv/lib/python3.12/site-packages/Xlib/support/__pycache__) by extensions ['colcon_pkg']
[0.297s] Level 1:colcon.colcon_core.package_identification:_identify(venv/lib/python3.12/site-packages/Xlib/support/__pycache__) by extension 'colcon_pkg'
[0.297s] Level 1:colcon.colcon_core.package_identification:_identify(venv/lib/python3.12/site-packages/Xlib/support/__pycache__) by extensions ['colcon_meta']
[0.297s] Level 1:colcon.colcon_core.package_identification:_identify(venv/lib/python3.12/site-packages/Xlib/support/__pycache__) by extension 'colcon_meta'
[0.297s] Level 1:colcon.colcon_core.package_identification:_identify(venv/lib/python3.12/site-packages/Xlib/support/__pycache__) by extensions ['ros']
[0.297s] Level 1:colcon.colcon_core.package_identification:_identify(venv/lib/python3.12/site-packages/Xlib/support/__pycache__) by extension 'ros'
[0.297s] Level 1:colcon.colcon_core.package_identification:_identify(venv/lib/python3.12/site-packages/Xlib/support/__pycache__) by extensions ['cmake', 'python']
[0.297s] Level 1:colcon.colcon_core.package_identification:_identify(venv/lib/python3.12/site-packages/Xlib/support/__pycache__) by extension 'cmake'
[0.297s] Level 1:colcon.colcon_core.package_identification:_identify(venv/lib/python3.12/site-packages/Xlib/support/__pycache__) by extension 'python'
[0.297s] Level 1:colcon.colcon_core.package_identification:_identify(venv/lib/python3.12/site-packages/Xlib/support/__pycache__) by extensions ['python_setup_py']
[0.297s] Level 1:colcon.colcon_core.package_identification:_identify(venv/lib/python3.12/site-packages/Xlib/support/__pycache__) by extension 'python_setup_py'
[0.298s] Level 1:colcon.colcon_core.package_identification:_identify(venv/lib/python3.12/site-packages/Xlib/xobject) by extensions ['ignore', 'ignore_ament_install']
[0.298s] Level 1:colcon.colcon_core.package_identification:_identify(venv/lib/python3.12/site-packages/Xlib/xobject) by extension 'ignore'
[0.298s] Level 1:colcon.colcon_core.package_identification:_identify(venv/lib/python3.12/site-packages/Xlib/xobject) by extension 'ignore_ament_install'
[0.298s] Level 1:colcon.colcon_core.package_identification:_identify(venv/lib/python3.12/site-packages/Xlib/xobject) by extensions ['colcon_pkg']
[0.298s] Level 1:colcon.colcon_core.package_identification:_identify(venv/lib/python3.12/site-packages/Xlib/xobject) by extension 'colcon_pkg'
[0.298s] Level 1:colcon.colcon_core.package_identification:_identify(venv/lib/python3.12/site-packages/Xlib/xobject) by extensions ['colcon_meta']
[0.298s] Level 1:colcon.colcon_core.package_identification:_identify(venv/lib/python3.12/site-packages/Xlib/xobject) by extension 'colcon_meta'
[0.298s] Level 1:colcon.colcon_core.package_identification:_identify(venv/lib/python3.12/site-packages/Xlib/xobject) by extensions ['ros']
[0.298s] Level 1:colcon.colcon_core.package_identification:_identify(venv/lib/python3.12/site-packages/Xlib/xobject) by extension 'ros'
[0.298s] Level 1:colcon.colcon_core.package_identification:_identify(venv/lib/python3.12/site-packages/Xlib/xobject) by extensions ['cmake', 'python']
[0.298s] Level 1:colcon.colcon_core.package_identification:_identify(venv/lib/python3.12/site-packages/Xlib/xobject) by extension 'cmake'
[0.298s] Level 1:colcon.colcon_core.package_identification:_identify(venv/lib/python3.12/site-packages/Xlib/xobject) by extension 'python'
[0.299s] Level 1:colcon.colcon_core.package_identification:_identify(venv/lib/python3.12/site-packages/Xlib/xobject) by extensions ['python_setup_py']
[0.299s] Level 1:colcon.colcon_core.package_identification:_identify(venv/lib/python3.12/site-packages/Xlib/xobject) by extension 'python_setup_py'
[0.299s] Level 1:colcon.colcon_core.package_identification:_identify(venv/lib/python3.12/site-packages/Xlib/xobject/__pycache__) by extensions ['ignore', 'ignore_ament_install']
[0.299s] Level 1:colcon.colcon_core.package_identification:_identify(venv/lib/python3.12/site-packages/Xlib/xobject/__pycache__) by extension 'ignore'
[0.299s] Level 1:colcon.colcon_core.package_identification:_identify(venv/lib/python3.12/site-packages/Xlib/xobject/__pycache__) by extension 'ignore_ament_install'
[0.299s] Level 1:colcon.colcon_core.package_identification:_identify(venv/lib/python3.12/site-packages/Xlib/xobject/__pycache__) by extensions ['colcon_pkg']
[0.299s] Level 1:colcon.colcon_core.package_identification:_identify(venv/lib/python3.12/site-packages/Xlib/xobject/__pycache__) by extension 'colcon_pkg'
[0.299s] Level 1:colcon.colcon_core.package_identification:_identify(venv/lib/python3.12/site-packages/Xlib/xobject/__pycache__) by extensions ['colcon_meta']
[0.299s] Level 1:colcon.colcon_core.package_identification:_identify(venv/lib/python3.12/site-packages/Xlib/xobject/__pycache__) by extension 'colcon_meta'
[0.300s] Level 1:colcon.colcon_core.package_identification:_identify(venv/lib/python3.12/site-packages/Xlib/xobject/__pycache__) by extensions ['ros']
[0.300s] Level 1:colcon.colcon_core.package_identification:_identify(venv/lib/python3.12/site-packages/Xlib/xobject/__pycache__) by extension 'ros'
[0.300s] Level 1:colcon.colcon_core.package_identification:_identify(venv/lib/python3.12/site-packages/Xlib/xobject/__pycache__) by extensions ['cmake', 'python']
[0.300s] Level 1:colcon.colcon_core.package_identification:_identify(venv/lib/python3.12/site-packages/Xlib/xobject/__pycache__) by extension 'cmake'
[0.300s] Level 1:colcon.colcon_core.package_identification:_identify(venv/lib/python3.12/site-packages/Xlib/xobject/__pycache__) by extension 'python'
[0.300s] Level 1:colcon.colcon_core.package_identification:_identify(venv/lib/python3.12/site-packages/Xlib/xobject/__pycache__) by extensions ['python_setup_py']
[0.300s] Level 1:colcon.colcon_core.package_identification:_identify(venv/lib/python3.12/site-packages/Xlib/xobject/__pycache__) by extension 'python_setup_py'
[0.307s] Level 1:colcon.colcon_core.package_identification:_identify(venv/lib/python3.12/site-packages/__pycache__) by extensions ['ignore', 'ignore_ament_install']
[0.307s] Level 1:colcon.colcon_core.package_identification:_identify(venv/lib/python3.12/site-packages/__pycache__) by extension 'ignore'
[0.307s] Level 1:colcon.colcon_core.package_identification:_identify(venv/lib/python3.12/site-packages/__pycache__) by extension 'ignore_ament_install'
[0.307s] Level 1:colcon.colcon_core.package_identification:_identify(venv/lib/python3.12/site-packages/__pycache__) by extensions ['colcon_pkg']
[0.307s] Level 1:colcon.colcon_core.package_identification:_identify(venv/lib/python3.12/site-packages/__pycache__) by extension 'colcon_pkg'
[0.307s] Level 1:colcon.colcon_core.package_identification:_identify(venv/lib/python3.12/site-packages/__pycache__) by extensions ['colcon_meta']
[0.307s] Level 1:colcon.colcon_core.package_identification:_identify(venv/lib/python3.12/site-packages/__pycache__) by extension 'colcon_meta'
[0.307s] Level 1:colcon.colcon_core.package_identification:_identify(venv/lib/python3.12/site-packages/__pycache__) by extensions ['ros']
[0.307s] Level 1:colcon.colcon_core.package_identification:_identify(venv/lib/python3.12/site-packages/__pycache__) by extension 'ros'
[0.307s] Level 1:colcon.colcon_core.package_identification:_identify(venv/lib/python3.12/site-packages/__pycache__) by extensions ['cmake', 'python']
[0.307s] Level 1:colcon.colcon_core.package_identification:_identify(venv/lib/python3.12/site-packages/__pycache__) by extension 'cmake'
[0.307s] Level 1:colcon.colcon_core.package_identification:_identify(venv/lib/python3.12/site-packages/__pycache__) by extension 'python'
[0.307s] Level 1:colcon.colcon_core.package_identification:_identify(venv/lib/python3.12/site-packages/__pycache__) by extensions ['python_setup_py']
[0.307s] Level 1:colcon.colcon_core.package_identification:_identify(venv/lib/python3.12/site-packages/__pycache__) by extension 'python_setup_py'
[0.308s] Level 1:colcon.colcon_core.package_identification:_identify(venv/lib/python3.12/site-packages/dynamixel_sdk) by extensions ['ignore', 'ignore_ament_install']
[0.308s] Level 1:colcon.colcon_core.package_identification:_identify(venv/lib/python3.12/site-packages/dynamixel_sdk) by extension 'ignore'
[0.308s] Level 1:colcon.colcon_core.package_identification:_identify(venv/lib/python3.12/site-packages/dynamixel_sdk) by extension 'ignore_ament_install'
[0.308s] Level 1:colcon.colcon_core.package_identification:_identify(venv/lib/python3.12/site-packages/dynamixel_sdk) by extensions ['colcon_pkg']
[0.308s] Level 1:colcon.colcon_core.package_identification:_identify(venv/lib/python3.12/site-packages/dynamixel_sdk) by extension 'colcon_pkg'
[0.308s] Level 1:colcon.colcon_core.package_identification:_identify(venv/lib/python3.12/site-packages/dynamixel_sdk) by extensions ['colcon_meta']
[0.308s] Level 1:colcon.colcon_core.package_identification:_identify(venv/lib/python3.12/site-packages/dynamixel_sdk) by extension 'colcon_meta'
[0.308s] Level 1:colcon.colcon_core.package_identification:_identify(venv/lib/python3.12/site-packages/dynamixel_sdk) by extensions ['ros']
[0.308s] Level 1:colcon.colcon_core.package_identification:_identify(venv/lib/python3.12/site-packages/dynamixel_sdk) by extension 'ros'
[0.309s] Level 1:colcon.colcon_core.package_identification:_identify(venv/lib/python3.12/site-packages/dynamixel_sdk) by extensions ['cmake', 'python']
[0.309s] Level 1:colcon.colcon_core.package_identification:_identify(venv/lib/python3.12/site-packages/dynamixel_sdk) by extension 'cmake'
[0.309s] Level 1:colcon.colcon_core.package_identification:_identify(venv/lib/python3.12/site-packages/dynamixel_sdk) by extension 'python'
[0.309s] Level 1:colcon.colcon_core.package_identification:_identify(venv/lib/python3.12/site-packages/dynamixel_sdk) by extensions ['python_setup_py']
[0.309s] Level 1:colcon.colcon_core.package_identification:_identify(venv/lib/python3.12/site-packages/dynamixel_sdk) by extension 'python_setup_py'
[0.309s] Level 1:colcon.colcon_core.package_identification:_identify(venv/lib/python3.12/site-packages/dynamixel_sdk/__pycache__) by extensions ['ignore', 'ignore_ament_install']
[0.310s] Level 1:colcon.colcon_core.package_identification:_identify(venv/lib/python3.12/site-packages/dynamixel_sdk/__pycache__) by extension 'ignore'
[0.310s] Level 1:colcon.colcon_core.package_identification:_identify(venv/lib/python3.12/site-packages/dynamixel_sdk/__pycache__) by extension 'ignore_ament_install'
[0.310s] Level 1:colcon.colcon_core.package_identification:_identify(venv/lib/python3.12/site-packages/dynamixel_sdk/__pycache__) by extensions ['colcon_pkg']
[0.310s] Level 1:colcon.colcon_core.package_identification:_identify(venv/lib/python3.12/site-packages/dynamixel_sdk/__pycache__) by extension 'colcon_pkg'
[0.310s] Level 1:colcon.colcon_core.package_identification:_identify(venv/lib/python3.12/site-packages/dynamixel_sdk/__pycache__) by extensions ['colcon_meta']
[0.310s] Level 1:colcon.colcon_core.package_identification:_identify(venv/lib/python3.12/site-packages/dynamixel_sdk/__pycache__) by extension 'colcon_meta'
[0.310s] Level 1:colcon.colcon_core.package_identification:_identify(venv/lib/python3.12/site-packages/dynamixel_sdk/__pycache__) by extensions ['ros']
[0.310s] Level 1:colcon.colcon_core.package_identification:_identify(venv/lib/python3.12/site-packages/dynamixel_sdk/__pycache__) by extension 'ros'
[0.310s] Level 1:colcon.colcon_core.package_identification:_identify(venv/lib/python3.12/site-packages/dynamixel_sdk/__pycache__) by extensions ['cmake', 'python']
[0.310s] Level 1:colcon.colcon_core.package_identification:_identify(venv/lib/python3.12/site-packages/dynamixel_sdk/__pycache__) by extension 'cmake'
[0.310s] Level 1:colcon.colcon_core.package_identification:_identify(venv/lib/python3.12/site-packages/dynamixel_sdk/__pycache__) by extension 'python'
[0.310s] Level 1:colcon.colcon_core.package_identification:_identify(venv/lib/python3.12/site-packages/dynamixel_sdk/__pycache__) by extensions ['python_setup_py']
[0.310s] Level 1:colcon.colcon_core.package_identification:_identify(venv/lib/python3.12/site-packages/dynamixel_sdk/__pycache__) by extension 'python_setup_py'
[0.311s] Level 1:colcon.colcon_core.package_identification:_identify(venv/lib/python3.12/site-packages/dynamixel_sdk-3.7.31.dist-info) by extensions ['ignore', 'ignore_ament_install']
[0.311s] Level 1:colcon.colcon_core.package_identification:_identify(venv/lib/python3.12/site-packages/dynamixel_sdk-3.7.31.dist-info) by extension 'ignore'
[0.311s] Level 1:colcon.colcon_core.package_identification:_identify(venv/lib/python3.12/site-packages/dynamixel_sdk-3.7.31.dist-info) by extension 'ignore_ament_install'
[0.311s] Level 1:colcon.colcon_core.package_identification:_identify(venv/lib/python3.12/site-packages/dynamixel_sdk-3.7.31.dist-info) by extensions ['colcon_pkg']
[0.311s] Level 1:colcon.colcon_core.package_identification:_identify(venv/lib/python3.12/site-packages/dynamixel_sdk-3.7.31.dist-info) by extension 'colcon_pkg'
[0.311s] Level 1:colcon.colcon_core.package_identification:_identify(venv/lib/python3.12/site-packages/dynamixel_sdk-3.7.31.dist-info) by extensions ['colcon_meta']
[0.311s] Level 1:colcon.colcon_core.package_identification:_identify(venv/lib/python3.12/site-packages/dynamixel_sdk-3.7.31.dist-info) by extension 'colcon_meta'
[0.311s] Level 1:colcon.colcon_core.package_identification:_identify(venv/lib/python3.12/site-packages/dynamixel_sdk-3.7.31.dist-info) by extensions ['ros']
[0.311s] Level 1:colcon.colcon_core.package_identification:_identify(venv/lib/python3.12/site-packages/dynamixel_sdk-3.7.31.dist-info) by extension 'ros'
[0.312s] Level 1:colcon.colcon_core.package_identification:_identify(venv/lib/python3.12/site-packages/dynamixel_sdk-3.7.31.dist-info) by extensions ['cmake', 'python']
[0.312s] Level 1:colcon.colcon_core.package_identification:_identify(venv/lib/python3.12/site-packages/dynamixel_sdk-3.7.31.dist-info) by extension 'cmake'
[0.312s] Level 1:colcon.colcon_core.package_identification:_identify(venv/lib/python3.12/site-packages/dynamixel_sdk-3.7.31.dist-info) by extension 'python'
[0.312s] Level 1:colcon.colcon_core.package_identification:_identify(venv/lib/python3.12/site-packages/dynamixel_sdk-3.7.31.dist-info) by extensions ['python_setup_py']
[0.312s] Level 1:colcon.colcon_core.package_identification:_identify(venv/lib/python3.12/site-packages/dynamixel_sdk-3.7.31.dist-info) by extension 'python_setup_py'
[0.312s] Level 1:colcon.colcon_core.package_identification:_identify(venv/lib/python3.12/site-packages/evdev) by extensions ['ignore', 'ignore_ament_install']
[0.313s] Level 1:colcon.colcon_core.package_identification:_identify(venv/lib/python3.12/site-packages/evdev) by extension 'ignore'
[0.313s] Level 1:colcon.colcon_core.package_identification:_identify(venv/lib/python3.12/site-packages/evdev) by extension 'ignore_ament_install'
[0.313s] Level 1:colcon.colcon_core.package_identification:_identify(venv/lib/python3.12/site-packages/evdev) by extensions ['colcon_pkg']
[0.313s] Level 1:colcon.colcon_core.package_identification:_identify(venv/lib/python3.12/site-packages/evdev) by extension 'colcon_pkg'
[0.313s] Level 1:colcon.colcon_core.package_identification:_identify(venv/lib/python3.12/site-packages/evdev) by extensions ['colcon_meta']
[0.313s] Level 1:colcon.colcon_core.package_identification:_identify(venv/lib/python3.12/site-packages/evdev) by extension 'colcon_meta'
[0.313s] Level 1:colcon.colcon_core.package_identification:_identify(venv/lib/python3.12/site-packages/evdev) by extensions ['ros']
[0.313s] Level 1:colcon.colcon_core.package_identification:_identify(venv/lib/python3.12/site-packages/evdev) by extension 'ros'
[0.313s] Level 1:colcon.colcon_core.package_identification:_identify(venv/lib/python3.12/site-packages/evdev) by extensions ['cmake', 'python']
[0.313s] Level 1:colcon.colcon_core.package_identification:_identify(venv/lib/python3.12/site-packages/evdev) by extension 'cmake'
[0.313s] Level 1:colcon.colcon_core.package_identification:_identify(venv/lib/python3.12/site-packages/evdev) by extension 'python'
[0.313s] Level 1:colcon.colcon_core.package_identification:_identify(venv/lib/python3.12/site-packages/evdev) by extensions ['python_setup_py']
[0.313s] Level 1:colcon.colcon_core.package_identification:_identify(venv/lib/python3.12/site-packages/evdev) by extension 'python_setup_py'
[0.314s] Level 1:colcon.colcon_core.package_identification:_identify(venv/lib/python3.12/site-packages/evdev/__pycache__) by extensions ['ignore', 'ignore_ament_install']
[0.314s] Level 1:colcon.colcon_core.package_identification:_identify(venv/lib/python3.12/site-packages/evdev/__pycache__) by extension 'ignore'
[0.314s] Level 1:colcon.colcon_core.package_identification:_identify(venv/lib/python3.12/site-packages/evdev/__pycache__) by extension 'ignore_ament_install'
[0.314s] Level 1:colcon.colcon_core.package_identification:_identify(venv/lib/python3.12/site-packages/evdev/__pycache__) by extensions ['colcon_pkg']
[0.314s] Level 1:colcon.colcon_core.package_identification:_identify(venv/lib/python3.12/site-packages/evdev/__pycache__) by extension 'colcon_pkg'
[0.314s] Level 1:colcon.colcon_core.package_identification:_identify(venv/lib/python3.12/site-packages/evdev/__pycache__) by extensions ['colcon_meta']
[0.314s] Level 1:colcon.colcon_core.package_identification:_identify(venv/lib/python3.12/site-packages/evdev/__pycache__) by extension 'colcon_meta'
[0.314s] Level 1:colcon.colcon_core.package_identification:_identify(venv/lib/python3.12/site-packages/evdev/__pycache__) by extensions ['ros']
[0.314s] Level 1:colcon.colcon_core.package_identification:_identify(venv/lib/python3.12/site-packages/evdev/__pycache__) by extension 'ros'
[0.315s] Level 1:colcon.colcon_core.package_identification:_identify(venv/lib/python3.12/site-packages/evdev/__pycache__) by extensions ['cmake', 'python']
[0.315s] Level 1:colcon.colcon_core.package_identification:_identify(venv/lib/python3.12/site-packages/evdev/__pycache__) by extension 'cmake'
[0.315s] Level 1:colcon.colcon_core.package_identification:_identify(venv/lib/python3.12/site-packages/evdev/__pycache__) by extension 'python'
[0.315s] Level 1:colcon.colcon_core.package_identification:_identify(venv/lib/python3.12/site-packages/evdev/__pycache__) by extensions ['python_setup_py']
[0.315s] Level 1:colcon.colcon_core.package_identification:_identify(venv/lib/python3.12/site-packages/evdev/__pycache__) by extension 'python_setup_py'
[0.315s] Level 1:colcon.colcon_core.package_identification:_identify(venv/lib/python3.12/site-packages/evdev-1.9.1.dist-info) by extensions ['ignore', 'ignore_ament_install']
[0.316s] Level 1:colcon.colcon_core.package_identification:_identify(venv/lib/python3.12/site-packages/evdev-1.9.1.dist-info) by extension 'ignore'
[0.316s] Level 1:colcon.colcon_core.package_identification:_identify(venv/lib/python3.12/site-packages/evdev-1.9.1.dist-info) by extension 'ignore_ament_install'
[0.316s] Level 1:colcon.colcon_core.package_identification:_identify(venv/lib/python3.12/site-packages/evdev-1.9.1.dist-info) by extensions ['colcon_pkg']
[0.316s] Level 1:colcon.colcon_core.package_identification:_identify(venv/lib/python3.12/site-packages/evdev-1.9.1.dist-info) by extension 'colcon_pkg'
[0.316s] Level 1:colcon.colcon_core.package_identification:_identify(venv/lib/python3.12/site-packages/evdev-1.9.1.dist-info) by extensions ['colcon_meta']
[0.316s] Level 1:colcon.colcon_core.package_identification:_identify(venv/lib/python3.12/site-packages/evdev-1.9.1.dist-info) by extension 'colcon_meta'
[0.316s] Level 1:colcon.colcon_core.package_identification:_identify(venv/lib/python3.12/site-packages/evdev-1.9.1.dist-info) by extensions ['ros']
[0.316s] Level 1:colcon.colcon_core.package_identification:_identify(venv/lib/python3.12/site-packages/evdev-1.9.1.dist-info) by extension 'ros'
[0.316s] Level 1:colcon.colcon_core.package_identification:_identify(venv/lib/python3.12/site-packages/evdev-1.9.1.dist-info) by extensions ['cmake', 'python']
[0.316s] Level 1:colcon.colcon_core.package_identification:_identify(venv/lib/python3.12/site-packages/evdev-1.9.1.dist-info) by extension 'cmake'
[0.316s] Level 1:colcon.colcon_core.package_identification:_identify(venv/lib/python3.12/site-packages/evdev-1.9.1.dist-info) by extension 'python'
[0.316s] Level 1:colcon.colcon_core.package_identification:_identify(venv/lib/python3.12/site-packages/evdev-1.9.1.dist-info) by extensions ['python_setup_py']
[0.316s] Level 1:colcon.colcon_core.package_identification:_identify(venv/lib/python3.12/site-packages/evdev-1.9.1.dist-info) by extension 'python_setup_py'
[0.317s] Level 1:colcon.colcon_core.package_identification:_identify(venv/lib/python3.12/site-packages/evdev-1.9.1.dist-info/licenses) by extensions ['ignore', 'ignore_ament_install']
[0.317s] Level 1:colcon.colcon_core.package_identification:_identify(venv/lib/python3.12/site-packages/evdev-1.9.1.dist-info/licenses) by extension 'ignore'
[0.317s] Level 1:colcon.colcon_core.package_identification:_identify(venv/lib/python3.12/site-packages/evdev-1.9.1.dist-info/licenses) by extension 'ignore_ament_install'
[0.317s] Level 1:colcon.colcon_core.package_identification:_identify(venv/lib/python3.12/site-packages/evdev-1.9.1.dist-info/licenses) by extensions ['colcon_pkg']
[0.317s] Level 1:colcon.colcon_core.package_identification:_identify(venv/lib/python3.12/site-packages/evdev-1.9.1.dist-info/licenses) by extension 'colcon_pkg'
[0.317s] Level 1:colcon.colcon_core.package_identification:_identify(venv/lib/python3.12/site-packages/evdev-1.9.1.dist-info/licenses) by extensions ['colcon_meta']
[0.317s] Level 1:colcon.colcon_core.package_identification:_identify(venv/lib/python3.12/site-packages/evdev-1.9.1.dist-info/licenses) by extension 'colcon_meta'
[0.317s] Level 1:colcon.colcon_core.package_identification:_identify(venv/lib/python3.12/site-packages/evdev-1.9.1.dist-info/licenses) by extensions ['ros']
[0.317s] Level 1:colcon.colcon_core.package_identification:_identify(venv/lib/python3.12/site-packages/evdev-1.9.1.dist-info/licenses) by extension 'ros'
[0.318s] Level 1:colcon.colcon_core.package_identification:_identify(venv/lib/python3.12/site-packages/evdev-1.9.1.dist-info/licenses) by extensions ['cmake', 'python']
[0.318s] Level 1:colcon.colcon_core.package_identification:_identify(venv/lib/python3.12/site-packages/evdev-1.9.1.dist-info/licenses) by extension 'cmake'
[0.318s] Level 1:colcon.colcon_core.package_identification:_identify(venv/lib/python3.12/site-packages/evdev-1.9.1.dist-info/licenses) by extension 'python'
[0.318s] Level 1:colcon.colcon_core.package_identification:_identify(venv/lib/python3.12/site-packages/evdev-1.9.1.dist-info/licenses) by extensions ['python_setup_py']
[0.318s] Level 1:colcon.colcon_core.package_identification:_identify(venv/lib/python3.12/site-packages/evdev-1.9.1.dist-info/licenses) by extension 'python_setup_py'
[0.318s] Level 1:colcon.colcon_core.package_identification:_identify(venv/lib/python3.12/site-packages/pip) by extensions ['ignore', 'ignore_ament_install']
[0.319s] Level 1:colcon.colcon_core.package_identification:_identify(venv/lib/python3.12/site-packages/pip) by extension 'ignore'
[0.319s] Level 1:colcon.colcon_core.package_identification:_identify(venv/lib/python3.12/site-packages/pip) by extension 'ignore_ament_install'
[0.319s] Level 1:colcon.colcon_core.package_identification:_identify(venv/lib/python3.12/site-packages/pip) by extensions ['colcon_pkg']
[0.319s] Level 1:colcon.colcon_core.package_identification:_identify(venv/lib/python3.12/site-packages/pip) by extension 'colcon_pkg'
[0.319s] Level 1:colcon.colcon_core.package_identification:_identify(venv/lib/python3.12/site-packages/pip) by extensions ['colcon_meta']
[0.319s] Level 1:colcon.colcon_core.package_identification:_identify(venv/lib/python3.12/site-packages/pip) by extension 'colcon_meta'
[0.319s] Level 1:colcon.colcon_core.package_identification:_identify(venv/lib/python3.12/site-packages/pip) by extensions ['ros']
[0.319s] Level 1:colcon.colcon_core.package_identification:_identify(venv/lib/python3.12/site-packages/pip) by extension 'ros'
[0.319s] Level 1:colcon.colcon_core.package_identification:_identify(venv/lib/python3.12/site-packages/pip) by extensions ['cmake', 'python']
[0.319s] Level 1:colcon.colcon_core.package_identification:_identify(venv/lib/python3.12/site-packages/pip) by extension 'cmake'
[0.319s] Level 1:colcon.colcon_core.package_identification:_identify(venv/lib/python3.12/site-packages/pip) by extension 'python'
[0.319s] Level 1:colcon.colcon_core.package_identification:_identify(venv/lib/python3.12/site-packages/pip) by extensions ['python_setup_py']
[0.319s] Level 1:colcon.colcon_core.package_identification:_identify(venv/lib/python3.12/site-packages/pip) by extension 'python_setup_py'
[0.322s] Level 1:colcon.colcon_core.package_identification:_identify(venv/lib/python3.12/site-packages/pip/__pycache__) by extensions ['ignore', 'ignore_ament_install']
[0.322s] Level 1:colcon.colcon_core.package_identification:_identify(venv/lib/python3.12/site-packages/pip/__pycache__) by extension 'ignore'
[0.322s] Level 1:colcon.colcon_core.package_identification:_identify(venv/lib/python3.12/site-packages/pip/__pycache__) by extension 'ignore_ament_install'
[0.322s] Level 1:colcon.colcon_core.package_identification:_identify(venv/lib/python3.12/site-packages/pip/__pycache__) by extensions ['colcon_pkg']
[0.322s] Level 1:colcon.colcon_core.package_identification:_identify(venv/lib/python3.12/site-packages/pip/__pycache__) by extension 'colcon_pkg'
[0.322s] Level 1:colcon.colcon_core.package_identification:_identify(venv/lib/python3.12/site-packages/pip/__pycache__) by extensions ['colcon_meta']
[0.322s] Level 1:colcon.colcon_core.package_identification:_identify(venv/lib/python3.12/site-packages/pip/__pycache__) by extension 'colcon_meta'
[0.322s] Level 1:colcon.colcon_core.package_identification:_identify(venv/lib/python3.12/site-packages/pip/__pycache__) by extensions ['ros']
[0.323s] Level 1:colcon.colcon_core.package_identification:_identify(venv/lib/python3.12/site-packages/pip/__pycache__) by extension 'ros'
[0.323s] Level 1:colcon.colcon_core.package_identification:_identify(venv/lib/python3.12/site-packages/pip/__pycache__) by extensions ['cmake', 'python']
[0.323s] Level 1:colcon.colcon_core.package_identification:_identify(venv/lib/python3.12/site-packages/pip/__pycache__) by extension 'cmake'
[0.323s] Level 1:colcon.colcon_core.package_identification:_identify(venv/lib/python3.12/site-packages/pip/__pycache__) by extension 'python'
[0.323s] Level 1:colcon.colcon_core.package_identification:_identify(venv/lib/python3.12/site-packages/pip/__pycache__) by extensions ['python_setup_py']
[0.323s] Level 1:colcon.colcon_core.package_identification:_identify(venv/lib/python3.12/site-packages/pip/__pycache__) by extension 'python_setup_py'
[0.323s] Level 1:colcon.colcon_core.package_identification:_identify(venv/lib/python3.12/site-packages/pip/_internal) by extensions ['ignore', 'ignore_ament_install']
[0.324s] Level 1:colcon.colcon_core.package_identification:_identify(venv/lib/python3.12/site-packages/pip/_internal) by extension 'ignore'
[0.324s] Level 1:colcon.colcon_core.package_identification:_identify(venv/lib/python3.12/site-packages/pip/_internal) by extension 'ignore_ament_install'
[0.324s] Level 1:colcon.colcon_core.package_identification:_identify(venv/lib/python3.12/site-packages/pip/_internal) by extensions ['colcon_pkg']
[0.324s] Level 1:colcon.colcon_core.package_identification:_identify(venv/lib/python3.12/site-packages/pip/_internal) by extension 'colcon_pkg'
[0.324s] Level 1:colcon.colcon_core.package_identification:_identify(venv/lib/python3.12/site-packages/pip/_internal) by extensions ['colcon_meta']
[0.324s] Level 1:colcon.colcon_core.package_identification:_identify(venv/lib/python3.12/site-packages/pip/_internal) by extension 'colcon_meta'
[0.324s] Level 1:colcon.colcon_core.package_identification:_identify(venv/lib/python3.12/site-packages/pip/_internal) by extensions ['ros']
[0.324s] Level 1:colcon.colcon_core.package_identification:_identify(venv/lib/python3.12/site-packages/pip/_internal) by extension 'ros'
[0.324s] Level 1:colcon.colcon_core.package_identification:_identify(venv/lib/python3.12/site-packages/pip/_internal) by extensions ['cmake', 'python']
[0.324s] Level 1:colcon.colcon_core.package_identification:_identify(venv/lib/python3.12/site-packages/pip/_internal) by extension 'cmake'
[0.324s] Level 1:colcon.colcon_core.package_identification:_identify(venv/lib/python3.12/site-packages/pip/_internal) by extension 'python'
[0.324s] Level 1:colcon.colcon_core.package_identification:_identify(venv/lib/python3.12/site-packages/pip/_internal) by extensions ['python_setup_py']
[0.324s] Level 1:colcon.colcon_core.package_identification:_identify(venv/lib/python3.12/site-packages/pip/_internal) by extension 'python_setup_py'
[0.325s] Level 1:colcon.colcon_core.package_identification:_identify(venv/lib/python3.12/site-packages/pip/_internal/__pycache__) by extensions ['ignore', 'ignore_ament_install']
[0.325s] Level 1:colcon.colcon_core.package_identification:_identify(venv/lib/python3.12/site-packages/pip/_internal/__pycache__) by extension 'ignore'
[0.325s] Level 1:colcon.colcon_core.package_identification:_identify(venv/lib/python3.12/site-packages/pip/_internal/__pycache__) by extension 'ignore_ament_install'
[0.325s] Level 1:colcon.colcon_core.package_identification:_identify(venv/lib/python3.12/site-packages/pip/_internal/__pycache__) by extensions ['colcon_pkg']
[0.325s] Level 1:colcon.colcon_core.package_identification:_identify(venv/lib/python3.12/site-packages/pip/_internal/__pycache__) by extension 'colcon_pkg'
[0.325s] Level 1:colcon.colcon_core.package_identification:_identify(venv/lib/python3.12/site-packages/pip/_internal/__pycache__) by extensions ['colcon_meta']
[0.325s] Level 1:colcon.colcon_core.package_identification:_identify(venv/lib/python3.12/site-packages/pip/_internal/__pycache__) by extension 'colcon_meta'
[0.325s] Level 1:colcon.colcon_core.package_identification:_identify(venv/lib/python3.12/site-packages/pip/_internal/__pycache__) by extensions ['ros']
[0.325s] Level 1:colcon.colcon_core.package_identification:_identify(venv/lib/python3.12/site-packages/pip/_internal/__pycache__) by extension 'ros'
[0.325s] Level 1:colcon.colcon_core.package_identification:_identify(venv/lib/python3.12/site-packages/pip/_internal/__pycache__) by extensions ['cmake', 'python']
[0.325s] Level 1:colcon.colcon_core.package_identification:_identify(venv/lib/python3.12/site-packages/pip/_internal/__pycache__) by extension 'cmake'
[0.325s] Level 1:colcon.colcon_core.package_identification:_identify(venv/lib/python3.12/site-packages/pip/_internal/__pycache__) by extension 'python'
[0.326s] Level 1:colcon.colcon_core.package_identification:_identify(venv/lib/python3.12/site-packages/pip/_internal/__pycache__) by extensions ['python_setup_py']
[0.326s] Level 1:colcon.colcon_core.package_identification:_identify(venv/lib/python3.12/site-packages/pip/_internal/__pycache__) by extension 'python_setup_py'
[0.326s] Level 1:colcon.colcon_core.package_identification:_identify(venv/lib/python3.12/site-packages/pip/_internal/cli) by extensions ['ignore', 'ignore_ament_install']
[0.326s] Level 1:colcon.colcon_core.package_identification:_identify(venv/lib/python3.12/site-packages/pip/_internal/cli) by extension 'ignore'
[0.326s] Level 1:colcon.colcon_core.package_identification:_identify(venv/lib/python3.12/site-packages/pip/_internal/cli) by extension 'ignore_ament_install'
[0.326s] Level 1:colcon.colcon_core.package_identification:_identify(venv/lib/python3.12/site-packages/pip/_internal/cli) by extensions ['colcon_pkg']
[0.327s] Level 1:colcon.colcon_core.package_identification:_identify(venv/lib/python3.12/site-packages/pip/_internal/cli) by extension 'colcon_pkg'
[0.327s] Level 1:colcon.colcon_core.package_identification:_identify(venv/lib/python3.12/site-packages/pip/_internal/cli) by extensions ['colcon_meta']
[0.327s] Level 1:colcon.colcon_core.package_identification:_identify(venv/lib/python3.12/site-packages/pip/_internal/cli) by extension 'colcon_meta'
[0.327s] Level 1:colcon.colcon_core.package_identification:_identify(venv/lib/python3.12/site-packages/pip/_internal/cli) by extensions ['ros']
[0.327s] Level 1:colcon.colcon_core.package_identification:_identify(venv/lib/python3.12/site-packages/pip/_internal/cli) by extension 'ros'
[0.327s] Level 1:colcon.colcon_core.package_identification:_identify(venv/lib/python3.12/site-packages/pip/_internal/cli) by extensions ['cmake', 'python']
[0.327s] Level 1:colcon.colcon_core.package_identification:_identify(venv/lib/python3.12/site-packages/pip/_internal/cli) by extension 'cmake'
[0.327s] Level 1:colcon.colcon_core.package_identification:_identify(venv/lib/python3.12/site-packages/pip/_internal/cli) by extension 'python'
[0.327s] Level 1:colcon.colcon_core.package_identification:_identify(venv/lib/python3.12/site-packages/pip/_internal/cli) by extensions ['python_setup_py']
[0.327s] Level 1:colcon.colcon_core.package_identification:_identify(venv/lib/python3.12/site-packages/pip/_internal/cli) by extension 'python_setup_py'
[0.328s] Level 1:colcon.colcon_core.package_identification:_identify(venv/lib/python3.12/site-packages/pip/_internal/cli/__pycache__) by extensions ['ignore', 'ignore_ament_install']
[0.328s] Level 1:colcon.colcon_core.package_identification:_identify(venv/lib/python3.12/site-packages/pip/_internal/cli/__pycache__) by extension 'ignore'
[0.328s] Level 1:colcon.colcon_core.package_identification:_identify(venv/lib/python3.12/site-packages/pip/_internal/cli/__pycache__) by extension 'ignore_ament_install'
[0.328s] Level 1:colcon.colcon_core.package_identification:_identify(venv/lib/python3.12/site-packages/pip/_internal/cli/__pycache__) by extensions ['colcon_pkg']
[0.328s] Level 1:colcon.colcon_core.package_identification:_identify(venv/lib/python3.12/site-packages/pip/_internal/cli/__pycache__) by extension 'colcon_pkg'
[0.328s] Level 1:colcon.colcon_core.package_identification:_identify(venv/lib/python3.12/site-packages/pip/_internal/cli/__pycache__) by extensions ['colcon_meta']
[0.328s] Level 1:colcon.colcon_core.package_identification:_identify(venv/lib/python3.12/site-packages/pip/_internal/cli/__pycache__) by extension 'colcon_meta'
[0.328s] Level 1:colcon.colcon_core.package_identification:_identify(venv/lib/python3.12/site-packages/pip/_internal/cli/__pycache__) by extensions ['ros']
[0.328s] Level 1:colcon.colcon_core.package_identification:_identify(venv/lib/python3.12/site-packages/pip/_internal/cli/__pycache__) by extension 'ros'
[0.328s] Level 1:colcon.colcon_core.package_identification:_identify(venv/lib/python3.12/site-packages/pip/_internal/cli/__pycache__) by extensions ['cmake', 'python']
[0.328s] Level 1:colcon.colcon_core.package_identification:_identify(venv/lib/python3.12/site-packages/pip/_internal/cli/__pycache__) by extension 'cmake'
[0.328s] Level 1:colcon.colcon_core.package_identification:_identify(venv/lib/python3.12/site-packages/pip/_internal/cli/__pycache__) by extension 'python'
[0.328s] Level 1:colcon.colcon_core.package_identification:_identify(venv/lib/python3.12/site-packages/pip/_internal/cli/__pycache__) by extensions ['python_setup_py']
[0.328s] Level 1:colcon.colcon_core.package_identification:_identify(venv/lib/python3.12/site-packages/pip/_internal/cli/__pycache__) by extension 'python_setup_py'
[0.329s] Level 1:colcon.colcon_core.package_identification:_identify(venv/lib/python3.12/site-packages/pip/_internal/commands) by extensions ['ignore', 'ignore_ament_install']
[0.329s] Level 1:colcon.colcon_core.package_identification:_identify(venv/lib/python3.12/site-packages/pip/_internal/commands) by extension 'ignore'
[0.329s] Level 1:colcon.colcon_core.package_identification:_identify(venv/lib/python3.12/site-packages/pip/_internal/commands) by extension 'ignore_ament_install'
[0.329s] Level 1:colcon.colcon_core.package_identification:_identify(venv/lib/python3.12/site-packages/pip/_internal/commands) by extensions ['colcon_pkg']
[0.329s] Level 1:colcon.colcon_core.package_identification:_identify(venv/lib/python3.12/site-packages/pip/_internal/commands) by extension 'colcon_pkg'
[0.329s] Level 1:colcon.colcon_core.package_identification:_identify(venv/lib/python3.12/site-packages/pip/_internal/commands) by extensions ['colcon_meta']
[0.329s] Level 1:colcon.colcon_core.package_identification:_identify(venv/lib/python3.12/site-packages/pip/_internal/commands) by extension 'colcon_meta'
[0.330s] Level 1:colcon.colcon_core.package_identification:_identify(venv/lib/python3.12/site-packages/pip/_internal/commands) by extensions ['ros']
[0.330s] Level 1:colcon.colcon_core.package_identification:_identify(venv/lib/python3.12/site-packages/pip/_internal/commands) by extension 'ros'
[0.330s] Level 1:colcon.colcon_core.package_identification:_identify(venv/lib/python3.12/site-packages/pip/_internal/commands) by extensions ['cmake', 'python']
[0.330s] Level 1:colcon.colcon_core.package_identification:_identify(venv/lib/python3.12/site-packages/pip/_internal/commands) by extension 'cmake'
[0.330s] Level 1:colcon.colcon_core.package_identification:_identify(venv/lib/python3.12/site-packages/pip/_internal/commands) by extension 'python'
[0.330s] Level 1:colcon.colcon_core.package_identification:_identify(venv/lib/python3.12/site-packages/pip/_internal/commands) by extensions ['python_setup_py']
[0.330s] Level 1:colcon.colcon_core.package_identification:_identify(venv/lib/python3.12/site-packages/pip/_internal/commands) by extension 'python_setup_py'
[0.337s] Level 1:colcon.colcon_core.package_identification:_identify(venv/lib/python3.12/site-packages/pip/_internal/commands/__pycache__) by extensions ['ignore', 'ignore_ament_install']
[0.337s] Level 1:colcon.colcon_core.package_identification:_identify(venv/lib/python3.12/site-packages/pip/_internal/commands/__pycache__) by extension 'ignore'
[0.337s] Level 1:colcon.colcon_core.package_identification:_identify(venv/lib/python3.12/site-packages/pip/_internal/commands/__pycache__) by extension 'ignore_ament_install'
[0.337s] Level 1:colcon.colcon_core.package_identification:_identify(venv/lib/python3.12/site-packages/pip/_internal/commands/__pycache__) by extensions ['colcon_pkg']
[0.337s] Level 1:colcon.colcon_core.package_identification:_identify(venv/lib/python3.12/site-packages/pip/_internal/commands/__pycache__) by extension 'colcon_pkg'
[0.337s] Level 1:colcon.colcon_core.package_identification:_identify(venv/lib/python3.12/site-packages/pip/_internal/commands/__pycache__) by extensions ['colcon_meta']
[0.337s] Level 1:colcon.colcon_core.package_identification:_identify(venv/lib/python3.12/site-packages/pip/_internal/commands/__pycache__) by extension 'colcon_meta'
[0.337s] Level 1:colcon.colcon_core.package_identification:_identify(venv/lib/python3.12/site-packages/pip/_internal/commands/__pycache__) by extensions ['ros']
[0.337s] Level 1:colcon.colcon_core.package_identification:_identify(venv/lib/python3.12/site-packages/pip/_internal/commands/__pycache__) by extension 'ros'
[0.337s] Level 1:colcon.colcon_core.package_identification:_identify(venv/lib/python3.12/site-packages/pip/_internal/commands/__pycache__) by extensions ['cmake', 'python']
[0.337s] Level 1:colcon.colcon_core.package_identification:_identify(venv/lib/python3.12/site-packages/pip/_internal/commands/__pycache__) by extension 'cmake'
[0.337s] Level 1:colcon.colcon_core.package_identification:_identify(venv/lib/python3.12/site-packages/pip/_internal/commands/__pycache__) by extension 'python'
[0.337s] Level 1:colcon.colcon_core.package_identification:_identify(venv/lib/python3.12/site-packages/pip/_internal/commands/__pycache__) by extensions ['python_setup_py']
[0.337s] Level 1:colcon.colcon_core.package_identification:_identify(venv/lib/python3.12/site-packages/pip/_internal/commands/__pycache__) by extension 'python_setup_py'
[0.338s] Level 1:colcon.colcon_core.package_identification:_identify(venv/lib/python3.12/site-packages/pip/_internal/distributions) by extensions ['ignore', 'ignore_ament_install']
[0.338s] Level 1:colcon.colcon_core.package_identification:_identify(venv/lib/python3.12/site-packages/pip/_internal/distributions) by extension 'ignore'
[0.338s] Level 1:colcon.colcon_core.package_identification:_identify(venv/lib/python3.12/site-packages/pip/_internal/distributions) by extension 'ignore_ament_install'
[0.338s] Level 1:colcon.colcon_core.package_identification:_identify(venv/lib/python3.12/site-packages/pip/_internal/distributions) by extensions ['colcon_pkg']
[0.338s] Level 1:colcon.colcon_core.package_identification:_identify(venv/lib/python3.12/site-packages/pip/_internal/distributions) by extension 'colcon_pkg'
[0.339s] Level 1:colcon.colcon_core.package_identification:_identify(venv/lib/python3.12/site-packages/pip/_internal/distributions) by extensions ['colcon_meta']
[0.339s] Level 1:colcon.colcon_core.package_identification:_identify(venv/lib/python3.12/site-packages/pip/_internal/distributions) by extension 'colcon_meta'
[0.339s] Level 1:colcon.colcon_core.package_identification:_identify(venv/lib/python3.12/site-packages/pip/_internal/distributions) by extensions ['ros']
[0.339s] Level 1:colcon.colcon_core.package_identification:_identify(venv/lib/python3.12/site-packages/pip/_internal/distributions) by extension 'ros'
[0.339s] Level 1:colcon.colcon_core.package_identification:_identify(venv/lib/python3.12/site-packages/pip/_internal/distributions) by extensions ['cmake', 'python']
[0.339s] Level 1:colcon.colcon_core.package_identification:_identify(venv/lib/python3.12/site-packages/pip/_internal/distributions) by extension 'cmake'
[0.339s] Level 1:colcon.colcon_core.package_identification:_identify(venv/lib/python3.12/site-packages/pip/_internal/distributions) by extension 'python'
[0.339s] Level 1:colcon.colcon_core.package_identification:_identify(venv/lib/python3.12/site-packages/pip/_internal/distributions) by extensions ['python_setup_py']
[0.339s] Level 1:colcon.colcon_core.package_identification:_identify(venv/lib/python3.12/site-packages/pip/_internal/distributions) by extension 'python_setup_py'
[0.340s] Level 1:colcon.colcon_core.package_identification:_identify(venv/lib/python3.12/site-packages/pip/_internal/distributions/__pycache__) by extensions ['ignore', 'ignore_ament_install']
[0.340s] Level 1:colcon.colcon_core.package_identification:_identify(venv/lib/python3.12/site-packages/pip/_internal/distributions/__pycache__) by extension 'ignore'
[0.340s] Level 1:colcon.colcon_core.package_identification:_identify(venv/lib/python3.12/site-packages/pip/_internal/distributions/__pycache__) by extension 'ignore_ament_install'
[0.340s] Level 1:colcon.colcon_core.package_identification:_identify(venv/lib/python3.12/site-packages/pip/_internal/distributions/__pycache__) by extensions ['colcon_pkg']
[0.340s] Level 1:colcon.colcon_core.package_identification:_identify(venv/lib/python3.12/site-packages/pip/_internal/distributions/__pycache__) by extension 'colcon_pkg'
[0.340s] Level 1:colcon.colcon_core.package_identification:_identify(venv/lib/python3.12/site-packages/pip/_internal/distributions/__pycache__) by extensions ['colcon_meta']
[0.340s] Level 1:colcon.colcon_core.package_identification:_identify(venv/lib/python3.12/site-packages/pip/_internal/distributions/__pycache__) by extension 'colcon_meta'
[0.340s] Level 1:colcon.colcon_core.package_identification:_identify(venv/lib/python3.12/site-packages/pip/_internal/distributions/__pycache__) by extensions ['ros']
[0.340s] Level 1:colcon.colcon_core.package_identification:_identify(venv/lib/python3.12/site-packages/pip/_internal/distributions/__pycache__) by extension 'ros'
[0.340s] Level 1:colcon.colcon_core.package_identification:_identify(venv/lib/python3.12/site-packages/pip/_internal/distributions/__pycache__) by extensions ['cmake', 'python']
[0.340s] Level 1:colcon.colcon_core.package_identification:_identify(venv/lib/python3.12/site-packages/pip/_internal/distributions/__pycache__) by extension 'cmake'
[0.341s] Level 1:colcon.colcon_core.package_identification:_identify(venv/lib/python3.12/site-packages/pip/_internal/distributions/__pycache__) by extension 'python'
[0.341s] Level 1:colcon.colcon_core.package_identification:_identify(venv/lib/python3.12/site-packages/pip/_internal/distributions/__pycache__) by extensions ['python_setup_py']
[0.341s] Level 1:colcon.colcon_core.package_identification:_identify(venv/lib/python3.12/site-packages/pip/_internal/distributions/__pycache__) by extension 'python_setup_py'
[0.341s] Level 1:colcon.colcon_core.package_identification:_identify(venv/lib/python3.12/site-packages/pip/_internal/index) by extensions ['ignore', 'ignore_ament_install']
[0.341s] Level 1:colcon.colcon_core.package_identification:_identify(venv/lib/python3.12/site-packages/pip/_internal/index) by extension 'ignore'
[0.342s] Level 1:colcon.colcon_core.package_identification:_identify(venv/lib/python3.12/site-packages/pip/_internal/index) by extension 'ignore_ament_install'
[0.342s] Level 1:colcon.colcon_core.package_identification:_identify(venv/lib/python3.12/site-packages/pip/_internal/index) by extensions ['colcon_pkg']
[0.342s] Level 1:colcon.colcon_core.package_identification:_identify(venv/lib/python3.12/site-packages/pip/_internal/index) by extension 'colcon_pkg'
[0.342s] Level 1:colcon.colcon_core.package_identification:_identify(venv/lib/python3.12/site-packages/pip/_internal/index) by extensions ['colcon_meta']
[0.342s] Level 1:colcon.colcon_core.package_identification:_identify(venv/lib/python3.12/site-packages/pip/_internal/index) by extension 'colcon_meta'
[0.342s] Level 1:colcon.colcon_core.package_identification:_identify(venv/lib/python3.12/site-packages/pip/_internal/index) by extensions ['ros']
[0.342s] Level 1:colcon.colcon_core.package_identification:_identify(venv/lib/python3.12/site-packages/pip/_internal/index) by extension 'ros'
[0.342s] Level 1:colcon.colcon_core.package_identification:_identify(venv/lib/python3.12/site-packages/pip/_internal/index) by extensions ['cmake', 'python']
[0.342s] Level 1:colcon.colcon_core.package_identification:_identify(venv/lib/python3.12/site-packages/pip/_internal/index) by extension 'cmake'
[0.342s] Level 1:colcon.colcon_core.package_identification:_identify(venv/lib/python3.12/site-packages/pip/_internal/index) by extension 'python'
[0.342s] Level 1:colcon.colcon_core.package_identification:_identify(venv/lib/python3.12/site-packages/pip/_internal/index) by extensions ['python_setup_py']
[0.342s] Level 1:colcon.colcon_core.package_identification:_identify(venv/lib/python3.12/site-packages/pip/_internal/index) by extension 'python_setup_py'
[0.343s] Level 1:colcon.colcon_core.package_identification:_identify(venv/lib/python3.12/site-packages/pip/_internal/index/__pycache__) by extensions ['ignore', 'ignore_ament_install']
[0.343s] Level 1:colcon.colcon_core.package_identification:_identify(venv/lib/python3.12/site-packages/pip/_internal/index/__pycache__) by extension 'ignore'
[0.343s] Level 1:colcon.colcon_core.package_identification:_identify(venv/lib/python3.12/site-packages/pip/_internal/index/__pycache__) by extension 'ignore_ament_install'
[0.343s] Level 1:colcon.colcon_core.package_identification:_identify(venv/lib/python3.12/site-packages/pip/_internal/index/__pycache__) by extensions ['colcon_pkg']
[0.343s] Level 1:colcon.colcon_core.package_identification:_identify(venv/lib/python3.12/site-packages/pip/_internal/index/__pycache__) by extension 'colcon_pkg'
[0.343s] Level 1:colcon.colcon_core.package_identification:_identify(venv/lib/python3.12/site-packages/pip/_internal/index/__pycache__) by extensions ['colcon_meta']
[0.343s] Level 1:colcon.colcon_core.package_identification:_identify(venv/lib/python3.12/site-packages/pip/_internal/index/__pycache__) by extension 'colcon_meta'
[0.343s] Level 1:colcon.colcon_core.package_identification:_identify(venv/lib/python3.12/site-packages/pip/_internal/index/__pycache__) by extensions ['ros']
[0.343s] Level 1:colcon.colcon_core.package_identification:_identify(venv/lib/python3.12/site-packages/pip/_internal/index/__pycache__) by extension 'ros'
[0.344s] Level 1:colcon.colcon_core.package_identification:_identify(venv/lib/python3.12/site-packages/pip/_internal/index/__pycache__) by extensions ['cmake', 'python']
[0.344s] Level 1:colcon.colcon_core.package_identification:_identify(venv/lib/python3.12/site-packages/pip/_internal/index/__pycache__) by extension 'cmake'
[0.344s] Level 1:colcon.colcon_core.package_identification:_identify(venv/lib/python3.12/site-packages/pip/_internal/index/__pycache__) by extension 'python'
[0.344s] Level 1:colcon.colcon_core.package_identification:_identify(venv/lib/python3.12/site-packages/pip/_internal/index/__pycache__) by extensions ['python_setup_py']
[0.344s] Level 1:colcon.colcon_core.package_identification:_identify(venv/lib/python3.12/site-packages/pip/_internal/index/__pycache__) by extension 'python_setup_py'
[0.344s] Level 1:colcon.colcon_core.package_identification:_identify(venv/lib/python3.12/site-packages/pip/_internal/locations) by extensions ['ignore', 'ignore_ament_install']
[0.344s] Level 1:colcon.colcon_core.package_identification:_identify(venv/lib/python3.12/site-packages/pip/_internal/locations) by extension 'ignore'
[0.345s] Level 1:colcon.colcon_core.package_identification:_identify(venv/lib/python3.12/site-packages/pip/_internal/locations) by extension 'ignore_ament_install'
[0.345s] Level 1:colcon.colcon_core.package_identification:_identify(venv/lib/python3.12/site-packages/pip/_internal/locations) by extensions ['colcon_pkg']
[0.345s] Level 1:colcon.colcon_core.package_identification:_identify(venv/lib/python3.12/site-packages/pip/_internal/locations) by extension 'colcon_pkg'
[0.345s] Level 1:colcon.colcon_core.package_identification:_identify(venv/lib/python3.12/site-packages/pip/_internal/locations) by extensions ['colcon_meta']
[0.345s] Level 1:colcon.colcon_core.package_identification:_identify(venv/lib/python3.12/site-packages/pip/_internal/locations) by extension 'colcon_meta'
[0.345s] Level 1:colcon.colcon_core.package_identification:_identify(venv/lib/python3.12/site-packages/pip/_internal/locations) by extensions ['ros']
[0.345s] Level 1:colcon.colcon_core.package_identification:_identify(venv/lib/python3.12/site-packages/pip/_internal/locations) by extension 'ros'
[0.345s] Level 1:colcon.colcon_core.package_identification:_identify(venv/lib/python3.12/site-packages/pip/_internal/locations) by extensions ['cmake', 'python']
[0.345s] Level 1:colcon.colcon_core.package_identification:_identify(venv/lib/python3.12/site-packages/pip/_internal/locations) by extension 'cmake'
[0.345s] Level 1:colcon.colcon_core.package_identification:_identify(venv/lib/python3.12/site-packages/pip/_internal/locations) by extension 'python'
[0.345s] Level 1:colcon.colcon_core.package_identification:_identify(venv/lib/python3.12/site-packages/pip/_internal/locations) by extensions ['python_setup_py']
[0.345s] Level 1:colcon.colcon_core.package_identification:_identify(venv/lib/python3.12/site-packages/pip/_internal/locations) by extension 'python_setup_py'
[0.346s] Level 1:colcon.colcon_core.package_identification:_identify(venv/lib/python3.12/site-packages/pip/_internal/locations/__pycache__) by extensions ['ignore', 'ignore_ament_install']
[0.346s] Level 1:colcon.colcon_core.package_identification:_identify(venv/lib/python3.12/site-packages/pip/_internal/locations/__pycache__) by extension 'ignore'
[0.346s] Level 1:colcon.colcon_core.package_identification:_identify(venv/lib/python3.12/site-packages/pip/_internal/locations/__pycache__) by extension 'ignore_ament_install'
[0.346s] Level 1:colcon.colcon_core.package_identification:_identify(venv/lib/python3.12/site-packages/pip/_internal/locations/__pycache__) by extensions ['colcon_pkg']
[0.346s] Level 1:colcon.colcon_core.package_identification:_identify(venv/lib/python3.12/site-packages/pip/_internal/locations/__pycache__) by extension 'colcon_pkg'
[0.346s] Level 1:colcon.colcon_core.package_identification:_identify(venv/lib/python3.12/site-packages/pip/_internal/locations/__pycache__) by extensions ['colcon_meta']
[0.346s] Level 1:colcon.colcon_core.package_identification:_identify(venv/lib/python3.12/site-packages/pip/_internal/locations/__pycache__) by extension 'colcon_meta'
[0.346s] Level 1:colcon.colcon_core.package_identification:_identify(venv/lib/python3.12/site-packages/pip/_internal/locations/__pycache__) by extensions ['ros']
[0.346s] Level 1:colcon.colcon_core.package_identification:_identify(venv/lib/python3.12/site-packages/pip/_internal/locations/__pycache__) by extension 'ros'
[0.347s] Level 1:colcon.colcon_core.package_identification:_identify(venv/lib/python3.12/site-packages/pip/_internal/locations/__pycache__) by extensions ['cmake', 'python']
[0.347s] Level 1:colcon.colcon_core.package_identification:_identify(venv/lib/python3.12/site-packages/pip/_internal/locations/__pycache__) by extension 'cmake'
[0.347s] Level 1:colcon.colcon_core.package_identification:_identify(venv/lib/python3.12/site-packages/pip/_internal/locations/__pycache__) by extension 'python'
[0.347s] Level 1:colcon.colcon_core.package_identification:_identify(venv/lib/python3.12/site-packages/pip/_internal/locations/__pycache__) by extensions ['python_setup_py']
[0.347s] Level 1:colcon.colcon_core.package_identification:_identify(venv/lib/python3.12/site-packages/pip/_internal/locations/__pycache__) by extension 'python_setup_py'
[0.347s] Level 1:colcon.colcon_core.package_identification:_identify(venv/lib/python3.12/site-packages/pip/_internal/metadata) by extensions ['ignore', 'ignore_ament_install']
[0.347s] Level 1:colcon.colcon_core.package_identification:_identify(venv/lib/python3.12/site-packages/pip/_internal/metadata) by extension 'ignore'
[0.348s] Level 1:colcon.colcon_core.package_identification:_identify(venv/lib/python3.12/site-packages/pip/_internal/metadata) by extension 'ignore_ament_install'
[0.348s] Level 1:colcon.colcon_core.package_identification:_identify(venv/lib/python3.12/site-packages/pip/_internal/metadata) by extensions ['colcon_pkg']
[0.348s] Level 1:colcon.colcon_core.package_identification:_identify(venv/lib/python3.12/site-packages/pip/_internal/metadata) by extension 'colcon_pkg'
[0.348s] Level 1:colcon.colcon_core.package_identification:_identify(venv/lib/python3.12/site-packages/pip/_internal/metadata) by extensions ['colcon_meta']
[0.348s] Level 1:colcon.colcon_core.package_identification:_identify(venv/lib/python3.12/site-packages/pip/_internal/metadata) by extension 'colcon_meta'
[0.348s] Level 1:colcon.colcon_core.package_identification:_identify(venv/lib/python3.12/site-packages/pip/_internal/metadata) by extensions ['ros']
[0.348s] Level 1:colcon.colcon_core.package_identification:_identify(venv/lib/python3.12/site-packages/pip/_internal/metadata) by extension 'ros'
[0.348s] Level 1:colcon.colcon_core.package_identification:_identify(venv/lib/python3.12/site-packages/pip/_internal/metadata) by extensions ['cmake', 'python']
[0.348s] Level 1:colcon.colcon_core.package_identification:_identify(venv/lib/python3.12/site-packages/pip/_internal/metadata) by extension 'cmake'
[0.348s] Level 1:colcon.colcon_core.package_identification:_identify(venv/lib/python3.12/site-packages/pip/_internal/metadata) by extension 'python'
[0.348s] Level 1:colcon.colcon_core.package_identification:_identify(venv/lib/python3.12/site-packages/pip/_internal/metadata) by extensions ['python_setup_py']
[0.348s] Level 1:colcon.colcon_core.package_identification:_identify(venv/lib/python3.12/site-packages/pip/_internal/metadata) by extension 'python_setup_py'
[0.349s] Level 1:colcon.colcon_core.package_identification:_identify(venv/lib/python3.12/site-packages/pip/_internal/metadata/__pycache__) by extensions ['ignore', 'ignore_ament_install']
[0.349s] Level 1:colcon.colcon_core.package_identification:_identify(venv/lib/python3.12/site-packages/pip/_internal/metadata/__pycache__) by extension 'ignore'
[0.349s] Level 1:colcon.colcon_core.package_identification:_identify(venv/lib/python3.12/site-packages/pip/_internal/metadata/__pycache__) by extension 'ignore_ament_install'
[0.349s] Level 1:colcon.colcon_core.package_identification:_identify(venv/lib/python3.12/site-packages/pip/_internal/metadata/__pycache__) by extensions ['colcon_pkg']
[0.349s] Level 1:colcon.colcon_core.package_identification:_identify(venv/lib/python3.12/site-packages/pip/_internal/metadata/__pycache__) by extension 'colcon_pkg'
[0.349s] Level 1:colcon.colcon_core.package_identification:_identify(venv/lib/python3.12/site-packages/pip/_internal/metadata/__pycache__) by extensions ['colcon_meta']
[0.349s] Level 1:colcon.colcon_core.package_identification:_identify(venv/lib/python3.12/site-packages/pip/_internal/metadata/__pycache__) by extension 'colcon_meta'
[0.349s] Level 1:colcon.colcon_core.package_identification:_identify(venv/lib/python3.12/site-packages/pip/_internal/metadata/__pycache__) by extensions ['ros']
[0.349s] Level 1:colcon.colcon_core.package_identification:_identify(venv/lib/python3.12/site-packages/pip/_internal/metadata/__pycache__) by extension 'ros'
[0.350s] Level 1:colcon.colcon_core.package_identification:_identify(venv/lib/python3.12/site-packages/pip/_internal/metadata/__pycache__) by extensions ['cmake', 'python']
[0.350s] Level 1:colcon.colcon_core.package_identification:_identify(venv/lib/python3.12/site-packages/pip/_internal/metadata/__pycache__) by extension 'cmake'
[0.350s] Level 1:colcon.colcon_core.package_identification:_identify(venv/lib/python3.12/site-packages/pip/_internal/metadata/__pycache__) by extension 'python'
[0.350s] Level 1:colcon.colcon_core.package_identification:_identify(venv/lib/python3.12/site-packages/pip/_internal/metadata/__pycache__) by extensions ['python_setup_py']
[0.350s] Level 1:colcon.colcon_core.package_identification:_identify(venv/lib/python3.12/site-packages/pip/_internal/metadata/__pycache__) by extension 'python_setup_py'
[0.350s] Level 1:colcon.colcon_core.package_identification:_identify(venv/lib/python3.12/site-packages/pip/_internal/metadata/importlib) by extensions ['ignore', 'ignore_ament_install']
[0.350s] Level 1:colcon.colcon_core.package_identification:_identify(venv/lib/python3.12/site-packages/pip/_internal/metadata/importlib) by extension 'ignore'
[0.351s] Level 1:colcon.colcon_core.package_identification:_identify(venv/lib/python3.12/site-packages/pip/_internal/metadata/importlib) by extension 'ignore_ament_install'
[0.351s] Level 1:colcon.colcon_core.package_identification:_identify(venv/lib/python3.12/site-packages/pip/_internal/metadata/importlib) by extensions ['colcon_pkg']
[0.351s] Level 1:colcon.colcon_core.package_identification:_identify(venv/lib/python3.12/site-packages/pip/_internal/metadata/importlib) by extension 'colcon_pkg'
[0.351s] Level 1:colcon.colcon_core.package_identification:_identify(venv/lib/python3.12/site-packages/pip/_internal/metadata/importlib) by extensions ['colcon_meta']
[0.351s] Level 1:colcon.colcon_core.package_identification:_identify(venv/lib/python3.12/site-packages/pip/_internal/metadata/importlib) by extension 'colcon_meta'
[0.351s] Level 1:colcon.colcon_core.package_identification:_identify(venv/lib/python3.12/site-packages/pip/_internal/metadata/importlib) by extensions ['ros']
[0.351s] Level 1:colcon.colcon_core.package_identification:_identify(venv/lib/python3.12/site-packages/pip/_internal/metadata/importlib) by extension 'ros'
[0.351s] Level 1:colcon.colcon_core.package_identification:_identify(venv/lib/python3.12/site-packages/pip/_internal/metadata/importlib) by extensions ['cmake', 'python']
[0.351s] Level 1:colcon.colcon_core.package_identification:_identify(venv/lib/python3.12/site-packages/pip/_internal/metadata/importlib) by extension 'cmake'
[0.351s] Level 1:colcon.colcon_core.package_identification:_identify(venv/lib/python3.12/site-packages/pip/_internal/metadata/importlib) by extension 'python'
[0.351s] Level 1:colcon.colcon_core.package_identification:_identify(venv/lib/python3.12/site-packages/pip/_internal/metadata/importlib) by extensions ['python_setup_py']
[0.351s] Level 1:colcon.colcon_core.package_identification:_identify(venv/lib/python3.12/site-packages/pip/_internal/metadata/importlib) by extension 'python_setup_py'
[0.352s] Level 1:colcon.colcon_core.package_identification:_identify(venv/lib/python3.12/site-packages/pip/_internal/metadata/importlib/__pycache__) by extensions ['ignore', 'ignore_ament_install']
[0.352s] Level 1:colcon.colcon_core.package_identification:_identify(venv/lib/python3.12/site-packages/pip/_internal/metadata/importlib/__pycache__) by extension 'ignore'
[0.352s] Level 1:colcon.colcon_core.package_identification:_identify(venv/lib/python3.12/site-packages/pip/_internal/metadata/importlib/__pycache__) by extension 'ignore_ament_install'
[0.352s] Level 1:colcon.colcon_core.package_identification:_identify(venv/lib/python3.12/site-packages/pip/_internal/metadata/importlib/__pycache__) by extensions ['colcon_pkg']
[0.352s] Level 1:colcon.colcon_core.package_identification:_identify(venv/lib/python3.12/site-packages/pip/_internal/metadata/importlib/__pycache__) by extension 'colcon_pkg'
[0.352s] Level 1:colcon.colcon_core.package_identification:_identify(venv/lib/python3.12/site-packages/pip/_internal/metadata/importlib/__pycache__) by extensions ['colcon_meta']
[0.352s] Level 1:colcon.colcon_core.package_identification:_identify(venv/lib/python3.12/site-packages/pip/_internal/metadata/importlib/__pycache__) by extension 'colcon_meta'
[0.352s] Level 1:colcon.colcon_core.package_identification:_identify(venv/lib/python3.12/site-packages/pip/_internal/metadata/importlib/__pycache__) by extensions ['ros']
[0.352s] Level 1:colcon.colcon_core.package_identification:_identify(venv/lib/python3.12/site-packages/pip/_internal/metadata/importlib/__pycache__) by extension 'ros'
[0.352s] Level 1:colcon.colcon_core.package_identification:_identify(venv/lib/python3.12/site-packages/pip/_internal/metadata/importlib/__pycache__) by extensions ['cmake', 'python']
[0.352s] Level 1:colcon.colcon_core.package_identification:_identify(venv/lib/python3.12/site-packages/pip/_internal/metadata/importlib/__pycache__) by extension 'cmake'
[0.352s] Level 1:colcon.colcon_core.package_identification:_identify(venv/lib/python3.12/site-packages/pip/_internal/metadata/importlib/__pycache__) by extension 'python'
[0.353s] Level 1:colcon.colcon_core.package_identification:_identify(venv/lib/python3.12/site-packages/pip/_internal/metadata/importlib/__pycache__) by extensions ['python_setup_py']
[0.353s] Level 1:colcon.colcon_core.package_identification:_identify(venv/lib/python3.12/site-packages/pip/_internal/metadata/importlib/__pycache__) by extension 'python_setup_py'
[0.353s] Level 1:colcon.colcon_core.package_identification:_identify(venv/lib/python3.12/site-packages/pip/_internal/models) by extensions ['ignore', 'ignore_ament_install']
[0.353s] Level 1:colcon.colcon_core.package_identification:_identify(venv/lib/python3.12/site-packages/pip/_internal/models) by extension 'ignore'
[0.353s] Level 1:colcon.colcon_core.package_identification:_identify(venv/lib/python3.12/site-packages/pip/_internal/models) by extension 'ignore_ament_install'
[0.353s] Level 1:colcon.colcon_core.package_identification:_identify(venv/lib/python3.12/site-packages/pip/_internal/models) by extensions ['colcon_pkg']
[0.353s] Level 1:colcon.colcon_core.package_identification:_identify(venv/lib/python3.12/site-packages/pip/_internal/models) by extension 'colcon_pkg'
[0.353s] Level 1:colcon.colcon_core.package_identification:_identify(venv/lib/python3.12/site-packages/pip/_internal/models) by extensions ['colcon_meta']
[0.354s] Level 1:colcon.colcon_core.package_identification:_identify(venv/lib/python3.12/site-packages/pip/_internal/models) by extension 'colcon_meta'
[0.354s] Level 1:colcon.colcon_core.package_identification:_identify(venv/lib/python3.12/site-packages/pip/_internal/models) by extensions ['ros']
[0.354s] Level 1:colcon.colcon_core.package_identification:_identify(venv/lib/python3.12/site-packages/pip/_internal/models) by extension 'ros'
[0.354s] Level 1:colcon.colcon_core.package_identification:_identify(venv/lib/python3.12/site-packages/pip/_internal/models) by extensions ['cmake', 'python']
[0.354s] Level 1:colcon.colcon_core.package_identification:_identify(venv/lib/python3.12/site-packages/pip/_internal/models) by extension 'cmake'
[0.354s] Level 1:colcon.colcon_core.package_identification:_identify(venv/lib/python3.12/site-packages/pip/_internal/models) by extension 'python'
[0.354s] Level 1:colcon.colcon_core.package_identification:_identify(venv/lib/python3.12/site-packages/pip/_internal/models) by extensions ['python_setup_py']
[0.354s] Level 1:colcon.colcon_core.package_identification:_identify(venv/lib/python3.12/site-packages/pip/_internal/models) by extension 'python_setup_py'
[0.354s] Level 1:colcon.colcon_core.package_identification:_identify(venv/lib/python3.12/site-packages/pip/_internal/models/__pycache__) by extensions ['ignore', 'ignore_ament_install']
[0.355s] Level 1:colcon.colcon_core.package_identification:_identify(venv/lib/python3.12/site-packages/pip/_internal/models/__pycache__) by extension 'ignore'
[0.355s] Level 1:colcon.colcon_core.package_identification:_identify(venv/lib/python3.12/site-packages/pip/_internal/models/__pycache__) by extension 'ignore_ament_install'
[0.355s] Level 1:colcon.colcon_core.package_identification:_identify(venv/lib/python3.12/site-packages/pip/_internal/models/__pycache__) by extensions ['colcon_pkg']
[0.355s] Level 1:colcon.colcon_core.package_identification:_identify(venv/lib/python3.12/site-packages/pip/_internal/models/__pycache__) by extension 'colcon_pkg'
[0.355s] Level 1:colcon.colcon_core.package_identification:_identify(venv/lib/python3.12/site-packages/pip/_internal/models/__pycache__) by extensions ['colcon_meta']
[0.355s] Level 1:colcon.colcon_core.package_identification:_identify(venv/lib/python3.12/site-packages/pip/_internal/models/__pycache__) by extension 'colcon_meta'
[0.355s] Level 1:colcon.colcon_core.package_identification:_identify(venv/lib/python3.12/site-packages/pip/_internal/models/__pycache__) by extensions ['ros']
[0.355s] Level 1:colcon.colcon_core.package_identification:_identify(venv/lib/python3.12/site-packages/pip/_internal/models/__pycache__) by extension 'ros'
[0.355s] Level 1:colcon.colcon_core.package_identification:_identify(venv/lib/python3.12/site-packages/pip/_internal/models/__pycache__) by extensions ['cmake', 'python']
[0.355s] Level 1:colcon.colcon_core.package_identification:_identify(venv/lib/python3.12/site-packages/pip/_internal/models/__pycache__) by extension 'cmake'
[0.355s] Level 1:colcon.colcon_core.package_identification:_identify(venv/lib/python3.12/site-packages/pip/_internal/models/__pycache__) by extension 'python'
[0.355s] Level 1:colcon.colcon_core.package_identification:_identify(venv/lib/python3.12/site-packages/pip/_internal/models/__pycache__) by extensions ['python_setup_py']
[0.355s] Level 1:colcon.colcon_core.package_identification:_identify(venv/lib/python3.12/site-packages/pip/_internal/models/__pycache__) by extension 'python_setup_py'
[0.356s] Level 1:colcon.colcon_core.package_identification:_identify(venv/lib/python3.12/site-packages/pip/_internal/network) by extensions ['ignore', 'ignore_ament_install']
[0.356s] Level 1:colcon.colcon_core.package_identification:_identify(venv/lib/python3.12/site-packages/pip/_internal/network) by extension 'ignore'
[0.356s] Level 1:colcon.colcon_core.package_identification:_identify(venv/lib/python3.12/site-packages/pip/_internal/network) by extension 'ignore_ament_install'
[0.356s] Level 1:colcon.colcon_core.package_identification:_identify(venv/lib/python3.12/site-packages/pip/_internal/network) by extensions ['colcon_pkg']
[0.356s] Level 1:colcon.colcon_core.package_identification:_identify(venv/lib/python3.12/site-packages/pip/_internal/network) by extension 'colcon_pkg'
[0.356s] Level 1:colcon.colcon_core.package_identification:_identify(venv/lib/python3.12/site-packages/pip/_internal/network) by extensions ['colcon_meta']
[0.356s] Level 1:colcon.colcon_core.package_identification:_identify(venv/lib/python3.12/site-packages/pip/_internal/network) by extension 'colcon_meta'
[0.356s] Level 1:colcon.colcon_core.package_identification:_identify(venv/lib/python3.12/site-packages/pip/_internal/network) by extensions ['ros']
[0.356s] Level 1:colcon.colcon_core.package_identification:_identify(venv/lib/python3.12/site-packages/pip/_internal/network) by extension 'ros'
[0.356s] Level 1:colcon.colcon_core.package_identification:_identify(venv/lib/python3.12/site-packages/pip/_internal/network) by extensions ['cmake', 'python']
[0.356s] Level 1:colcon.colcon_core.package_identification:_identify(venv/lib/python3.12/site-packages/pip/_internal/network) by extension 'cmake'
[0.356s] Level 1:colcon.colcon_core.package_identification:_identify(venv/lib/python3.12/site-packages/pip/_internal/network) by extension 'python'
[0.356s] Level 1:colcon.colcon_core.package_identification:_identify(venv/lib/python3.12/site-packages/pip/_internal/network) by extensions ['python_setup_py']
[0.357s] Level 1:colcon.colcon_core.package_identification:_identify(venv/lib/python3.12/site-packages/pip/_internal/network) by extension 'python_setup_py'
[0.357s] Level 1:colcon.colcon_core.package_identification:_identify(venv/lib/python3.12/site-packages/pip/_internal/network/__pycache__) by extensions ['ignore', 'ignore_ament_install']
[0.357s] Level 1:colcon.colcon_core.package_identification:_identify(venv/lib/python3.12/site-packages/pip/_internal/network/__pycache__) by extension 'ignore'
[0.357s] Level 1:colcon.colcon_core.package_identification:_identify(venv/lib/python3.12/site-packages/pip/_internal/network/__pycache__) by extension 'ignore_ament_install'
[0.357s] Level 1:colcon.colcon_core.package_identification:_identify(venv/lib/python3.12/site-packages/pip/_internal/network/__pycache__) by extensions ['colcon_pkg']
[0.357s] Level 1:colcon.colcon_core.package_identification:_identify(venv/lib/python3.12/site-packages/pip/_internal/network/__pycache__) by extension 'colcon_pkg'
[0.357s] Level 1:colcon.colcon_core.package_identification:_identify(venv/lib/python3.12/site-packages/pip/_internal/network/__pycache__) by extensions ['colcon_meta']
[0.357s] Level 1:colcon.colcon_core.package_identification:_identify(venv/lib/python3.12/site-packages/pip/_internal/network/__pycache__) by extension 'colcon_meta'
[0.358s] Level 1:colcon.colcon_core.package_identification:_identify(venv/lib/python3.12/site-packages/pip/_internal/network/__pycache__) by extensions ['ros']
[0.358s] Level 1:colcon.colcon_core.package_identification:_identify(venv/lib/python3.12/site-packages/pip/_internal/network/__pycache__) by extension 'ros'
[0.358s] Level 1:colcon.colcon_core.package_identification:_identify(venv/lib/python3.12/site-packages/pip/_internal/network/__pycache__) by extensions ['cmake', 'python']
[0.358s] Level 1:colcon.colcon_core.package_identification:_identify(venv/lib/python3.12/site-packages/pip/_internal/network/__pycache__) by extension 'cmake'
[0.358s] Level 1:colcon.colcon_core.package_identification:_identify(venv/lib/python3.12/site-packages/pip/_internal/network/__pycache__) by extension 'python'
[0.358s] Level 1:colcon.colcon_core.package_identification:_identify(venv/lib/python3.12/site-packages/pip/_internal/network/__pycache__) by extensions ['python_setup_py']
[0.358s] Level 1:colcon.colcon_core.package_identification:_identify(venv/lib/python3.12/site-packages/pip/_internal/network/__pycache__) by extension 'python_setup_py'
[0.358s] Level 1:colcon.colcon_core.package_identification:_identify(venv/lib/python3.12/site-packages/pip/_internal/operations) by extensions ['ignore', 'ignore_ament_install']
[0.359s] Level 1:colcon.colcon_core.package_identification:_identify(venv/lib/python3.12/site-packages/pip/_internal/operations) by extension 'ignore'
[0.359s] Level 1:colcon.colcon_core.package_identification:_identify(venv/lib/python3.12/site-packages/pip/_internal/operations) by extension 'ignore_ament_install'
[0.359s] Level 1:colcon.colcon_core.package_identification:_identify(venv/lib/python3.12/site-packages/pip/_internal/operations) by extensions ['colcon_pkg']
[0.359s] Level 1:colcon.colcon_core.package_identification:_identify(venv/lib/python3.12/site-packages/pip/_internal/operations) by extension 'colcon_pkg'
[0.359s] Level 1:colcon.colcon_core.package_identification:_identify(venv/lib/python3.12/site-packages/pip/_internal/operations) by extensions ['colcon_meta']
[0.359s] Level 1:colcon.colcon_core.package_identification:_identify(venv/lib/python3.12/site-packages/pip/_internal/operations) by extension 'colcon_meta'
[0.359s] Level 1:colcon.colcon_core.package_identification:_identify(venv/lib/python3.12/site-packages/pip/_internal/operations) by extensions ['ros']
[0.359s] Level 1:colcon.colcon_core.package_identification:_identify(venv/lib/python3.12/site-packages/pip/_internal/operations) by extension 'ros'
[0.359s] Level 1:colcon.colcon_core.package_identification:_identify(venv/lib/python3.12/site-packages/pip/_internal/operations) by extensions ['cmake', 'python']
[0.359s] Level 1:colcon.colcon_core.package_identification:_identify(venv/lib/python3.12/site-packages/pip/_internal/operations) by extension 'cmake'
[0.359s] Level 1:colcon.colcon_core.package_identification:_identify(venv/lib/python3.12/site-packages/pip/_internal/operations) by extension 'python'
[0.359s] Level 1:colcon.colcon_core.package_identification:_identify(venv/lib/python3.12/site-packages/pip/_internal/operations) by extensions ['python_setup_py']
[0.359s] Level 1:colcon.colcon_core.package_identification:_identify(venv/lib/python3.12/site-packages/pip/_internal/operations) by extension 'python_setup_py'
[0.360s] Level 1:colcon.colcon_core.package_identification:_identify(venv/lib/python3.12/site-packages/pip/_internal/operations/__pycache__) by extensions ['ignore', 'ignore_ament_install']
[0.360s] Level 1:colcon.colcon_core.package_identification:_identify(venv/lib/python3.12/site-packages/pip/_internal/operations/__pycache__) by extension 'ignore'
[0.360s] Level 1:colcon.colcon_core.package_identification:_identify(venv/lib/python3.12/site-packages/pip/_internal/operations/__pycache__) by extension 'ignore_ament_install'
[0.360s] Level 1:colcon.colcon_core.package_identification:_identify(venv/lib/python3.12/site-packages/pip/_internal/operations/__pycache__) by extensions ['colcon_pkg']
[0.360s] Level 1:colcon.colcon_core.package_identification:_identify(venv/lib/python3.12/site-packages/pip/_internal/operations/__pycache__) by extension 'colcon_pkg'
[0.360s] Level 1:colcon.colcon_core.package_identification:_identify(venv/lib/python3.12/site-packages/pip/_internal/operations/__pycache__) by extensions ['colcon_meta']
[0.360s] Level 1:colcon.colcon_core.package_identification:_identify(venv/lib/python3.12/site-packages/pip/_internal/operations/__pycache__) by extension 'colcon_meta'
[0.360s] Level 1:colcon.colcon_core.package_identification:_identify(venv/lib/python3.12/site-packages/pip/_internal/operations/__pycache__) by extensions ['ros']
[0.360s] Level 1:colcon.colcon_core.package_identification:_identify(venv/lib/python3.12/site-packages/pip/_internal/operations/__pycache__) by extension 'ros'
[0.360s] Level 1:colcon.colcon_core.package_identification:_identify(venv/lib/python3.12/site-packages/pip/_internal/operations/__pycache__) by extensions ['cmake', 'python']
[0.360s] Level 1:colcon.colcon_core.package_identification:_identify(venv/lib/python3.12/site-packages/pip/_internal/operations/__pycache__) by extension 'cmake'
[0.360s] Level 1:colcon.colcon_core.package_identification:_identify(venv/lib/python3.12/site-packages/pip/_internal/operations/__pycache__) by extension 'python'
[0.360s] Level 1:colcon.colcon_core.package_identification:_identify(venv/lib/python3.12/site-packages/pip/_internal/operations/__pycache__) by extensions ['python_setup_py']
[0.361s] Level 1:colcon.colcon_core.package_identification:_identify(venv/lib/python3.12/site-packages/pip/_internal/operations/__pycache__) by extension 'python_setup_py'
[0.361s] Level 1:colcon.colcon_core.package_identification:_identify(venv/lib/python3.12/site-packages/pip/_internal/operations/build) by extensions ['ignore', 'ignore_ament_install']
[0.361s] Level 1:colcon.colcon_core.package_identification:_identify(venv/lib/python3.12/site-packages/pip/_internal/operations/build) by extension 'ignore'
[0.361s] Level 1:colcon.colcon_core.package_identification:_identify(venv/lib/python3.12/site-packages/pip/_internal/operations/build) by extension 'ignore_ament_install'
[0.361s] Level 1:colcon.colcon_core.package_identification:_identify(venv/lib/python3.12/site-packages/pip/_internal/operations/build) by extensions ['colcon_pkg']
[0.361s] Level 1:colcon.colcon_core.package_identification:_identify(venv/lib/python3.12/site-packages/pip/_internal/operations/build) by extension 'colcon_pkg'
[0.361s] Level 1:colcon.colcon_core.package_identification:_identify(venv/lib/python3.12/site-packages/pip/_internal/operations/build) by extensions ['colcon_meta']
[0.362s] Level 1:colcon.colcon_core.package_identification:_identify(venv/lib/python3.12/site-packages/pip/_internal/operations/build) by extension 'colcon_meta'
[0.362s] Level 1:colcon.colcon_core.package_identification:_identify(venv/lib/python3.12/site-packages/pip/_internal/operations/build) by extensions ['ros']
[0.362s] Level 1:colcon.colcon_core.package_identification:_identify(venv/lib/python3.12/site-packages/pip/_internal/operations/build) by extension 'ros'
[0.362s] Level 1:colcon.colcon_core.package_identification:_identify(venv/lib/python3.12/site-packages/pip/_internal/operations/build) by extensions ['cmake', 'python']
[0.362s] Level 1:colcon.colcon_core.package_identification:_identify(venv/lib/python3.12/site-packages/pip/_internal/operations/build) by extension 'cmake'
[0.362s] Level 1:colcon.colcon_core.package_identification:_identify(venv/lib/python3.12/site-packages/pip/_internal/operations/build) by extension 'python'
[0.362s] Level 1:colcon.colcon_core.package_identification:_identify(venv/lib/python3.12/site-packages/pip/_internal/operations/build) by extensions ['python_setup_py']
[0.362s] Level 1:colcon.colcon_core.package_identification:_identify(venv/lib/python3.12/site-packages/pip/_internal/operations/build) by extension 'python_setup_py'
[0.362s] Level 1:colcon.colcon_core.package_identification:_identify(venv/lib/python3.12/site-packages/pip/_internal/operations/build/__pycache__) by extensions ['ignore', 'ignore_ament_install']
[0.363s] Level 1:colcon.colcon_core.package_identification:_identify(venv/lib/python3.12/site-packages/pip/_internal/operations/build/__pycache__) by extension 'ignore'
[0.363s] Level 1:colcon.colcon_core.package_identification:_identify(venv/lib/python3.12/site-packages/pip/_internal/operations/build/__pycache__) by extension 'ignore_ament_install'
[0.363s] Level 1:colcon.colcon_core.package_identification:_identify(venv/lib/python3.12/site-packages/pip/_internal/operations/build/__pycache__) by extensions ['colcon_pkg']
[0.363s] Level 1:colcon.colcon_core.package_identification:_identify(venv/lib/python3.12/site-packages/pip/_internal/operations/build/__pycache__) by extension 'colcon_pkg'
[0.363s] Level 1:colcon.colcon_core.package_identification:_identify(venv/lib/python3.12/site-packages/pip/_internal/operations/build/__pycache__) by extensions ['colcon_meta']
[0.363s] Level 1:colcon.colcon_core.package_identification:_identify(venv/lib/python3.12/site-packages/pip/_internal/operations/build/__pycache__) by extension 'colcon_meta'
[0.363s] Level 1:colcon.colcon_core.package_identification:_identify(venv/lib/python3.12/site-packages/pip/_internal/operations/build/__pycache__) by extensions ['ros']
[0.363s] Level 1:colcon.colcon_core.package_identification:_identify(venv/lib/python3.12/site-packages/pip/_internal/operations/build/__pycache__) by extension 'ros'
[0.363s] Level 1:colcon.colcon_core.package_identification:_identify(venv/lib/python3.12/site-packages/pip/_internal/operations/build/__pycache__) by extensions ['cmake', 'python']
[0.363s] Level 1:colcon.colcon_core.package_identification:_identify(venv/lib/python3.12/site-packages/pip/_internal/operations/build/__pycache__) by extension 'cmake'
[0.363s] Level 1:colcon.colcon_core.package_identification:_identify(venv/lib/python3.12/site-packages/pip/_internal/operations/build/__pycache__) by extension 'python'
[0.363s] Level 1:colcon.colcon_core.package_identification:_identify(venv/lib/python3.12/site-packages/pip/_internal/operations/build/__pycache__) by extensions ['python_setup_py']
[0.363s] Level 1:colcon.colcon_core.package_identification:_identify(venv/lib/python3.12/site-packages/pip/_internal/operations/build/__pycache__) by extension 'python_setup_py'
[0.364s] Level 1:colcon.colcon_core.package_identification:_identify(venv/lib/python3.12/site-packages/pip/_internal/operations/install) by extensions ['ignore', 'ignore_ament_install']
[0.364s] Level 1:colcon.colcon_core.package_identification:_identify(venv/lib/python3.12/site-packages/pip/_internal/operations/install) by extension 'ignore'
[0.364s] Level 1:colcon.colcon_core.package_identification:_identify(venv/lib/python3.12/site-packages/pip/_internal/operations/install) by extension 'ignore_ament_install'
[0.364s] Level 1:colcon.colcon_core.package_identification:_identify(venv/lib/python3.12/site-packages/pip/_internal/operations/install) by extensions ['colcon_pkg']
[0.364s] Level 1:colcon.colcon_core.package_identification:_identify(venv/lib/python3.12/site-packages/pip/_internal/operations/install) by extension 'colcon_pkg'
[0.364s] Level 1:colcon.colcon_core.package_identification:_identify(venv/lib/python3.12/site-packages/pip/_internal/operations/install) by extensions ['colcon_meta']
[0.364s] Level 1:colcon.colcon_core.package_identification:_identify(venv/lib/python3.12/site-packages/pip/_internal/operations/install) by extension 'colcon_meta'
[0.364s] Level 1:colcon.colcon_core.package_identification:_identify(venv/lib/python3.12/site-packages/pip/_internal/operations/install) by extensions ['ros']
[0.364s] Level 1:colcon.colcon_core.package_identification:_identify(venv/lib/python3.12/site-packages/pip/_internal/operations/install) by extension 'ros'
[0.364s] Level 1:colcon.colcon_core.package_identification:_identify(venv/lib/python3.12/site-packages/pip/_internal/operations/install) by extensions ['cmake', 'python']
[0.365s] Level 1:colcon.colcon_core.package_identification:_identify(venv/lib/python3.12/site-packages/pip/_internal/operations/install) by extension 'cmake'
[0.365s] Level 1:colcon.colcon_core.package_identification:_identify(venv/lib/python3.12/site-packages/pip/_internal/operations/install) by extension 'python'
[0.365s] Level 1:colcon.colcon_core.package_identification:_identify(venv/lib/python3.12/site-packages/pip/_internal/operations/install) by extensions ['python_setup_py']
[0.365s] Level 1:colcon.colcon_core.package_identification:_identify(venv/lib/python3.12/site-packages/pip/_internal/operations/install) by extension 'python_setup_py'
[0.365s] Level 1:colcon.colcon_core.package_identification:_identify(venv/lib/python3.12/site-packages/pip/_internal/operations/install/__pycache__) by extensions ['ignore', 'ignore_ament_install']
[0.365s] Level 1:colcon.colcon_core.package_identification:_identify(venv/lib/python3.12/site-packages/pip/_internal/operations/install/__pycache__) by extension 'ignore'
[0.365s] Level 1:colcon.colcon_core.package_identification:_identify(venv/lib/python3.12/site-packages/pip/_internal/operations/install/__pycache__) by extension 'ignore_ament_install'
[0.365s] Level 1:colcon.colcon_core.package_identification:_identify(venv/lib/python3.12/site-packages/pip/_internal/operations/install/__pycache__) by extensions ['colcon_pkg']
[0.366s] Level 1:colcon.colcon_core.package_identification:_identify(venv/lib/python3.12/site-packages/pip/_internal/operations/install/__pycache__) by extension 'colcon_pkg'
[0.366s] Level 1:colcon.colcon_core.package_identification:_identify(venv/lib/python3.12/site-packages/pip/_internal/operations/install/__pycache__) by extensions ['colcon_meta']
[0.366s] Level 1:colcon.colcon_core.package_identification:_identify(venv/lib/python3.12/site-packages/pip/_internal/operations/install/__pycache__) by extension 'colcon_meta'
[0.366s] Level 1:colcon.colcon_core.package_identification:_identify(venv/lib/python3.12/site-packages/pip/_internal/operations/install/__pycache__) by extensions ['ros']
[0.366s] Level 1:colcon.colcon_core.package_identification:_identify(venv/lib/python3.12/site-packages/pip/_internal/operations/install/__pycache__) by extension 'ros'
[0.366s] Level 1:colcon.colcon_core.package_identification:_identify(venv/lib/python3.12/site-packages/pip/_internal/operations/install/__pycache__) by extensions ['cmake', 'python']
[0.366s] Level 1:colcon.colcon_core.package_identification:_identify(venv/lib/python3.12/site-packages/pip/_internal/operations/install/__pycache__) by extension 'cmake'
[0.366s] Level 1:colcon.colcon_core.package_identification:_identify(venv/lib/python3.12/site-packages/pip/_internal/operations/install/__pycache__) by extension 'python'
[0.366s] Level 1:colcon.colcon_core.package_identification:_identify(venv/lib/python3.12/site-packages/pip/_internal/operations/install/__pycache__) by extensions ['python_setup_py']
[0.366s] Level 1:colcon.colcon_core.package_identification:_identify(venv/lib/python3.12/site-packages/pip/_internal/operations/install/__pycache__) by extension 'python_setup_py'
[0.367s] Level 1:colcon.colcon_core.package_identification:_identify(venv/lib/python3.12/site-packages/pip/_internal/req) by extensions ['ignore', 'ignore_ament_install']
[0.367s] Level 1:colcon.colcon_core.package_identification:_identify(venv/lib/python3.12/site-packages/pip/_internal/req) by extension 'ignore'
[0.367s] Level 1:colcon.colcon_core.package_identification:_identify(venv/lib/python3.12/site-packages/pip/_internal/req) by extension 'ignore_ament_install'
[0.367s] Level 1:colcon.colcon_core.package_identification:_identify(venv/lib/python3.12/site-packages/pip/_internal/req) by extensions ['colcon_pkg']
[0.367s] Level 1:colcon.colcon_core.package_identification:_identify(venv/lib/python3.12/site-packages/pip/_internal/req) by extension 'colcon_pkg'
[0.367s] Level 1:colcon.colcon_core.package_identification:_identify(venv/lib/python3.12/site-packages/pip/_internal/req) by extensions ['colcon_meta']
[0.367s] Level 1:colcon.colcon_core.package_identification:_identify(venv/lib/python3.12/site-packages/pip/_internal/req) by extension 'colcon_meta'
[0.367s] Level 1:colcon.colcon_core.package_identification:_identify(venv/lib/python3.12/site-packages/pip/_internal/req) by extensions ['ros']
[0.367s] Level 1:colcon.colcon_core.package_identification:_identify(venv/lib/python3.12/site-packages/pip/_internal/req) by extension 'ros'
[0.367s] Level 1:colcon.colcon_core.package_identification:_identify(venv/lib/python3.12/site-packages/pip/_internal/req) by extensions ['cmake', 'python']
[0.367s] Level 1:colcon.colcon_core.package_identification:_identify(venv/lib/python3.12/site-packages/pip/_internal/req) by extension 'cmake'
[0.367s] Level 1:colcon.colcon_core.package_identification:_identify(venv/lib/python3.12/site-packages/pip/_internal/req) by extension 'python'
[0.367s] Level 1:colcon.colcon_core.package_identification:_identify(venv/lib/python3.12/site-packages/pip/_internal/req) by extensions ['python_setup_py']
[0.367s] Level 1:colcon.colcon_core.package_identification:_identify(venv/lib/python3.12/site-packages/pip/_internal/req) by extension 'python_setup_py'
[0.368s] Level 1:colcon.colcon_core.package_identification:_identify(venv/lib/python3.12/site-packages/pip/_internal/req/__pycache__) by extensions ['ignore', 'ignore_ament_install']
[0.368s] Level 1:colcon.colcon_core.package_identification:_identify(venv/lib/python3.12/site-packages/pip/_internal/req/__pycache__) by extension 'ignore'
[0.368s] Level 1:colcon.colcon_core.package_identification:_identify(venv/lib/python3.12/site-packages/pip/_internal/req/__pycache__) by extension 'ignore_ament_install'
[0.368s] Level 1:colcon.colcon_core.package_identification:_identify(venv/lib/python3.12/site-packages/pip/_internal/req/__pycache__) by extensions ['colcon_pkg']
[0.368s] Level 1:colcon.colcon_core.package_identification:_identify(venv/lib/python3.12/site-packages/pip/_internal/req/__pycache__) by extension 'colcon_pkg'
[0.368s] Level 1:colcon.colcon_core.package_identification:_identify(venv/lib/python3.12/site-packages/pip/_internal/req/__pycache__) by extensions ['colcon_meta']
[0.368s] Level 1:colcon.colcon_core.package_identification:_identify(venv/lib/python3.12/site-packages/pip/_internal/req/__pycache__) by extension 'colcon_meta'
[0.368s] Level 1:colcon.colcon_core.package_identification:_identify(venv/lib/python3.12/site-packages/pip/_internal/req/__pycache__) by extensions ['ros']
[0.368s] Level 1:colcon.colcon_core.package_identification:_identify(venv/lib/python3.12/site-packages/pip/_internal/req/__pycache__) by extension 'ros'
[0.369s] Level 1:colcon.colcon_core.package_identification:_identify(venv/lib/python3.12/site-packages/pip/_internal/req/__pycache__) by extensions ['cmake', 'python']
[0.369s] Level 1:colcon.colcon_core.package_identification:_identify(venv/lib/python3.12/site-packages/pip/_internal/req/__pycache__) by extension 'cmake'
[0.369s] Level 1:colcon.colcon_core.package_identification:_identify(venv/lib/python3.12/site-packages/pip/_internal/req/__pycache__) by extension 'python'
[0.369s] Level 1:colcon.colcon_core.package_identification:_identify(venv/lib/python3.12/site-packages/pip/_internal/req/__pycache__) by extensions ['python_setup_py']
[0.369s] Level 1:colcon.colcon_core.package_identification:_identify(venv/lib/python3.12/site-packages/pip/_internal/req/__pycache__) by extension 'python_setup_py'
[0.369s] Level 1:colcon.colcon_core.package_identification:_identify(venv/lib/python3.12/site-packages/pip/_internal/resolution) by extensions ['ignore', 'ignore_ament_install']
[0.369s] Level 1:colcon.colcon_core.package_identification:_identify(venv/lib/python3.12/site-packages/pip/_internal/resolution) by extension 'ignore'
[0.369s] Level 1:colcon.colcon_core.package_identification:_identify(venv/lib/python3.12/site-packages/pip/_internal/resolution) by extension 'ignore_ament_install'
[0.370s] Level 1:colcon.colcon_core.package_identification:_identify(venv/lib/python3.12/site-packages/pip/_internal/resolution) by extensions ['colcon_pkg']
[0.370s] Level 1:colcon.colcon_core.package_identification:_identify(venv/lib/python3.12/site-packages/pip/_internal/resolution) by extension 'colcon_pkg'
[0.370s] Level 1:colcon.colcon_core.package_identification:_identify(venv/lib/python3.12/site-packages/pip/_internal/resolution) by extensions ['colcon_meta']
[0.370s] Level 1:colcon.colcon_core.package_identification:_identify(venv/lib/python3.12/site-packages/pip/_internal/resolution) by extension 'colcon_meta'
[0.370s] Level 1:colcon.colcon_core.package_identification:_identify(venv/lib/python3.12/site-packages/pip/_internal/resolution) by extensions ['ros']
[0.370s] Level 1:colcon.colcon_core.package_identification:_identify(venv/lib/python3.12/site-packages/pip/_internal/resolution) by extension 'ros'
[0.370s] Level 1:colcon.colcon_core.package_identification:_identify(venv/lib/python3.12/site-packages/pip/_internal/resolution) by extensions ['cmake', 'python']
[0.370s] Level 1:colcon.colcon_core.package_identification:_identify(venv/lib/python3.12/site-packages/pip/_internal/resolution) by extension 'cmake'
[0.370s] Level 1:colcon.colcon_core.package_identification:_identify(venv/lib/python3.12/site-packages/pip/_internal/resolution) by extension 'python'
[0.370s] Level 1:colcon.colcon_core.package_identification:_identify(venv/lib/python3.12/site-packages/pip/_internal/resolution) by extensions ['python_setup_py']
[0.370s] Level 1:colcon.colcon_core.package_identification:_identify(venv/lib/python3.12/site-packages/pip/_internal/resolution) by extension 'python_setup_py'
[0.371s] Level 1:colcon.colcon_core.package_identification:_identify(venv/lib/python3.12/site-packages/pip/_internal/resolution/__pycache__) by extensions ['ignore', 'ignore_ament_install']
[0.371s] Level 1:colcon.colcon_core.package_identification:_identify(venv/lib/python3.12/site-packages/pip/_internal/resolution/__pycache__) by extension 'ignore'
[0.371s] Level 1:colcon.colcon_core.package_identification:_identify(venv/lib/python3.12/site-packages/pip/_internal/resolution/__pycache__) by extension 'ignore_ament_install'
[0.371s] Level 1:colcon.colcon_core.package_identification:_identify(venv/lib/python3.12/site-packages/pip/_internal/resolution/__pycache__) by extensions ['colcon_pkg']
[0.371s] Level 1:colcon.colcon_core.package_identification:_identify(venv/lib/python3.12/site-packages/pip/_internal/resolution/__pycache__) by extension 'colcon_pkg'
[0.371s] Level 1:colcon.colcon_core.package_identification:_identify(venv/lib/python3.12/site-packages/pip/_internal/resolution/__pycache__) by extensions ['colcon_meta']
[0.371s] Level 1:colcon.colcon_core.package_identification:_identify(venv/lib/python3.12/site-packages/pip/_internal/resolution/__pycache__) by extension 'colcon_meta'
[0.371s] Level 1:colcon.colcon_core.package_identification:_identify(venv/lib/python3.12/site-packages/pip/_internal/resolution/__pycache__) by extensions ['ros']
[0.371s] Level 1:colcon.colcon_core.package_identification:_identify(venv/lib/python3.12/site-packages/pip/_internal/resolution/__pycache__) by extension 'ros'
[0.371s] Level 1:colcon.colcon_core.package_identification:_identify(venv/lib/python3.12/site-packages/pip/_internal/resolution/__pycache__) by extensions ['cmake', 'python']
[0.371s] Level 1:colcon.colcon_core.package_identification:_identify(venv/lib/python3.12/site-packages/pip/_internal/resolution/__pycache__) by extension 'cmake'
[0.371s] Level 1:colcon.colcon_core.package_identification:_identify(venv/lib/python3.12/site-packages/pip/_internal/resolution/__pycache__) by extension 'python'
[0.371s] Level 1:colcon.colcon_core.package_identification:_identify(venv/lib/python3.12/site-packages/pip/_internal/resolution/__pycache__) by extensions ['python_setup_py']
[0.371s] Level 1:colcon.colcon_core.package_identification:_identify(venv/lib/python3.12/site-packages/pip/_internal/resolution/__pycache__) by extension 'python_setup_py'
[0.372s] Level 1:colcon.colcon_core.package_identification:_identify(venv/lib/python3.12/site-packages/pip/_internal/resolution/legacy) by extensions ['ignore', 'ignore_ament_install']
[0.372s] Level 1:colcon.colcon_core.package_identification:_identify(venv/lib/python3.12/site-packages/pip/_internal/resolution/legacy) by extension 'ignore'
[0.372s] Level 1:colcon.colcon_core.package_identification:_identify(venv/lib/python3.12/site-packages/pip/_internal/resolution/legacy) by extension 'ignore_ament_install'
[0.372s] Level 1:colcon.colcon_core.package_identification:_identify(venv/lib/python3.12/site-packages/pip/_internal/resolution/legacy) by extensions ['colcon_pkg']
[0.372s] Level 1:colcon.colcon_core.package_identification:_identify(venv/lib/python3.12/site-packages/pip/_internal/resolution/legacy) by extension 'colcon_pkg'
[0.372s] Level 1:colcon.colcon_core.package_identification:_identify(venv/lib/python3.12/site-packages/pip/_internal/resolution/legacy) by extensions ['colcon_meta']
[0.372s] Level 1:colcon.colcon_core.package_identification:_identify(venv/lib/python3.12/site-packages/pip/_internal/resolution/legacy) by extension 'colcon_meta'
[0.372s] Level 1:colcon.colcon_core.package_identification:_identify(venv/lib/python3.12/site-packages/pip/_internal/resolution/legacy) by extensions ['ros']
[0.372s] Level 1:colcon.colcon_core.package_identification:_identify(venv/lib/python3.12/site-packages/pip/_internal/resolution/legacy) by extension 'ros'
[0.373s] Level 1:colcon.colcon_core.package_identification:_identify(venv/lib/python3.12/site-packages/pip/_internal/resolution/legacy) by extensions ['cmake', 'python']
[0.373s] Level 1:colcon.colcon_core.package_identification:_identify(venv/lib/python3.12/site-packages/pip/_internal/resolution/legacy) by extension 'cmake'
[0.373s] Level 1:colcon.colcon_core.package_identification:_identify(venv/lib/python3.12/site-packages/pip/_internal/resolution/legacy) by extension 'python'
[0.373s] Level 1:colcon.colcon_core.package_identification:_identify(venv/lib/python3.12/site-packages/pip/_internal/resolution/legacy) by extensions ['python_setup_py']
[0.373s] Level 1:colcon.colcon_core.package_identification:_identify(venv/lib/python3.12/site-packages/pip/_internal/resolution/legacy) by extension 'python_setup_py'
[0.373s] Level 1:colcon.colcon_core.package_identification:_identify(venv/lib/python3.12/site-packages/pip/_internal/resolution/legacy/__pycache__) by extensions ['ignore', 'ignore_ament_install']
[0.373s] Level 1:colcon.colcon_core.package_identification:_identify(venv/lib/python3.12/site-packages/pip/_internal/resolution/legacy/__pycache__) by extension 'ignore'
[0.373s] Level 1:colcon.colcon_core.package_identification:_identify(venv/lib/python3.12/site-packages/pip/_internal/resolution/legacy/__pycache__) by extension 'ignore_ament_install'
[0.373s] Level 1:colcon.colcon_core.package_identification:_identify(venv/lib/python3.12/site-packages/pip/_internal/resolution/legacy/__pycache__) by extensions ['colcon_pkg']
[0.374s] Level 1:colcon.colcon_core.package_identification:_identify(venv/lib/python3.12/site-packages/pip/_internal/resolution/legacy/__pycache__) by extension 'colcon_pkg'
[0.374s] Level 1:colcon.colcon_core.package_identification:_identify(venv/lib/python3.12/site-packages/pip/_internal/resolution/legacy/__pycache__) by extensions ['colcon_meta']
[0.374s] Level 1:colcon.colcon_core.package_identification:_identify(venv/lib/python3.12/site-packages/pip/_internal/resolution/legacy/__pycache__) by extension 'colcon_meta'
[0.374s] Level 1:colcon.colcon_core.package_identification:_identify(venv/lib/python3.12/site-packages/pip/_internal/resolution/legacy/__pycache__) by extensions ['ros']
[0.374s] Level 1:colcon.colcon_core.package_identification:_identify(venv/lib/python3.12/site-packages/pip/_internal/resolution/legacy/__pycache__) by extension 'ros'
[0.374s] Level 1:colcon.colcon_core.package_identification:_identify(venv/lib/python3.12/site-packages/pip/_internal/resolution/legacy/__pycache__) by extensions ['cmake', 'python']
[0.374s] Level 1:colcon.colcon_core.package_identification:_identify(venv/lib/python3.12/site-packages/pip/_internal/resolution/legacy/__pycache__) by extension 'cmake'
[0.374s] Level 1:colcon.colcon_core.package_identification:_identify(venv/lib/python3.12/site-packages/pip/_internal/resolution/legacy/__pycache__) by extension 'python'
[0.374s] Level 1:colcon.colcon_core.package_identification:_identify(venv/lib/python3.12/site-packages/pip/_internal/resolution/legacy/__pycache__) by extensions ['python_setup_py']
[0.374s] Level 1:colcon.colcon_core.package_identification:_identify(venv/lib/python3.12/site-packages/pip/_internal/resolution/legacy/__pycache__) by extension 'python_setup_py'
[0.375s] Level 1:colcon.colcon_core.package_identification:_identify(venv/lib/python3.12/site-packages/pip/_internal/resolution/resolvelib) by extensions ['ignore', 'ignore_ament_install']
[0.375s] Level 1:colcon.colcon_core.package_identification:_identify(venv/lib/python3.12/site-packages/pip/_internal/resolution/resolvelib) by extension 'ignore'
[0.375s] Level 1:colcon.colcon_core.package_identification:_identify(venv/lib/python3.12/site-packages/pip/_internal/resolution/resolvelib) by extension 'ignore_ament_install'
[0.375s] Level 1:colcon.colcon_core.package_identification:_identify(venv/lib/python3.12/site-packages/pip/_internal/resolution/resolvelib) by extensions ['colcon_pkg']
[0.375s] Level 1:colcon.colcon_core.package_identification:_identify(venv/lib/python3.12/site-packages/pip/_internal/resolution/resolvelib) by extension 'colcon_pkg'
[0.375s] Level 1:colcon.colcon_core.package_identification:_identify(venv/lib/python3.12/site-packages/pip/_internal/resolution/resolvelib) by extensions ['colcon_meta']
[0.375s] Level 1:colcon.colcon_core.package_identification:_identify(venv/lib/python3.12/site-packages/pip/_internal/resolution/resolvelib) by extension 'colcon_meta'
[0.375s] Level 1:colcon.colcon_core.package_identification:_identify(venv/lib/python3.12/site-packages/pip/_internal/resolution/resolvelib) by extensions ['ros']
[0.375s] Level 1:colcon.colcon_core.package_identification:_identify(venv/lib/python3.12/site-packages/pip/_internal/resolution/resolvelib) by extension 'ros'
[0.375s] Level 1:colcon.colcon_core.package_identification:_identify(venv/lib/python3.12/site-packages/pip/_internal/resolution/resolvelib) by extensions ['cmake', 'python']
[0.375s] Level 1:colcon.colcon_core.package_identification:_identify(venv/lib/python3.12/site-packages/pip/_internal/resolution/resolvelib) by extension 'cmake'
[0.375s] Level 1:colcon.colcon_core.package_identification:_identify(venv/lib/python3.12/site-packages/pip/_internal/resolution/resolvelib) by extension 'python'
[0.375s] Level 1:colcon.colcon_core.package_identification:_identify(venv/lib/python3.12/site-packages/pip/_internal/resolution/resolvelib) by extensions ['python_setup_py']
[0.375s] Level 1:colcon.colcon_core.package_identification:_identify(venv/lib/python3.12/site-packages/pip/_internal/resolution/resolvelib) by extension 'python_setup_py'
[0.376s] Level 1:colcon.colcon_core.package_identification:_identify(venv/lib/python3.12/site-packages/pip/_internal/resolution/resolvelib/__pycache__) by extensions ['ignore', 'ignore_ament_install']
[0.376s] Level 1:colcon.colcon_core.package_identification:_identify(venv/lib/python3.12/site-packages/pip/_internal/resolution/resolvelib/__pycache__) by extension 'ignore'
[0.376s] Level 1:colcon.colcon_core.package_identification:_identify(venv/lib/python3.12/site-packages/pip/_internal/resolution/resolvelib/__pycache__) by extension 'ignore_ament_install'
[0.376s] Level 1:colcon.colcon_core.package_identification:_identify(venv/lib/python3.12/site-packages/pip/_internal/resolution/resolvelib/__pycache__) by extensions ['colcon_pkg']
[0.376s] Level 1:colcon.colcon_core.package_identification:_identify(venv/lib/python3.12/site-packages/pip/_internal/resolution/resolvelib/__pycache__) by extension 'colcon_pkg'
[0.376s] Level 1:colcon.colcon_core.package_identification:_identify(venv/lib/python3.12/site-packages/pip/_internal/resolution/resolvelib/__pycache__) by extensions ['colcon_meta']
[0.376s] Level 1:colcon.colcon_core.package_identification:_identify(venv/lib/python3.12/site-packages/pip/_internal/resolution/resolvelib/__pycache__) by extension 'colcon_meta'
[0.376s] Level 1:colcon.colcon_core.package_identification:_identify(venv/lib/python3.12/site-packages/pip/_internal/resolution/resolvelib/__pycache__) by extensions ['ros']
[0.376s] Level 1:colcon.colcon_core.package_identification:_identify(venv/lib/python3.12/site-packages/pip/_internal/resolution/resolvelib/__pycache__) by extension 'ros'
[0.376s] Level 1:colcon.colcon_core.package_identification:_identify(venv/lib/python3.12/site-packages/pip/_internal/resolution/resolvelib/__pycache__) by extensions ['cmake', 'python']
[0.376s] Level 1:colcon.colcon_core.package_identification:_identify(venv/lib/python3.12/site-packages/pip/_internal/resolution/resolvelib/__pycache__) by extension 'cmake'
[0.377s] Level 1:colcon.colcon_core.package_identification:_identify(venv/lib/python3.12/site-packages/pip/_internal/resolution/resolvelib/__pycache__) by extension 'python'
[0.377s] Level 1:colcon.colcon_core.package_identification:_identify(venv/lib/python3.12/site-packages/pip/_internal/resolution/resolvelib/__pycache__) by extensions ['python_setup_py']
[0.377s] Level 1:colcon.colcon_core.package_identification:_identify(venv/lib/python3.12/site-packages/pip/_internal/resolution/resolvelib/__pycache__) by extension 'python_setup_py'
[0.377s] Level 1:colcon.colcon_core.package_identification:_identify(venv/lib/python3.12/site-packages/pip/_internal/utils) by extensions ['ignore', 'ignore_ament_install']
[0.377s] Level 1:colcon.colcon_core.package_identification:_identify(venv/lib/python3.12/site-packages/pip/_internal/utils) by extension 'ignore'
[0.377s] Level 1:colcon.colcon_core.package_identification:_identify(venv/lib/python3.12/site-packages/pip/_internal/utils) by extension 'ignore_ament_install'
[0.377s] Level 1:colcon.colcon_core.package_identification:_identify(venv/lib/python3.12/site-packages/pip/_internal/utils) by extensions ['colcon_pkg']
[0.378s] Level 1:colcon.colcon_core.package_identification:_identify(venv/lib/python3.12/site-packages/pip/_internal/utils) by extension 'colcon_pkg'
[0.378s] Level 1:colcon.colcon_core.package_identification:_identify(venv/lib/python3.12/site-packages/pip/_internal/utils) by extensions ['colcon_meta']
[0.378s] Level 1:colcon.colcon_core.package_identification:_identify(venv/lib/python3.12/site-packages/pip/_internal/utils) by extension 'colcon_meta'
[0.378s] Level 1:colcon.colcon_core.package_identification:_identify(venv/lib/python3.12/site-packages/pip/_internal/utils) by extensions ['ros']
[0.378s] Level 1:colcon.colcon_core.package_identification:_identify(venv/lib/python3.12/site-packages/pip/_internal/utils) by extension 'ros'
[0.378s] Level 1:colcon.colcon_core.package_identification:_identify(venv/lib/python3.12/site-packages/pip/_internal/utils) by extensions ['cmake', 'python']
[0.378s] Level 1:colcon.colcon_core.package_identification:_identify(venv/lib/python3.12/site-packages/pip/_internal/utils) by extension 'cmake'
[0.378s] Level 1:colcon.colcon_core.package_identification:_identify(venv/lib/python3.12/site-packages/pip/_internal/utils) by extension 'python'
[0.378s] Level 1:colcon.colcon_core.package_identification:_identify(venv/lib/python3.12/site-packages/pip/_internal/utils) by extensions ['python_setup_py']
[0.378s] Level 1:colcon.colcon_core.package_identification:_identify(venv/lib/python3.12/site-packages/pip/_internal/utils) by extension 'python_setup_py'
[0.379s] Level 1:colcon.colcon_core.package_identification:_identify(venv/lib/python3.12/site-packages/pip/_internal/utils/__pycache__) by extensions ['ignore', 'ignore_ament_install']
[0.379s] Level 1:colcon.colcon_core.package_identification:_identify(venv/lib/python3.12/site-packages/pip/_internal/utils/__pycache__) by extension 'ignore'
[0.379s] Level 1:colcon.colcon_core.package_identification:_identify(venv/lib/python3.12/site-packages/pip/_internal/utils/__pycache__) by extension 'ignore_ament_install'
[0.379s] Level 1:colcon.colcon_core.package_identification:_identify(venv/lib/python3.12/site-packages/pip/_internal/utils/__pycache__) by extensions ['colcon_pkg']
[0.379s] Level 1:colcon.colcon_core.package_identification:_identify(venv/lib/python3.12/site-packages/pip/_internal/utils/__pycache__) by extension 'colcon_pkg'
[0.379s] Level 1:colcon.colcon_core.package_identification:_identify(venv/lib/python3.12/site-packages/pip/_internal/utils/__pycache__) by extensions ['colcon_meta']
[0.379s] Level 1:colcon.colcon_core.package_identification:_identify(venv/lib/python3.12/site-packages/pip/_internal/utils/__pycache__) by extension 'colcon_meta'
[0.379s] Level 1:colcon.colcon_core.package_identification:_identify(venv/lib/python3.12/site-packages/pip/_internal/utils/__pycache__) by extensions ['ros']
[0.379s] Level 1:colcon.colcon_core.package_identification:_identify(venv/lib/python3.12/site-packages/pip/_internal/utils/__pycache__) by extension 'ros'
[0.379s] Level 1:colcon.colcon_core.package_identification:_identify(venv/lib/python3.12/site-packages/pip/_internal/utils/__pycache__) by extensions ['cmake', 'python']
[0.379s] Level 1:colcon.colcon_core.package_identification:_identify(venv/lib/python3.12/site-packages/pip/_internal/utils/__pycache__) by extension 'cmake'
[0.379s] Level 1:colcon.colcon_core.package_identification:_identify(venv/lib/python3.12/site-packages/pip/_internal/utils/__pycache__) by extension 'python'
[0.379s] Level 1:colcon.colcon_core.package_identification:_identify(venv/lib/python3.12/site-packages/pip/_internal/utils/__pycache__) by extensions ['python_setup_py']
[0.379s] Level 1:colcon.colcon_core.package_identification:_identify(venv/lib/python3.12/site-packages/pip/_internal/utils/__pycache__) by extension 'python_setup_py'
[0.380s] Level 1:colcon.colcon_core.package_identification:_identify(venv/lib/python3.12/site-packages/pip/_internal/vcs) by extensions ['ignore', 'ignore_ament_install']
[0.380s] Level 1:colcon.colcon_core.package_identification:_identify(venv/lib/python3.12/site-packages/pip/_internal/vcs) by extension 'ignore'
[0.380s] Level 1:colcon.colcon_core.package_identification:_identify(venv/lib/python3.12/site-packages/pip/_internal/vcs) by extension 'ignore_ament_install'
[0.380s] Level 1:colcon.colcon_core.package_identification:_identify(venv/lib/python3.12/site-packages/pip/_internal/vcs) by extensions ['colcon_pkg']
[0.380s] Level 1:colcon.colcon_core.package_identification:_identify(venv/lib/python3.12/site-packages/pip/_internal/vcs) by extension 'colcon_pkg'
[0.380s] Level 1:colcon.colcon_core.package_identification:_identify(venv/lib/python3.12/site-packages/pip/_internal/vcs) by extensions ['colcon_meta']
[0.380s] Level 1:colcon.colcon_core.package_identification:_identify(venv/lib/python3.12/site-packages/pip/_internal/vcs) by extension 'colcon_meta'
[0.380s] Level 1:colcon.colcon_core.package_identification:_identify(venv/lib/python3.12/site-packages/pip/_internal/vcs) by extensions ['ros']
[0.380s] Level 1:colcon.colcon_core.package_identification:_identify(venv/lib/python3.12/site-packages/pip/_internal/vcs) by extension 'ros'
[0.380s] Level 1:colcon.colcon_core.package_identification:_identify(venv/lib/python3.12/site-packages/pip/_internal/vcs) by extensions ['cmake', 'python']
[0.381s] Level 1:colcon.colcon_core.package_identification:_identify(venv/lib/python3.12/site-packages/pip/_internal/vcs) by extension 'cmake'
[0.381s] Level 1:colcon.colcon_core.package_identification:_identify(venv/lib/python3.12/site-packages/pip/_internal/vcs) by extension 'python'
[0.381s] Level 1:colcon.colcon_core.package_identification:_identify(venv/lib/python3.12/site-packages/pip/_internal/vcs) by extensions ['python_setup_py']
[0.381s] Level 1:colcon.colcon_core.package_identification:_identify(venv/lib/python3.12/site-packages/pip/_internal/vcs) by extension 'python_setup_py'
[0.381s] Level 1:colcon.colcon_core.package_identification:_identify(venv/lib/python3.12/site-packages/pip/_internal/vcs/__pycache__) by extensions ['ignore', 'ignore_ament_install']
[0.381s] Level 1:colcon.colcon_core.package_identification:_identify(venv/lib/python3.12/site-packages/pip/_internal/vcs/__pycache__) by extension 'ignore'
[0.381s] Level 1:colcon.colcon_core.package_identification:_identify(venv/lib/python3.12/site-packages/pip/_internal/vcs/__pycache__) by extension 'ignore_ament_install'
[0.381s] Level 1:colcon.colcon_core.package_identification:_identify(venv/lib/python3.12/site-packages/pip/_internal/vcs/__pycache__) by extensions ['colcon_pkg']
[0.382s] Level 1:colcon.colcon_core.package_identification:_identify(venv/lib/python3.12/site-packages/pip/_internal/vcs/__pycache__) by extension 'colcon_pkg'
[0.382s] Level 1:colcon.colcon_core.package_identification:_identify(venv/lib/python3.12/site-packages/pip/_internal/vcs/__pycache__) by extensions ['colcon_meta']
[0.382s] Level 1:colcon.colcon_core.package_identification:_identify(venv/lib/python3.12/site-packages/pip/_internal/vcs/__pycache__) by extension 'colcon_meta'
[0.382s] Level 1:colcon.colcon_core.package_identification:_identify(venv/lib/python3.12/site-packages/pip/_internal/vcs/__pycache__) by extensions ['ros']
[0.382s] Level 1:colcon.colcon_core.package_identification:_identify(venv/lib/python3.12/site-packages/pip/_internal/vcs/__pycache__) by extension 'ros'
[0.382s] Level 1:colcon.colcon_core.package_identification:_identify(venv/lib/python3.12/site-packages/pip/_internal/vcs/__pycache__) by extensions ['cmake', 'python']
[0.382s] Level 1:colcon.colcon_core.package_identification:_identify(venv/lib/python3.12/site-packages/pip/_internal/vcs/__pycache__) by extension 'cmake'
[0.382s] Level 1:colcon.colcon_core.package_identification:_identify(venv/lib/python3.12/site-packages/pip/_internal/vcs/__pycache__) by extension 'python'
[0.382s] Level 1:colcon.colcon_core.package_identification:_identify(venv/lib/python3.12/site-packages/pip/_internal/vcs/__pycache__) by extensions ['python_setup_py']
[0.382s] Level 1:colcon.colcon_core.package_identification:_identify(venv/lib/python3.12/site-packages/pip/_internal/vcs/__pycache__) by extension 'python_setup_py'
[0.383s] Level 1:colcon.colcon_core.package_identification:_identify(venv/lib/python3.12/site-packages/pip/_vendor) by extensions ['ignore', 'ignore_ament_install']
[0.383s] Level 1:colcon.colcon_core.package_identification:_identify(venv/lib/python3.12/site-packages/pip/_vendor) by extension 'ignore'
[0.383s] Level 1:colcon.colcon_core.package_identification:_identify(venv/lib/python3.12/site-packages/pip/_vendor) by extension 'ignore_ament_install'
[0.383s] Level 1:colcon.colcon_core.package_identification:_identify(venv/lib/python3.12/site-packages/pip/_vendor) by extensions ['colcon_pkg']
[0.383s] Level 1:colcon.colcon_core.package_identification:_identify(venv/lib/python3.12/site-packages/pip/_vendor) by extension 'colcon_pkg'
[0.383s] Level 1:colcon.colcon_core.package_identification:_identify(venv/lib/python3.12/site-packages/pip/_vendor) by extensions ['colcon_meta']
[0.383s] Level 1:colcon.colcon_core.package_identification:_identify(venv/lib/python3.12/site-packages/pip/_vendor) by extension 'colcon_meta'
[0.383s] Level 1:colcon.colcon_core.package_identification:_identify(venv/lib/python3.12/site-packages/pip/_vendor) by extensions ['ros']
[0.383s] Level 1:colcon.colcon_core.package_identification:_identify(venv/lib/python3.12/site-packages/pip/_vendor) by extension 'ros'
[0.383s] Level 1:colcon.colcon_core.package_identification:_identify(venv/lib/python3.12/site-packages/pip/_vendor) by extensions ['cmake', 'python']
[0.383s] Level 1:colcon.colcon_core.package_identification:_identify(venv/lib/python3.12/site-packages/pip/_vendor) by extension 'cmake'
[0.383s] Level 1:colcon.colcon_core.package_identification:_identify(venv/lib/python3.12/site-packages/pip/_vendor) by extension 'python'
[0.383s] Level 1:colcon.colcon_core.package_identification:_identify(venv/lib/python3.12/site-packages/pip/_vendor) by extensions ['python_setup_py']
[0.383s] Level 1:colcon.colcon_core.package_identification:_identify(venv/lib/python3.12/site-packages/pip/_vendor) by extension 'python_setup_py'
[0.384s] Level 1:colcon.colcon_core.package_identification:_identify(venv/lib/python3.12/site-packages/pip/_vendor/__pycache__) by extensions ['ignore', 'ignore_ament_install']
[0.384s] Level 1:colcon.colcon_core.package_identification:_identify(venv/lib/python3.12/site-packages/pip/_vendor/__pycache__) by extension 'ignore'
[0.384s] Level 1:colcon.colcon_core.package_identification:_identify(venv/lib/python3.12/site-packages/pip/_vendor/__pycache__) by extension 'ignore_ament_install'
[0.384s] Level 1:colcon.colcon_core.package_identification:_identify(venv/lib/python3.12/site-packages/pip/_vendor/__pycache__) by extensions ['colcon_pkg']
[0.384s] Level 1:colcon.colcon_core.package_identification:_identify(venv/lib/python3.12/site-packages/pip/_vendor/__pycache__) by extension 'colcon_pkg'
[0.384s] Level 1:colcon.colcon_core.package_identification:_identify(venv/lib/python3.12/site-packages/pip/_vendor/__pycache__) by extensions ['colcon_meta']
[0.384s] Level 1:colcon.colcon_core.package_identification:_identify(venv/lib/python3.12/site-packages/pip/_vendor/__pycache__) by extension 'colcon_meta'
[0.384s] Level 1:colcon.colcon_core.package_identification:_identify(venv/lib/python3.12/site-packages/pip/_vendor/__pycache__) by extensions ['ros']
[0.384s] Level 1:colcon.colcon_core.package_identification:_identify(venv/lib/python3.12/site-packages/pip/_vendor/__pycache__) by extension 'ros'
[0.385s] Level 1:colcon.colcon_core.package_identification:_identify(venv/lib/python3.12/site-packages/pip/_vendor/__pycache__) by extensions ['cmake', 'python']
[0.385s] Level 1:colcon.colcon_core.package_identification:_identify(venv/lib/python3.12/site-packages/pip/_vendor/__pycache__) by extension 'cmake'
[0.385s] Level 1:colcon.colcon_core.package_identification:_identify(venv/lib/python3.12/site-packages/pip/_vendor/__pycache__) by extension 'python'
[0.385s] Level 1:colcon.colcon_core.package_identification:_identify(venv/lib/python3.12/site-packages/pip/_vendor/__pycache__) by extensions ['python_setup_py']
[0.385s] Level 1:colcon.colcon_core.package_identification:_identify(venv/lib/python3.12/site-packages/pip/_vendor/__pycache__) by extension 'python_setup_py'
[0.385s] Level 1:colcon.colcon_core.package_identification:_identify(venv/lib/python3.12/site-packages/pip/_vendor/cachecontrol) by extensions ['ignore', 'ignore_ament_install']
[0.385s] Level 1:colcon.colcon_core.package_identification:_identify(venv/lib/python3.12/site-packages/pip/_vendor/cachecontrol) by extension 'ignore'
[0.385s] Level 1:colcon.colcon_core.package_identification:_identify(venv/lib/python3.12/site-packages/pip/_vendor/cachecontrol) by extension 'ignore_ament_install'
[0.385s] Level 1:colcon.colcon_core.package_identification:_identify(venv/lib/python3.12/site-packages/pip/_vendor/cachecontrol) by extensions ['colcon_pkg']
[0.386s] Level 1:colcon.colcon_core.package_identification:_identify(venv/lib/python3.12/site-packages/pip/_vendor/cachecontrol) by extension 'colcon_pkg'
[0.386s] Level 1:colcon.colcon_core.package_identification:_identify(venv/lib/python3.12/site-packages/pip/_vendor/cachecontrol) by extensions ['colcon_meta']
[0.386s] Level 1:colcon.colcon_core.package_identification:_identify(venv/lib/python3.12/site-packages/pip/_vendor/cachecontrol) by extension 'colcon_meta'
[0.386s] Level 1:colcon.colcon_core.package_identification:_identify(venv/lib/python3.12/site-packages/pip/_vendor/cachecontrol) by extensions ['ros']
[0.386s] Level 1:colcon.colcon_core.package_identification:_identify(venv/lib/python3.12/site-packages/pip/_vendor/cachecontrol) by extension 'ros'
[0.386s] Level 1:colcon.colcon_core.package_identification:_identify(venv/lib/python3.12/site-packages/pip/_vendor/cachecontrol) by extensions ['cmake', 'python']
[0.386s] Level 1:colcon.colcon_core.package_identification:_identify(venv/lib/python3.12/site-packages/pip/_vendor/cachecontrol) by extension 'cmake'
[0.386s] Level 1:colcon.colcon_core.package_identification:_identify(venv/lib/python3.12/site-packages/pip/_vendor/cachecontrol) by extension 'python'
[0.386s] Level 1:colcon.colcon_core.package_identification:_identify(venv/lib/python3.12/site-packages/pip/_vendor/cachecontrol) by extensions ['python_setup_py']
[0.386s] Level 1:colcon.colcon_core.package_identification:_identify(venv/lib/python3.12/site-packages/pip/_vendor/cachecontrol) by extension 'python_setup_py'
[0.387s] Level 1:colcon.colcon_core.package_identification:_identify(venv/lib/python3.12/site-packages/pip/_vendor/cachecontrol/__pycache__) by extensions ['ignore', 'ignore_ament_install']
[0.387s] Level 1:colcon.colcon_core.package_identification:_identify(venv/lib/python3.12/site-packages/pip/_vendor/cachecontrol/__pycache__) by extension 'ignore'
[0.387s] Level 1:colcon.colcon_core.package_identification:_identify(venv/lib/python3.12/site-packages/pip/_vendor/cachecontrol/__pycache__) by extension 'ignore_ament_install'
[0.387s] Level 1:colcon.colcon_core.package_identification:_identify(venv/lib/python3.12/site-packages/pip/_vendor/cachecontrol/__pycache__) by extensions ['colcon_pkg']
[0.387s] Level 1:colcon.colcon_core.package_identification:_identify(venv/lib/python3.12/site-packages/pip/_vendor/cachecontrol/__pycache__) by extension 'colcon_pkg'
[0.387s] Level 1:colcon.colcon_core.package_identification:_identify(venv/lib/python3.12/site-packages/pip/_vendor/cachecontrol/__pycache__) by extensions ['colcon_meta']
[0.387s] Level 1:colcon.colcon_core.package_identification:_identify(venv/lib/python3.12/site-packages/pip/_vendor/cachecontrol/__pycache__) by extension 'colcon_meta'
[0.387s] Level 1:colcon.colcon_core.package_identification:_identify(venv/lib/python3.12/site-packages/pip/_vendor/cachecontrol/__pycache__) by extensions ['ros']
[0.387s] Level 1:colcon.colcon_core.package_identification:_identify(venv/lib/python3.12/site-packages/pip/_vendor/cachecontrol/__pycache__) by extension 'ros'
[0.387s] Level 1:colcon.colcon_core.package_identification:_identify(venv/lib/python3.12/site-packages/pip/_vendor/cachecontrol/__pycache__) by extensions ['cmake', 'python']
[0.387s] Level 1:colcon.colcon_core.package_identification:_identify(venv/lib/python3.12/site-packages/pip/_vendor/cachecontrol/__pycache__) by extension 'cmake'
[0.387s] Level 1:colcon.colcon_core.package_identification:_identify(venv/lib/python3.12/site-packages/pip/_vendor/cachecontrol/__pycache__) by extension 'python'
[0.387s] Level 1:colcon.colcon_core.package_identification:_identify(venv/lib/python3.12/site-packages/pip/_vendor/cachecontrol/__pycache__) by extensions ['python_setup_py']
[0.387s] Level 1:colcon.colcon_core.package_identification:_identify(venv/lib/python3.12/site-packages/pip/_vendor/cachecontrol/__pycache__) by extension 'python_setup_py'
[0.388s] Level 1:colcon.colcon_core.package_identification:_identify(venv/lib/python3.12/site-packages/pip/_vendor/cachecontrol/caches) by extensions ['ignore', 'ignore_ament_install']
[0.388s] Level 1:colcon.colcon_core.package_identification:_identify(venv/lib/python3.12/site-packages/pip/_vendor/cachecontrol/caches) by extension 'ignore'
[0.388s] Level 1:colcon.colcon_core.package_identification:_identify(venv/lib/python3.12/site-packages/pip/_vendor/cachecontrol/caches) by extension 'ignore_ament_install'
[0.388s] Level 1:colcon.colcon_core.package_identification:_identify(venv/lib/python3.12/site-packages/pip/_vendor/cachecontrol/caches) by extensions ['colcon_pkg']
[0.388s] Level 1:colcon.colcon_core.package_identification:_identify(venv/lib/python3.12/site-packages/pip/_vendor/cachecontrol/caches) by extension 'colcon_pkg'
[0.388s] Level 1:colcon.colcon_core.package_identification:_identify(venv/lib/python3.12/site-packages/pip/_vendor/cachecontrol/caches) by extensions ['colcon_meta']
[0.388s] Level 1:colcon.colcon_core.package_identification:_identify(venv/lib/python3.12/site-packages/pip/_vendor/cachecontrol/caches) by extension 'colcon_meta'
[0.388s] Level 1:colcon.colcon_core.package_identification:_identify(venv/lib/python3.12/site-packages/pip/_vendor/cachecontrol/caches) by extensions ['ros']
[0.388s] Level 1:colcon.colcon_core.package_identification:_identify(venv/lib/python3.12/site-packages/pip/_vendor/cachecontrol/caches) by extension 'ros'
[0.389s] Level 1:colcon.colcon_core.package_identification:_identify(venv/lib/python3.12/site-packages/pip/_vendor/cachecontrol/caches) by extensions ['cmake', 'python']
[0.389s] Level 1:colcon.colcon_core.package_identification:_identify(venv/lib/python3.12/site-packages/pip/_vendor/cachecontrol/caches) by extension 'cmake'
[0.389s] Level 1:colcon.colcon_core.package_identification:_identify(venv/lib/python3.12/site-packages/pip/_vendor/cachecontrol/caches) by extension 'python'
[0.389s] Level 1:colcon.colcon_core.package_identification:_identify(venv/lib/python3.12/site-packages/pip/_vendor/cachecontrol/caches) by extensions ['python_setup_py']
[0.389s] Level 1:colcon.colcon_core.package_identification:_identify(venv/lib/python3.12/site-packages/pip/_vendor/cachecontrol/caches) by extension 'python_setup_py'
[0.389s] Level 1:colcon.colcon_core.package_identification:_identify(venv/lib/python3.12/site-packages/pip/_vendor/cachecontrol/caches/__pycache__) by extensions ['ignore', 'ignore_ament_install']
[0.389s] Level 1:colcon.colcon_core.package_identification:_identify(venv/lib/python3.12/site-packages/pip/_vendor/cachecontrol/caches/__pycache__) by extension 'ignore'
[0.389s] Level 1:colcon.colcon_core.package_identification:_identify(venv/lib/python3.12/site-packages/pip/_vendor/cachecontrol/caches/__pycache__) by extension 'ignore_ament_install'
[0.390s] Level 1:colcon.colcon_core.package_identification:_identify(venv/lib/python3.12/site-packages/pip/_vendor/cachecontrol/caches/__pycache__) by extensions ['colcon_pkg']
[0.390s] Level 1:colcon.colcon_core.package_identification:_identify(venv/lib/python3.12/site-packages/pip/_vendor/cachecontrol/caches/__pycache__) by extension 'colcon_pkg'
[0.390s] Level 1:colcon.colcon_core.package_identification:_identify(venv/lib/python3.12/site-packages/pip/_vendor/cachecontrol/caches/__pycache__) by extensions ['colcon_meta']
[0.390s] Level 1:colcon.colcon_core.package_identification:_identify(venv/lib/python3.12/site-packages/pip/_vendor/cachecontrol/caches/__pycache__) by extension 'colcon_meta'
[0.390s] Level 1:colcon.colcon_core.package_identification:_identify(venv/lib/python3.12/site-packages/pip/_vendor/cachecontrol/caches/__pycache__) by extensions ['ros']
[0.390s] Level 1:colcon.colcon_core.package_identification:_identify(venv/lib/python3.12/site-packages/pip/_vendor/cachecontrol/caches/__pycache__) by extension 'ros'
[0.390s] Level 1:colcon.colcon_core.package_identification:_identify(venv/lib/python3.12/site-packages/pip/_vendor/cachecontrol/caches/__pycache__) by extensions ['cmake', 'python']
[0.390s] Level 1:colcon.colcon_core.package_identification:_identify(venv/lib/python3.12/site-packages/pip/_vendor/cachecontrol/caches/__pycache__) by extension 'cmake'
[0.390s] Level 1:colcon.colcon_core.package_identification:_identify(venv/lib/python3.12/site-packages/pip/_vendor/cachecontrol/caches/__pycache__) by extension 'python'
[0.390s] Level 1:colcon.colcon_core.package_identification:_identify(venv/lib/python3.12/site-packages/pip/_vendor/cachecontrol/caches/__pycache__) by extensions ['python_setup_py']
[0.390s] Level 1:colcon.colcon_core.package_identification:_identify(venv/lib/python3.12/site-packages/pip/_vendor/cachecontrol/caches/__pycache__) by extension 'python_setup_py'
[0.391s] Level 1:colcon.colcon_core.package_identification:_identify(venv/lib/python3.12/site-packages/pip/_vendor/certifi) by extensions ['ignore', 'ignore_ament_install']
[0.391s] Level 1:colcon.colcon_core.package_identification:_identify(venv/lib/python3.12/site-packages/pip/_vendor/certifi) by extension 'ignore'
[0.391s] Level 1:colcon.colcon_core.package_identification:_identify(venv/lib/python3.12/site-packages/pip/_vendor/certifi) by extension 'ignore_ament_install'
[0.391s] Level 1:colcon.colcon_core.package_identification:_identify(venv/lib/python3.12/site-packages/pip/_vendor/certifi) by extensions ['colcon_pkg']
[0.391s] Level 1:colcon.colcon_core.package_identification:_identify(venv/lib/python3.12/site-packages/pip/_vendor/certifi) by extension 'colcon_pkg'
[0.391s] Level 1:colcon.colcon_core.package_identification:_identify(venv/lib/python3.12/site-packages/pip/_vendor/certifi) by extensions ['colcon_meta']
[0.391s] Level 1:colcon.colcon_core.package_identification:_identify(venv/lib/python3.12/site-packages/pip/_vendor/certifi) by extension 'colcon_meta'
[0.391s] Level 1:colcon.colcon_core.package_identification:_identify(venv/lib/python3.12/site-packages/pip/_vendor/certifi) by extensions ['ros']
[0.391s] Level 1:colcon.colcon_core.package_identification:_identify(venv/lib/python3.12/site-packages/pip/_vendor/certifi) by extension 'ros'
[0.391s] Level 1:colcon.colcon_core.package_identification:_identify(venv/lib/python3.12/site-packages/pip/_vendor/certifi) by extensions ['cmake', 'python']
[0.391s] Level 1:colcon.colcon_core.package_identification:_identify(venv/lib/python3.12/site-packages/pip/_vendor/certifi) by extension 'cmake'
[0.391s] Level 1:colcon.colcon_core.package_identification:_identify(venv/lib/python3.12/site-packages/pip/_vendor/certifi) by extension 'python'
[0.391s] Level 1:colcon.colcon_core.package_identification:_identify(venv/lib/python3.12/site-packages/pip/_vendor/certifi) by extensions ['python_setup_py']
[0.391s] Level 1:colcon.colcon_core.package_identification:_identify(venv/lib/python3.12/site-packages/pip/_vendor/certifi) by extension 'python_setup_py'
[0.392s] Level 1:colcon.colcon_core.package_identification:_identify(venv/lib/python3.12/site-packages/pip/_vendor/certifi/__pycache__) by extensions ['ignore', 'ignore_ament_install']
[0.392s] Level 1:colcon.colcon_core.package_identification:_identify(venv/lib/python3.12/site-packages/pip/_vendor/certifi/__pycache__) by extension 'ignore'
[0.392s] Level 1:colcon.colcon_core.package_identification:_identify(venv/lib/python3.12/site-packages/pip/_vendor/certifi/__pycache__) by extension 'ignore_ament_install'
[0.392s] Level 1:colcon.colcon_core.package_identification:_identify(venv/lib/python3.12/site-packages/pip/_vendor/certifi/__pycache__) by extensions ['colcon_pkg']
[0.392s] Level 1:colcon.colcon_core.package_identification:_identify(venv/lib/python3.12/site-packages/pip/_vendor/certifi/__pycache__) by extension 'colcon_pkg'
[0.392s] Level 1:colcon.colcon_core.package_identification:_identify(venv/lib/python3.12/site-packages/pip/_vendor/certifi/__pycache__) by extensions ['colcon_meta']
[0.392s] Level 1:colcon.colcon_core.package_identification:_identify(venv/lib/python3.12/site-packages/pip/_vendor/certifi/__pycache__) by extension 'colcon_meta'
[0.392s] Level 1:colcon.colcon_core.package_identification:_identify(venv/lib/python3.12/site-packages/pip/_vendor/certifi/__pycache__) by extensions ['ros']
[0.392s] Level 1:colcon.colcon_core.package_identification:_identify(venv/lib/python3.12/site-packages/pip/_vendor/certifi/__pycache__) by extension 'ros'
[0.393s] Level 1:colcon.colcon_core.package_identification:_identify(venv/lib/python3.12/site-packages/pip/_vendor/certifi/__pycache__) by extensions ['cmake', 'python']
[0.393s] Level 1:colcon.colcon_core.package_identification:_identify(venv/lib/python3.12/site-packages/pip/_vendor/certifi/__pycache__) by extension 'cmake'
[0.393s] Level 1:colcon.colcon_core.package_identification:_identify(venv/lib/python3.12/site-packages/pip/_vendor/certifi/__pycache__) by extension 'python'
[0.393s] Level 1:colcon.colcon_core.package_identification:_identify(venv/lib/python3.12/site-packages/pip/_vendor/certifi/__pycache__) by extensions ['python_setup_py']
[0.393s] Level 1:colcon.colcon_core.package_identification:_identify(venv/lib/python3.12/site-packages/pip/_vendor/certifi/__pycache__) by extension 'python_setup_py'
[0.393s] Level 1:colcon.colcon_core.package_identification:_identify(venv/lib/python3.12/site-packages/pip/_vendor/chardet) by extensions ['ignore', 'ignore_ament_install']
[0.393s] Level 1:colcon.colcon_core.package_identification:_identify(venv/lib/python3.12/site-packages/pip/_vendor/chardet) by extension 'ignore'
[0.393s] Level 1:colcon.colcon_core.package_identification:_identify(venv/lib/python3.12/site-packages/pip/_vendor/chardet) by extension 'ignore_ament_install'
[0.394s] Level 1:colcon.colcon_core.package_identification:_identify(venv/lib/python3.12/site-packages/pip/_vendor/chardet) by extensions ['colcon_pkg']
[0.394s] Level 1:colcon.colcon_core.package_identification:_identify(venv/lib/python3.12/site-packages/pip/_vendor/chardet) by extension 'colcon_pkg'
[0.394s] Level 1:colcon.colcon_core.package_identification:_identify(venv/lib/python3.12/site-packages/pip/_vendor/chardet) by extensions ['colcon_meta']
[0.394s] Level 1:colcon.colcon_core.package_identification:_identify(venv/lib/python3.12/site-packages/pip/_vendor/chardet) by extension 'colcon_meta'
[0.394s] Level 1:colcon.colcon_core.package_identification:_identify(venv/lib/python3.12/site-packages/pip/_vendor/chardet) by extensions ['ros']
[0.394s] Level 1:colcon.colcon_core.package_identification:_identify(venv/lib/python3.12/site-packages/pip/_vendor/chardet) by extension 'ros'
[0.394s] Level 1:colcon.colcon_core.package_identification:_identify(venv/lib/python3.12/site-packages/pip/_vendor/chardet) by extensions ['cmake', 'python']
[0.394s] Level 1:colcon.colcon_core.package_identification:_identify(venv/lib/python3.12/site-packages/pip/_vendor/chardet) by extension 'cmake'
[0.394s] Level 1:colcon.colcon_core.package_identification:_identify(venv/lib/python3.12/site-packages/pip/_vendor/chardet) by extension 'python'
[0.394s] Level 1:colcon.colcon_core.package_identification:_identify(venv/lib/python3.12/site-packages/pip/_vendor/chardet) by extensions ['python_setup_py']
[0.394s] Level 1:colcon.colcon_core.package_identification:_identify(venv/lib/python3.12/site-packages/pip/_vendor/chardet) by extension 'python_setup_py'
[0.395s] Level 1:colcon.colcon_core.package_identification:_identify(venv/lib/python3.12/site-packages/pip/_vendor/chardet/__pycache__) by extensions ['ignore', 'ignore_ament_install']
[0.395s] Level 1:colcon.colcon_core.package_identification:_identify(venv/lib/python3.12/site-packages/pip/_vendor/chardet/__pycache__) by extension 'ignore'
[0.395s] Level 1:colcon.colcon_core.package_identification:_identify(venv/lib/python3.12/site-packages/pip/_vendor/chardet/__pycache__) by extension 'ignore_ament_install'
[0.395s] Level 1:colcon.colcon_core.package_identification:_identify(venv/lib/python3.12/site-packages/pip/_vendor/chardet/__pycache__) by extensions ['colcon_pkg']
[0.395s] Level 1:colcon.colcon_core.package_identification:_identify(venv/lib/python3.12/site-packages/pip/_vendor/chardet/__pycache__) by extension 'colcon_pkg'
[0.395s] Level 1:colcon.colcon_core.package_identification:_identify(venv/lib/python3.12/site-packages/pip/_vendor/chardet/__pycache__) by extensions ['colcon_meta']
[0.395s] Level 1:colcon.colcon_core.package_identification:_identify(venv/lib/python3.12/site-packages/pip/_vendor/chardet/__pycache__) by extension 'colcon_meta'
[0.395s] Level 1:colcon.colcon_core.package_identification:_identify(venv/lib/python3.12/site-packages/pip/_vendor/chardet/__pycache__) by extensions ['ros']
[0.395s] Level 1:colcon.colcon_core.package_identification:_identify(venv/lib/python3.12/site-packages/pip/_vendor/chardet/__pycache__) by extension 'ros'
[0.395s] Level 1:colcon.colcon_core.package_identification:_identify(venv/lib/python3.12/site-packages/pip/_vendor/chardet/__pycache__) by extensions ['cmake', 'python']
[0.395s] Level 1:colcon.colcon_core.package_identification:_identify(venv/lib/python3.12/site-packages/pip/_vendor/chardet/__pycache__) by extension 'cmake'
[0.395s] Level 1:colcon.colcon_core.package_identification:_identify(venv/lib/python3.12/site-packages/pip/_vendor/chardet/__pycache__) by extension 'python'
[0.395s] Level 1:colcon.colcon_core.package_identification:_identify(venv/lib/python3.12/site-packages/pip/_vendor/chardet/__pycache__) by extensions ['python_setup_py']
[0.395s] Level 1:colcon.colcon_core.package_identification:_identify(venv/lib/python3.12/site-packages/pip/_vendor/chardet/__pycache__) by extension 'python_setup_py'
[0.396s] Level 1:colcon.colcon_core.package_identification:_identify(venv/lib/python3.12/site-packages/pip/_vendor/chardet/cli) by extensions ['ignore', 'ignore_ament_install']
[0.396s] Level 1:colcon.colcon_core.package_identification:_identify(venv/lib/python3.12/site-packages/pip/_vendor/chardet/cli) by extension 'ignore'
[0.396s] Level 1:colcon.colcon_core.package_identification:_identify(venv/lib/python3.12/site-packages/pip/_vendor/chardet/cli) by extension 'ignore_ament_install'
[0.396s] Level 1:colcon.colcon_core.package_identification:_identify(venv/lib/python3.12/site-packages/pip/_vendor/chardet/cli) by extensions ['colcon_pkg']
[0.396s] Level 1:colcon.colcon_core.package_identification:_identify(venv/lib/python3.12/site-packages/pip/_vendor/chardet/cli) by extension 'colcon_pkg'
[0.396s] Level 1:colcon.colcon_core.package_identification:_identify(venv/lib/python3.12/site-packages/pip/_vendor/chardet/cli) by extensions ['colcon_meta']
[0.396s] Level 1:colcon.colcon_core.package_identification:_identify(venv/lib/python3.12/site-packages/pip/_vendor/chardet/cli) by extension 'colcon_meta'
[0.396s] Level 1:colcon.colcon_core.package_identification:_identify(venv/lib/python3.12/site-packages/pip/_vendor/chardet/cli) by extensions ['ros']
[0.396s] Level 1:colcon.colcon_core.package_identification:_identify(venv/lib/python3.12/site-packages/pip/_vendor/chardet/cli) by extension 'ros'
[0.397s] Level 1:colcon.colcon_core.package_identification:_identify(venv/lib/python3.12/site-packages/pip/_vendor/chardet/cli) by extensions ['cmake', 'python']
[0.397s] Level 1:colcon.colcon_core.package_identification:_identify(venv/lib/python3.12/site-packages/pip/_vendor/chardet/cli) by extension 'cmake'
[0.397s] Level 1:colcon.colcon_core.package_identification:_identify(venv/lib/python3.12/site-packages/pip/_vendor/chardet/cli) by extension 'python'
[0.397s] Level 1:colcon.colcon_core.package_identification:_identify(venv/lib/python3.12/site-packages/pip/_vendor/chardet/cli) by extensions ['python_setup_py']
[0.397s] Level 1:colcon.colcon_core.package_identification:_identify(venv/lib/python3.12/site-packages/pip/_vendor/chardet/cli) by extension 'python_setup_py'
[0.397s] Level 1:colcon.colcon_core.package_identification:_identify(venv/lib/python3.12/site-packages/pip/_vendor/chardet/cli/__pycache__) by extensions ['ignore', 'ignore_ament_install']
[0.397s] Level 1:colcon.colcon_core.package_identification:_identify(venv/lib/python3.12/site-packages/pip/_vendor/chardet/cli/__pycache__) by extension 'ignore'
[0.397s] Level 1:colcon.colcon_core.package_identification:_identify(venv/lib/python3.12/site-packages/pip/_vendor/chardet/cli/__pycache__) by extension 'ignore_ament_install'
[0.398s] Level 1:colcon.colcon_core.package_identification:_identify(venv/lib/python3.12/site-packages/pip/_vendor/chardet/cli/__pycache__) by extensions ['colcon_pkg']
[0.398s] Level 1:colcon.colcon_core.package_identification:_identify(venv/lib/python3.12/site-packages/pip/_vendor/chardet/cli/__pycache__) by extension 'colcon_pkg'
[0.398s] Level 1:colcon.colcon_core.package_identification:_identify(venv/lib/python3.12/site-packages/pip/_vendor/chardet/cli/__pycache__) by extensions ['colcon_meta']
[0.398s] Level 1:colcon.colcon_core.package_identification:_identify(venv/lib/python3.12/site-packages/pip/_vendor/chardet/cli/__pycache__) by extension 'colcon_meta'
[0.398s] Level 1:colcon.colcon_core.package_identification:_identify(venv/lib/python3.12/site-packages/pip/_vendor/chardet/cli/__pycache__) by extensions ['ros']
[0.398s] Level 1:colcon.colcon_core.package_identification:_identify(venv/lib/python3.12/site-packages/pip/_vendor/chardet/cli/__pycache__) by extension 'ros'
[0.398s] Level 1:colcon.colcon_core.package_identification:_identify(venv/lib/python3.12/site-packages/pip/_vendor/chardet/cli/__pycache__) by extensions ['cmake', 'python']
[0.398s] Level 1:colcon.colcon_core.package_identification:_identify(venv/lib/python3.12/site-packages/pip/_vendor/chardet/cli/__pycache__) by extension 'cmake'
[0.398s] Level 1:colcon.colcon_core.package_identification:_identify(venv/lib/python3.12/site-packages/pip/_vendor/chardet/cli/__pycache__) by extension 'python'
[0.398s] Level 1:colcon.colcon_core.package_identification:_identify(venv/lib/python3.12/site-packages/pip/_vendor/chardet/cli/__pycache__) by extensions ['python_setup_py']
[0.398s] Level 1:colcon.colcon_core.package_identification:_identify(venv/lib/python3.12/site-packages/pip/_vendor/chardet/cli/__pycache__) by extension 'python_setup_py'
[0.399s] Level 1:colcon.colcon_core.package_identification:_identify(venv/lib/python3.12/site-packages/pip/_vendor/chardet/metadata) by extensions ['ignore', 'ignore_ament_install']
[0.399s] Level 1:colcon.colcon_core.package_identification:_identify(venv/lib/python3.12/site-packages/pip/_vendor/chardet/metadata) by extension 'ignore'
[0.399s] Level 1:colcon.colcon_core.package_identification:_identify(venv/lib/python3.12/site-packages/pip/_vendor/chardet/metadata) by extension 'ignore_ament_install'
[0.399s] Level 1:colcon.colcon_core.package_identification:_identify(venv/lib/python3.12/site-packages/pip/_vendor/chardet/metadata) by extensions ['colcon_pkg']
[0.399s] Level 1:colcon.colcon_core.package_identification:_identify(venv/lib/python3.12/site-packages/pip/_vendor/chardet/metadata) by extension 'colcon_pkg'
[0.399s] Level 1:colcon.colcon_core.package_identification:_identify(venv/lib/python3.12/site-packages/pip/_vendor/chardet/metadata) by extensions ['colcon_meta']
[0.399s] Level 1:colcon.colcon_core.package_identification:_identify(venv/lib/python3.12/site-packages/pip/_vendor/chardet/metadata) by extension 'colcon_meta'
[0.399s] Level 1:colcon.colcon_core.package_identification:_identify(venv/lib/python3.12/site-packages/pip/_vendor/chardet/metadata) by extensions ['ros']
[0.399s] Level 1:colcon.colcon_core.package_identification:_identify(venv/lib/python3.12/site-packages/pip/_vendor/chardet/metadata) by extension 'ros'
[0.399s] Level 1:colcon.colcon_core.package_identification:_identify(venv/lib/python3.12/site-packages/pip/_vendor/chardet/metadata) by extensions ['cmake', 'python']
[0.399s] Level 1:colcon.colcon_core.package_identification:_identify(venv/lib/python3.12/site-packages/pip/_vendor/chardet/metadata) by extension 'cmake'
[0.399s] Level 1:colcon.colcon_core.package_identification:_identify(venv/lib/python3.12/site-packages/pip/_vendor/chardet/metadata) by extension 'python'
[0.399s] Level 1:colcon.colcon_core.package_identification:_identify(venv/lib/python3.12/site-packages/pip/_vendor/chardet/metadata) by extensions ['python_setup_py']
[0.399s] Level 1:colcon.colcon_core.package_identification:_identify(venv/lib/python3.12/site-packages/pip/_vendor/chardet/metadata) by extension 'python_setup_py'
[0.400s] Level 1:colcon.colcon_core.package_identification:_identify(venv/lib/python3.12/site-packages/pip/_vendor/chardet/metadata/__pycache__) by extensions ['ignore', 'ignore_ament_install']
[0.400s] Level 1:colcon.colcon_core.package_identification:_identify(venv/lib/python3.12/site-packages/pip/_vendor/chardet/metadata/__pycache__) by extension 'ignore'
[0.400s] Level 1:colcon.colcon_core.package_identification:_identify(venv/lib/python3.12/site-packages/pip/_vendor/chardet/metadata/__pycache__) by extension 'ignore_ament_install'
[0.400s] Level 1:colcon.colcon_core.package_identification:_identify(venv/lib/python3.12/site-packages/pip/_vendor/chardet/metadata/__pycache__) by extensions ['colcon_pkg']
[0.400s] Level 1:colcon.colcon_core.package_identification:_identify(venv/lib/python3.12/site-packages/pip/_vendor/chardet/metadata/__pycache__) by extension 'colcon_pkg'
[0.400s] Level 1:colcon.colcon_core.package_identification:_identify(venv/lib/python3.12/site-packages/pip/_vendor/chardet/metadata/__pycache__) by extensions ['colcon_meta']
[0.400s] Level 1:colcon.colcon_core.package_identification:_identify(venv/lib/python3.12/site-packages/pip/_vendor/chardet/metadata/__pycache__) by extension 'colcon_meta'
[0.400s] Level 1:colcon.colcon_core.package_identification:_identify(venv/lib/python3.12/site-packages/pip/_vendor/chardet/metadata/__pycache__) by extensions ['ros']
[0.400s] Level 1:colcon.colcon_core.package_identification:_identify(venv/lib/python3.12/site-packages/pip/_vendor/chardet/metadata/__pycache__) by extension 'ros'
[0.401s] Level 1:colcon.colcon_core.package_identification:_identify(venv/lib/python3.12/site-packages/pip/_vendor/chardet/metadata/__pycache__) by extensions ['cmake', 'python']
[0.401s] Level 1:colcon.colcon_core.package_identification:_identify(venv/lib/python3.12/site-packages/pip/_vendor/chardet/metadata/__pycache__) by extension 'cmake'
[0.401s] Level 1:colcon.colcon_core.package_identification:_identify(venv/lib/python3.12/site-packages/pip/_vendor/chardet/metadata/__pycache__) by extension 'python'
[0.401s] Level 1:colcon.colcon_core.package_identification:_identify(venv/lib/python3.12/site-packages/pip/_vendor/chardet/metadata/__pycache__) by extensions ['python_setup_py']
[0.401s] Level 1:colcon.colcon_core.package_identification:_identify(venv/lib/python3.12/site-packages/pip/_vendor/chardet/metadata/__pycache__) by extension 'python_setup_py'
[0.401s] Level 1:colcon.colcon_core.package_identification:_identify(venv/lib/python3.12/site-packages/pip/_vendor/colorama) by extensions ['ignore', 'ignore_ament_install']
[0.401s] Level 1:colcon.colcon_core.package_identification:_identify(venv/lib/python3.12/site-packages/pip/_vendor/colorama) by extension 'ignore'
[0.401s] Level 1:colcon.colcon_core.package_identification:_identify(venv/lib/python3.12/site-packages/pip/_vendor/colorama) by extension 'ignore_ament_install'
[0.402s] Level 1:colcon.colcon_core.package_identification:_identify(venv/lib/python3.12/site-packages/pip/_vendor/colorama) by extensions ['colcon_pkg']
[0.402s] Level 1:colcon.colcon_core.package_identification:_identify(venv/lib/python3.12/site-packages/pip/_vendor/colorama) by extension 'colcon_pkg'
[0.402s] Level 1:colcon.colcon_core.package_identification:_identify(venv/lib/python3.12/site-packages/pip/_vendor/colorama) by extensions ['colcon_meta']
[0.402s] Level 1:colcon.colcon_core.package_identification:_identify(venv/lib/python3.12/site-packages/pip/_vendor/colorama) by extension 'colcon_meta'
[0.402s] Level 1:colcon.colcon_core.package_identification:_identify(venv/lib/python3.12/site-packages/pip/_vendor/colorama) by extensions ['ros']
[0.402s] Level 1:colcon.colcon_core.package_identification:_identify(venv/lib/python3.12/site-packages/pip/_vendor/colorama) by extension 'ros'
[0.402s] Level 1:colcon.colcon_core.package_identification:_identify(venv/lib/python3.12/site-packages/pip/_vendor/colorama) by extensions ['cmake', 'python']
[0.402s] Level 1:colcon.colcon_core.package_identification:_identify(venv/lib/python3.12/site-packages/pip/_vendor/colorama) by extension 'cmake'
[0.402s] Level 1:colcon.colcon_core.package_identification:_identify(venv/lib/python3.12/site-packages/pip/_vendor/colorama) by extension 'python'
[0.402s] Level 1:colcon.colcon_core.package_identification:_identify(venv/lib/python3.12/site-packages/pip/_vendor/colorama) by extensions ['python_setup_py']
[0.402s] Level 1:colcon.colcon_core.package_identification:_identify(venv/lib/python3.12/site-packages/pip/_vendor/colorama) by extension 'python_setup_py'
[0.403s] Level 1:colcon.colcon_core.package_identification:_identify(venv/lib/python3.12/site-packages/pip/_vendor/colorama/__pycache__) by extensions ['ignore', 'ignore_ament_install']
[0.403s] Level 1:colcon.colcon_core.package_identification:_identify(venv/lib/python3.12/site-packages/pip/_vendor/colorama/__pycache__) by extension 'ignore'
[0.403s] Level 1:colcon.colcon_core.package_identification:_identify(venv/lib/python3.12/site-packages/pip/_vendor/colorama/__pycache__) by extension 'ignore_ament_install'
[0.403s] Level 1:colcon.colcon_core.package_identification:_identify(venv/lib/python3.12/site-packages/pip/_vendor/colorama/__pycache__) by extensions ['colcon_pkg']
[0.403s] Level 1:colcon.colcon_core.package_identification:_identify(venv/lib/python3.12/site-packages/pip/_vendor/colorama/__pycache__) by extension 'colcon_pkg'
[0.403s] Level 1:colcon.colcon_core.package_identification:_identify(venv/lib/python3.12/site-packages/pip/_vendor/colorama/__pycache__) by extensions ['colcon_meta']
[0.403s] Level 1:colcon.colcon_core.package_identification:_identify(venv/lib/python3.12/site-packages/pip/_vendor/colorama/__pycache__) by extension 'colcon_meta'
[0.403s] Level 1:colcon.colcon_core.package_identification:_identify(venv/lib/python3.12/site-packages/pip/_vendor/colorama/__pycache__) by extensions ['ros']
[0.403s] Level 1:colcon.colcon_core.package_identification:_identify(venv/lib/python3.12/site-packages/pip/_vendor/colorama/__pycache__) by extension 'ros'
[0.403s] Level 1:colcon.colcon_core.package_identification:_identify(venv/lib/python3.12/site-packages/pip/_vendor/colorama/__pycache__) by extensions ['cmake', 'python']
[0.403s] Level 1:colcon.colcon_core.package_identification:_identify(venv/lib/python3.12/site-packages/pip/_vendor/colorama/__pycache__) by extension 'cmake'
[0.403s] Level 1:colcon.colcon_core.package_identification:_identify(venv/lib/python3.12/site-packages/pip/_vendor/colorama/__pycache__) by extension 'python'
[0.403s] Level 1:colcon.colcon_core.package_identification:_identify(venv/lib/python3.12/site-packages/pip/_vendor/colorama/__pycache__) by extensions ['python_setup_py']
[0.403s] Level 1:colcon.colcon_core.package_identification:_identify(venv/lib/python3.12/site-packages/pip/_vendor/colorama/__pycache__) by extension 'python_setup_py'
[0.404s] Level 1:colcon.colcon_core.package_identification:_identify(venv/lib/python3.12/site-packages/pip/_vendor/colorama/tests) by extensions ['ignore', 'ignore_ament_install']
[0.404s] Level 1:colcon.colcon_core.package_identification:_identify(venv/lib/python3.12/site-packages/pip/_vendor/colorama/tests) by extension 'ignore'
[0.404s] Level 1:colcon.colcon_core.package_identification:_identify(venv/lib/python3.12/site-packages/pip/_vendor/colorama/tests) by extension 'ignore_ament_install'
[0.404s] Level 1:colcon.colcon_core.package_identification:_identify(venv/lib/python3.12/site-packages/pip/_vendor/colorama/tests) by extensions ['colcon_pkg']
[0.404s] Level 1:colcon.colcon_core.package_identification:_identify(venv/lib/python3.12/site-packages/pip/_vendor/colorama/tests) by extension 'colcon_pkg'
[0.404s] Level 1:colcon.colcon_core.package_identification:_identify(venv/lib/python3.12/site-packages/pip/_vendor/colorama/tests) by extensions ['colcon_meta']
[0.404s] Level 1:colcon.colcon_core.package_identification:_identify(venv/lib/python3.12/site-packages/pip/_vendor/colorama/tests) by extension 'colcon_meta'
[0.404s] Level 1:colcon.colcon_core.package_identification:_identify(venv/lib/python3.12/site-packages/pip/_vendor/colorama/tests) by extensions ['ros']
[0.404s] Level 1:colcon.colcon_core.package_identification:_identify(venv/lib/python3.12/site-packages/pip/_vendor/colorama/tests) by extension 'ros'
[0.404s] Level 1:colcon.colcon_core.package_identification:_identify(venv/lib/python3.12/site-packages/pip/_vendor/colorama/tests) by extensions ['cmake', 'python']
[0.405s] Level 1:colcon.colcon_core.package_identification:_identify(venv/lib/python3.12/site-packages/pip/_vendor/colorama/tests) by extension 'cmake'
[0.405s] Level 1:colcon.colcon_core.package_identification:_identify(venv/lib/python3.12/site-packages/pip/_vendor/colorama/tests) by extension 'python'
[0.405s] Level 1:colcon.colcon_core.package_identification:_identify(venv/lib/python3.12/site-packages/pip/_vendor/colorama/tests) by extensions ['python_setup_py']
[0.405s] Level 1:colcon.colcon_core.package_identification:_identify(venv/lib/python3.12/site-packages/pip/_vendor/colorama/tests) by extension 'python_setup_py'
[0.405s] Level 1:colcon.colcon_core.package_identification:_identify(venv/lib/python3.12/site-packages/pip/_vendor/colorama/tests/__pycache__) by extensions ['ignore', 'ignore_ament_install']
[0.405s] Level 1:colcon.colcon_core.package_identification:_identify(venv/lib/python3.12/site-packages/pip/_vendor/colorama/tests/__pycache__) by extension 'ignore'
[0.405s] Level 1:colcon.colcon_core.package_identification:_identify(venv/lib/python3.12/site-packages/pip/_vendor/colorama/tests/__pycache__) by extension 'ignore_ament_install'
[0.405s] Level 1:colcon.colcon_core.package_identification:_identify(venv/lib/python3.12/site-packages/pip/_vendor/colorama/tests/__pycache__) by extensions ['colcon_pkg']
[0.406s] Level 1:colcon.colcon_core.package_identification:_identify(venv/lib/python3.12/site-packages/pip/_vendor/colorama/tests/__pycache__) by extension 'colcon_pkg'
[0.406s] Level 1:colcon.colcon_core.package_identification:_identify(venv/lib/python3.12/site-packages/pip/_vendor/colorama/tests/__pycache__) by extensions ['colcon_meta']
[0.406s] Level 1:colcon.colcon_core.package_identification:_identify(venv/lib/python3.12/site-packages/pip/_vendor/colorama/tests/__pycache__) by extension 'colcon_meta'
[0.406s] Level 1:colcon.colcon_core.package_identification:_identify(venv/lib/python3.12/site-packages/pip/_vendor/colorama/tests/__pycache__) by extensions ['ros']
[0.406s] Level 1:colcon.colcon_core.package_identification:_identify(venv/lib/python3.12/site-packages/pip/_vendor/colorama/tests/__pycache__) by extension 'ros'
[0.406s] Level 1:colcon.colcon_core.package_identification:_identify(venv/lib/python3.12/site-packages/pip/_vendor/colorama/tests/__pycache__) by extensions ['cmake', 'python']
[0.406s] Level 1:colcon.colcon_core.package_identification:_identify(venv/lib/python3.12/site-packages/pip/_vendor/colorama/tests/__pycache__) by extension 'cmake'
[0.406s] Level 1:colcon.colcon_core.package_identification:_identify(venv/lib/python3.12/site-packages/pip/_vendor/colorama/tests/__pycache__) by extension 'python'
[0.406s] Level 1:colcon.colcon_core.package_identification:_identify(venv/lib/python3.12/site-packages/pip/_vendor/colorama/tests/__pycache__) by extensions ['python_setup_py']
[0.406s] Level 1:colcon.colcon_core.package_identification:_identify(venv/lib/python3.12/site-packages/pip/_vendor/colorama/tests/__pycache__) by extension 'python_setup_py'
[0.407s] Level 1:colcon.colcon_core.package_identification:_identify(venv/lib/python3.12/site-packages/pip/_vendor/distlib) by extensions ['ignore', 'ignore_ament_install']
[0.407s] Level 1:colcon.colcon_core.package_identification:_identify(venv/lib/python3.12/site-packages/pip/_vendor/distlib) by extension 'ignore'
[0.407s] Level 1:colcon.colcon_core.package_identification:_identify(venv/lib/python3.12/site-packages/pip/_vendor/distlib) by extension 'ignore_ament_install'
[0.407s] Level 1:colcon.colcon_core.package_identification:_identify(venv/lib/python3.12/site-packages/pip/_vendor/distlib) by extensions ['colcon_pkg']
[0.407s] Level 1:colcon.colcon_core.package_identification:_identify(venv/lib/python3.12/site-packages/pip/_vendor/distlib) by extension 'colcon_pkg'
[0.407s] Level 1:colcon.colcon_core.package_identification:_identify(venv/lib/python3.12/site-packages/pip/_vendor/distlib) by extensions ['colcon_meta']
[0.407s] Level 1:colcon.colcon_core.package_identification:_identify(venv/lib/python3.12/site-packages/pip/_vendor/distlib) by extension 'colcon_meta'
[0.407s] Level 1:colcon.colcon_core.package_identification:_identify(venv/lib/python3.12/site-packages/pip/_vendor/distlib) by extensions ['ros']
[0.407s] Level 1:colcon.colcon_core.package_identification:_identify(venv/lib/python3.12/site-packages/pip/_vendor/distlib) by extension 'ros'
[0.407s] Level 1:colcon.colcon_core.package_identification:_identify(venv/lib/python3.12/site-packages/pip/_vendor/distlib) by extensions ['cmake', 'python']
[0.407s] Level 1:colcon.colcon_core.package_identification:_identify(venv/lib/python3.12/site-packages/pip/_vendor/distlib) by extension 'cmake'
[0.407s] Level 1:colcon.colcon_core.package_identification:_identify(venv/lib/python3.12/site-packages/pip/_vendor/distlib) by extension 'python'
[0.407s] Level 1:colcon.colcon_core.package_identification:_identify(venv/lib/python3.12/site-packages/pip/_vendor/distlib) by extensions ['python_setup_py']
[0.407s] Level 1:colcon.colcon_core.package_identification:_identify(venv/lib/python3.12/site-packages/pip/_vendor/distlib) by extension 'python_setup_py'
[0.408s] Level 1:colcon.colcon_core.package_identification:_identify(venv/lib/python3.12/site-packages/pip/_vendor/distlib/__pycache__) by extensions ['ignore', 'ignore_ament_install']
[0.408s] Level 1:colcon.colcon_core.package_identification:_identify(venv/lib/python3.12/site-packages/pip/_vendor/distlib/__pycache__) by extension 'ignore'
[0.408s] Level 1:colcon.colcon_core.package_identification:_identify(venv/lib/python3.12/site-packages/pip/_vendor/distlib/__pycache__) by extension 'ignore_ament_install'
[0.408s] Level 1:colcon.colcon_core.package_identification:_identify(venv/lib/python3.12/site-packages/pip/_vendor/distlib/__pycache__) by extensions ['colcon_pkg']
[0.408s] Level 1:colcon.colcon_core.package_identification:_identify(venv/lib/python3.12/site-packages/pip/_vendor/distlib/__pycache__) by extension 'colcon_pkg'
[0.408s] Level 1:colcon.colcon_core.package_identification:_identify(venv/lib/python3.12/site-packages/pip/_vendor/distlib/__pycache__) by extensions ['colcon_meta']
[0.408s] Level 1:colcon.colcon_core.package_identification:_identify(venv/lib/python3.12/site-packages/pip/_vendor/distlib/__pycache__) by extension 'colcon_meta'
[0.408s] Level 1:colcon.colcon_core.package_identification:_identify(venv/lib/python3.12/site-packages/pip/_vendor/distlib/__pycache__) by extensions ['ros']
[0.408s] Level 1:colcon.colcon_core.package_identification:_identify(venv/lib/python3.12/site-packages/pip/_vendor/distlib/__pycache__) by extension 'ros'
[0.408s] Level 1:colcon.colcon_core.package_identification:_identify(venv/lib/python3.12/site-packages/pip/_vendor/distlib/__pycache__) by extensions ['cmake', 'python']
[0.408s] Level 1:colcon.colcon_core.package_identification:_identify(venv/lib/python3.12/site-packages/pip/_vendor/distlib/__pycache__) by extension 'cmake'
[0.409s] Level 1:colcon.colcon_core.package_identification:_identify(venv/lib/python3.12/site-packages/pip/_vendor/distlib/__pycache__) by extension 'python'
[0.409s] Level 1:colcon.colcon_core.package_identification:_identify(venv/lib/python3.12/site-packages/pip/_vendor/distlib/__pycache__) by extensions ['python_setup_py']
[0.409s] Level 1:colcon.colcon_core.package_identification:_identify(venv/lib/python3.12/site-packages/pip/_vendor/distlib/__pycache__) by extension 'python_setup_py'
[0.409s] Level 1:colcon.colcon_core.package_identification:_identify(venv/lib/python3.12/site-packages/pip/_vendor/distro) by extensions ['ignore', 'ignore_ament_install']
[0.409s] Level 1:colcon.colcon_core.package_identification:_identify(venv/lib/python3.12/site-packages/pip/_vendor/distro) by extension 'ignore'
[0.409s] Level 1:colcon.colcon_core.package_identification:_identify(venv/lib/python3.12/site-packages/pip/_vendor/distro) by extension 'ignore_ament_install'
[0.409s] Level 1:colcon.colcon_core.package_identification:_identify(venv/lib/python3.12/site-packages/pip/_vendor/distro) by extensions ['colcon_pkg']
[0.409s] Level 1:colcon.colcon_core.package_identification:_identify(venv/lib/python3.12/site-packages/pip/_vendor/distro) by extension 'colcon_pkg'
[0.410s] Level 1:colcon.colcon_core.package_identification:_identify(venv/lib/python3.12/site-packages/pip/_vendor/distro) by extensions ['colcon_meta']
[0.410s] Level 1:colcon.colcon_core.package_identification:_identify(venv/lib/python3.12/site-packages/pip/_vendor/distro) by extension 'colcon_meta'
[0.410s] Level 1:colcon.colcon_core.package_identification:_identify(venv/lib/python3.12/site-packages/pip/_vendor/distro) by extensions ['ros']
[0.410s] Level 1:colcon.colcon_core.package_identification:_identify(venv/lib/python3.12/site-packages/pip/_vendor/distro) by extension 'ros'
[0.410s] Level 1:colcon.colcon_core.package_identification:_identify(venv/lib/python3.12/site-packages/pip/_vendor/distro) by extensions ['cmake', 'python']
[0.410s] Level 1:colcon.colcon_core.package_identification:_identify(venv/lib/python3.12/site-packages/pip/_vendor/distro) by extension 'cmake'
[0.410s] Level 1:colcon.colcon_core.package_identification:_identify(venv/lib/python3.12/site-packages/pip/_vendor/distro) by extension 'python'
[0.410s] Level 1:colcon.colcon_core.package_identification:_identify(venv/lib/python3.12/site-packages/pip/_vendor/distro) by extensions ['python_setup_py']
[0.410s] Level 1:colcon.colcon_core.package_identification:_identify(venv/lib/python3.12/site-packages/pip/_vendor/distro) by extension 'python_setup_py'
[0.410s] Level 1:colcon.colcon_core.package_identification:_identify(venv/lib/python3.12/site-packages/pip/_vendor/distro/__pycache__) by extensions ['ignore', 'ignore_ament_install']
[0.411s] Level 1:colcon.colcon_core.package_identification:_identify(venv/lib/python3.12/site-packages/pip/_vendor/distro/__pycache__) by extension 'ignore'
[0.411s] Level 1:colcon.colcon_core.package_identification:_identify(venv/lib/python3.12/site-packages/pip/_vendor/distro/__pycache__) by extension 'ignore_ament_install'
[0.411s] Level 1:colcon.colcon_core.package_identification:_identify(venv/lib/python3.12/site-packages/pip/_vendor/distro/__pycache__) by extensions ['colcon_pkg']
[0.411s] Level 1:colcon.colcon_core.package_identification:_identify(venv/lib/python3.12/site-packages/pip/_vendor/distro/__pycache__) by extension 'colcon_pkg'
[0.411s] Level 1:colcon.colcon_core.package_identification:_identify(venv/lib/python3.12/site-packages/pip/_vendor/distro/__pycache__) by extensions ['colcon_meta']
[0.411s] Level 1:colcon.colcon_core.package_identification:_identify(venv/lib/python3.12/site-packages/pip/_vendor/distro/__pycache__) by extension 'colcon_meta'
[0.411s] Level 1:colcon.colcon_core.package_identification:_identify(venv/lib/python3.12/site-packages/pip/_vendor/distro/__pycache__) by extensions ['ros']
[0.411s] Level 1:colcon.colcon_core.package_identification:_identify(venv/lib/python3.12/site-packages/pip/_vendor/distro/__pycache__) by extension 'ros'
[0.411s] Level 1:colcon.colcon_core.package_identification:_identify(venv/lib/python3.12/site-packages/pip/_vendor/distro/__pycache__) by extensions ['cmake', 'python']
[0.411s] Level 1:colcon.colcon_core.package_identification:_identify(venv/lib/python3.12/site-packages/pip/_vendor/distro/__pycache__) by extension 'cmake'
[0.411s] Level 1:colcon.colcon_core.package_identification:_identify(venv/lib/python3.12/site-packages/pip/_vendor/distro/__pycache__) by extension 'python'
[0.411s] Level 1:colcon.colcon_core.package_identification:_identify(venv/lib/python3.12/site-packages/pip/_vendor/distro/__pycache__) by extensions ['python_setup_py']
[0.411s] Level 1:colcon.colcon_core.package_identification:_identify(venv/lib/python3.12/site-packages/pip/_vendor/distro/__pycache__) by extension 'python_setup_py'
[0.412s] Level 1:colcon.colcon_core.package_identification:_identify(venv/lib/python3.12/site-packages/pip/_vendor/idna) by extensions ['ignore', 'ignore_ament_install']
[0.412s] Level 1:colcon.colcon_core.package_identification:_identify(venv/lib/python3.12/site-packages/pip/_vendor/idna) by extension 'ignore'
[0.412s] Level 1:colcon.colcon_core.package_identification:_identify(venv/lib/python3.12/site-packages/pip/_vendor/idna) by extension 'ignore_ament_install'
[0.412s] Level 1:colcon.colcon_core.package_identification:_identify(venv/lib/python3.12/site-packages/pip/_vendor/idna) by extensions ['colcon_pkg']
[0.412s] Level 1:colcon.colcon_core.package_identification:_identify(venv/lib/python3.12/site-packages/pip/_vendor/idna) by extension 'colcon_pkg'
[0.412s] Level 1:colcon.colcon_core.package_identification:_identify(venv/lib/python3.12/site-packages/pip/_vendor/idna) by extensions ['colcon_meta']
[0.412s] Level 1:colcon.colcon_core.package_identification:_identify(venv/lib/python3.12/site-packages/pip/_vendor/idna) by extension 'colcon_meta'
[0.412s] Level 1:colcon.colcon_core.package_identification:_identify(venv/lib/python3.12/site-packages/pip/_vendor/idna) by extensions ['ros']
[0.412s] Level 1:colcon.colcon_core.package_identification:_identify(venv/lib/python3.12/site-packages/pip/_vendor/idna) by extension 'ros'
[0.412s] Level 1:colcon.colcon_core.package_identification:_identify(venv/lib/python3.12/site-packages/pip/_vendor/idna) by extensions ['cmake', 'python']
[0.412s] Level 1:colcon.colcon_core.package_identification:_identify(venv/lib/python3.12/site-packages/pip/_vendor/idna) by extension 'cmake'
[0.412s] Level 1:colcon.colcon_core.package_identification:_identify(venv/lib/python3.12/site-packages/pip/_vendor/idna) by extension 'python'
[0.413s] Level 1:colcon.colcon_core.package_identification:_identify(venv/lib/python3.12/site-packages/pip/_vendor/idna) by extensions ['python_setup_py']
[0.413s] Level 1:colcon.colcon_core.package_identification:_identify(venv/lib/python3.12/site-packages/pip/_vendor/idna) by extension 'python_setup_py'
[0.413s] Level 1:colcon.colcon_core.package_identification:_identify(venv/lib/python3.12/site-packages/pip/_vendor/idna/__pycache__) by extensions ['ignore', 'ignore_ament_install']
[0.413s] Level 1:colcon.colcon_core.package_identification:_identify(venv/lib/python3.12/site-packages/pip/_vendor/idna/__pycache__) by extension 'ignore'
[0.413s] Level 1:colcon.colcon_core.package_identification:_identify(venv/lib/python3.12/site-packages/pip/_vendor/idna/__pycache__) by extension 'ignore_ament_install'
[0.413s] Level 1:colcon.colcon_core.package_identification:_identify(venv/lib/python3.12/site-packages/pip/_vendor/idna/__pycache__) by extensions ['colcon_pkg']
[0.413s] Level 1:colcon.colcon_core.package_identification:_identify(venv/lib/python3.12/site-packages/pip/_vendor/idna/__pycache__) by extension 'colcon_pkg'
[0.413s] Level 1:colcon.colcon_core.package_identification:_identify(venv/lib/python3.12/site-packages/pip/_vendor/idna/__pycache__) by extensions ['colcon_meta']
[0.413s] Level 1:colcon.colcon_core.package_identification:_identify(venv/lib/python3.12/site-packages/pip/_vendor/idna/__pycache__) by extension 'colcon_meta'
[0.414s] Level 1:colcon.colcon_core.package_identification:_identify(venv/lib/python3.12/site-packages/pip/_vendor/idna/__pycache__) by extensions ['ros']
[0.414s] Level 1:colcon.colcon_core.package_identification:_identify(venv/lib/python3.12/site-packages/pip/_vendor/idna/__pycache__) by extension 'ros'
[0.414s] Level 1:colcon.colcon_core.package_identification:_identify(venv/lib/python3.12/site-packages/pip/_vendor/idna/__pycache__) by extensions ['cmake', 'python']
[0.414s] Level 1:colcon.colcon_core.package_identification:_identify(venv/lib/python3.12/site-packages/pip/_vendor/idna/__pycache__) by extension 'cmake'
[0.414s] Level 1:colcon.colcon_core.package_identification:_identify(venv/lib/python3.12/site-packages/pip/_vendor/idna/__pycache__) by extension 'python'
[0.414s] Level 1:colcon.colcon_core.package_identification:_identify(venv/lib/python3.12/site-packages/pip/_vendor/idna/__pycache__) by extensions ['python_setup_py']
[0.414s] Level 1:colcon.colcon_core.package_identification:_identify(venv/lib/python3.12/site-packages/pip/_vendor/idna/__pycache__) by extension 'python_setup_py'
[0.414s] Level 1:colcon.colcon_core.package_identification:_identify(venv/lib/python3.12/site-packages/pip/_vendor/msgpack) by extensions ['ignore', 'ignore_ament_install']
[0.415s] Level 1:colcon.colcon_core.package_identification:_identify(venv/lib/python3.12/site-packages/pip/_vendor/msgpack) by extension 'ignore'
[0.415s] Level 1:colcon.colcon_core.package_identification:_identify(venv/lib/python3.12/site-packages/pip/_vendor/msgpack) by extension 'ignore_ament_install'
[0.415s] Level 1:colcon.colcon_core.package_identification:_identify(venv/lib/python3.12/site-packages/pip/_vendor/msgpack) by extensions ['colcon_pkg']
[0.415s] Level 1:colcon.colcon_core.package_identification:_identify(venv/lib/python3.12/site-packages/pip/_vendor/msgpack) by extension 'colcon_pkg'
[0.415s] Level 1:colcon.colcon_core.package_identification:_identify(venv/lib/python3.12/site-packages/pip/_vendor/msgpack) by extensions ['colcon_meta']
[0.415s] Level 1:colcon.colcon_core.package_identification:_identify(venv/lib/python3.12/site-packages/pip/_vendor/msgpack) by extension 'colcon_meta'
[0.415s] Level 1:colcon.colcon_core.package_identification:_identify(venv/lib/python3.12/site-packages/pip/_vendor/msgpack) by extensions ['ros']
[0.415s] Level 1:colcon.colcon_core.package_identification:_identify(venv/lib/python3.12/site-packages/pip/_vendor/msgpack) by extension 'ros'
[0.415s] Level 1:colcon.colcon_core.package_identification:_identify(venv/lib/python3.12/site-packages/pip/_vendor/msgpack) by extensions ['cmake', 'python']
[0.415s] Level 1:colcon.colcon_core.package_identification:_identify(venv/lib/python3.12/site-packages/pip/_vendor/msgpack) by extension 'cmake'
[0.415s] Level 1:colcon.colcon_core.package_identification:_identify(venv/lib/python3.12/site-packages/pip/_vendor/msgpack) by extension 'python'
[0.415s] Level 1:colcon.colcon_core.package_identification:_identify(venv/lib/python3.12/site-packages/pip/_vendor/msgpack) by extensions ['python_setup_py']
[0.415s] Level 1:colcon.colcon_core.package_identification:_identify(venv/lib/python3.12/site-packages/pip/_vendor/msgpack) by extension 'python_setup_py'
[0.416s] Level 1:colcon.colcon_core.package_identification:_identify(venv/lib/python3.12/site-packages/pip/_vendor/msgpack/__pycache__) by extensions ['ignore', 'ignore_ament_install']
[0.416s] Level 1:colcon.colcon_core.package_identification:_identify(venv/lib/python3.12/site-packages/pip/_vendor/msgpack/__pycache__) by extension 'ignore'
[0.416s] Level 1:colcon.colcon_core.package_identification:_identify(venv/lib/python3.12/site-packages/pip/_vendor/msgpack/__pycache__) by extension 'ignore_ament_install'
[0.416s] Level 1:colcon.colcon_core.package_identification:_identify(venv/lib/python3.12/site-packages/pip/_vendor/msgpack/__pycache__) by extensions ['colcon_pkg']
[0.416s] Level 1:colcon.colcon_core.package_identification:_identify(venv/lib/python3.12/site-packages/pip/_vendor/msgpack/__pycache__) by extension 'colcon_pkg'
[0.416s] Level 1:colcon.colcon_core.package_identification:_identify(venv/lib/python3.12/site-packages/pip/_vendor/msgpack/__pycache__) by extensions ['colcon_meta']
[0.416s] Level 1:colcon.colcon_core.package_identification:_identify(venv/lib/python3.12/site-packages/pip/_vendor/msgpack/__pycache__) by extension 'colcon_meta'
[0.416s] Level 1:colcon.colcon_core.package_identification:_identify(venv/lib/python3.12/site-packages/pip/_vendor/msgpack/__pycache__) by extensions ['ros']
[0.416s] Level 1:colcon.colcon_core.package_identification:_identify(venv/lib/python3.12/site-packages/pip/_vendor/msgpack/__pycache__) by extension 'ros'
[0.416s] Level 1:colcon.colcon_core.package_identification:_identify(venv/lib/python3.12/site-packages/pip/_vendor/msgpack/__pycache__) by extensions ['cmake', 'python']
[0.416s] Level 1:colcon.colcon_core.package_identification:_identify(venv/lib/python3.12/site-packages/pip/_vendor/msgpack/__pycache__) by extension 'cmake'
[0.416s] Level 1:colcon.colcon_core.package_identification:_identify(venv/lib/python3.12/site-packages/pip/_vendor/msgpack/__pycache__) by extension 'python'
[0.416s] Level 1:colcon.colcon_core.package_identification:_identify(venv/lib/python3.12/site-packages/pip/_vendor/msgpack/__pycache__) by extensions ['python_setup_py']
[0.416s] Level 1:colcon.colcon_core.package_identification:_identify(venv/lib/python3.12/site-packages/pip/_vendor/msgpack/__pycache__) by extension 'python_setup_py'
[0.417s] Level 1:colcon.colcon_core.package_identification:_identify(venv/lib/python3.12/site-packages/pip/_vendor/packaging) by extensions ['ignore', 'ignore_ament_install']
[0.417s] Level 1:colcon.colcon_core.package_identification:_identify(venv/lib/python3.12/site-packages/pip/_vendor/packaging) by extension 'ignore'
[0.417s] Level 1:colcon.colcon_core.package_identification:_identify(venv/lib/python3.12/site-packages/pip/_vendor/packaging) by extension 'ignore_ament_install'
[0.417s] Level 1:colcon.colcon_core.package_identification:_identify(venv/lib/python3.12/site-packages/pip/_vendor/packaging) by extensions ['colcon_pkg']
[0.417s] Level 1:colcon.colcon_core.package_identification:_identify(venv/lib/python3.12/site-packages/pip/_vendor/packaging) by extension 'colcon_pkg'
[0.417s] Level 1:colcon.colcon_core.package_identification:_identify(venv/lib/python3.12/site-packages/pip/_vendor/packaging) by extensions ['colcon_meta']
[0.417s] Level 1:colcon.colcon_core.package_identification:_identify(venv/lib/python3.12/site-packages/pip/_vendor/packaging) by extension 'colcon_meta'
[0.417s] Level 1:colcon.colcon_core.package_identification:_identify(venv/lib/python3.12/site-packages/pip/_vendor/packaging) by extensions ['ros']
[0.418s] Level 1:colcon.colcon_core.package_identification:_identify(venv/lib/python3.12/site-packages/pip/_vendor/packaging) by extension 'ros'
[0.418s] Level 1:colcon.colcon_core.package_identification:_identify(venv/lib/python3.12/site-packages/pip/_vendor/packaging) by extensions ['cmake', 'python']
[0.418s] Level 1:colcon.colcon_core.package_identification:_identify(venv/lib/python3.12/site-packages/pip/_vendor/packaging) by extension 'cmake'
[0.418s] Level 1:colcon.colcon_core.package_identification:_identify(venv/lib/python3.12/site-packages/pip/_vendor/packaging) by extension 'python'
[0.418s] Level 1:colcon.colcon_core.package_identification:_identify(venv/lib/python3.12/site-packages/pip/_vendor/packaging) by extensions ['python_setup_py']
[0.418s] Level 1:colcon.colcon_core.package_identification:_identify(venv/lib/python3.12/site-packages/pip/_vendor/packaging) by extension 'python_setup_py'
[0.418s] Level 1:colcon.colcon_core.package_identification:_identify(venv/lib/python3.12/site-packages/pip/_vendor/packaging/__pycache__) by extensions ['ignore', 'ignore_ament_install']
[0.418s] Level 1:colcon.colcon_core.package_identification:_identify(venv/lib/python3.12/site-packages/pip/_vendor/packaging/__pycache__) by extension 'ignore'
[0.419s] Level 1:colcon.colcon_core.package_identification:_identify(venv/lib/python3.12/site-packages/pip/_vendor/packaging/__pycache__) by extension 'ignore_ament_install'
[0.419s] Level 1:colcon.colcon_core.package_identification:_identify(venv/lib/python3.12/site-packages/pip/_vendor/packaging/__pycache__) by extensions ['colcon_pkg']
[0.419s] Level 1:colcon.colcon_core.package_identification:_identify(venv/lib/python3.12/site-packages/pip/_vendor/packaging/__pycache__) by extension 'colcon_pkg'
[0.419s] Level 1:colcon.colcon_core.package_identification:_identify(venv/lib/python3.12/site-packages/pip/_vendor/packaging/__pycache__) by extensions ['colcon_meta']
[0.419s] Level 1:colcon.colcon_core.package_identification:_identify(venv/lib/python3.12/site-packages/pip/_vendor/packaging/__pycache__) by extension 'colcon_meta'
[0.419s] Level 1:colcon.colcon_core.package_identification:_identify(venv/lib/python3.12/site-packages/pip/_vendor/packaging/__pycache__) by extensions ['ros']
[0.419s] Level 1:colcon.colcon_core.package_identification:_identify(venv/lib/python3.12/site-packages/pip/_vendor/packaging/__pycache__) by extension 'ros'
[0.419s] Level 1:colcon.colcon_core.package_identification:_identify(venv/lib/python3.12/site-packages/pip/_vendor/packaging/__pycache__) by extensions ['cmake', 'python']
[0.419s] Level 1:colcon.colcon_core.package_identification:_identify(venv/lib/python3.12/site-packages/pip/_vendor/packaging/__pycache__) by extension 'cmake'
[0.419s] Level 1:colcon.colcon_core.package_identification:_identify(venv/lib/python3.12/site-packages/pip/_vendor/packaging/__pycache__) by extension 'python'
[0.419s] Level 1:colcon.colcon_core.package_identification:_identify(venv/lib/python3.12/site-packages/pip/_vendor/packaging/__pycache__) by extensions ['python_setup_py']
[0.419s] Level 1:colcon.colcon_core.package_identification:_identify(venv/lib/python3.12/site-packages/pip/_vendor/packaging/__pycache__) by extension 'python_setup_py'
[0.420s] Level 1:colcon.colcon_core.package_identification:_identify(venv/lib/python3.12/site-packages/pip/_vendor/pkg_resources) by extensions ['ignore', 'ignore_ament_install']
[0.420s] Level 1:colcon.colcon_core.package_identification:_identify(venv/lib/python3.12/site-packages/pip/_vendor/pkg_resources) by extension 'ignore'
[0.420s] Level 1:colcon.colcon_core.package_identification:_identify(venv/lib/python3.12/site-packages/pip/_vendor/pkg_resources) by extension 'ignore_ament_install'
[0.420s] Level 1:colcon.colcon_core.package_identification:_identify(venv/lib/python3.12/site-packages/pip/_vendor/pkg_resources) by extensions ['colcon_pkg']
[0.420s] Level 1:colcon.colcon_core.package_identification:_identify(venv/lib/python3.12/site-packages/pip/_vendor/pkg_resources) by extension 'colcon_pkg'
[0.420s] Level 1:colcon.colcon_core.package_identification:_identify(venv/lib/python3.12/site-packages/pip/_vendor/pkg_resources) by extensions ['colcon_meta']
[0.420s] Level 1:colcon.colcon_core.package_identification:_identify(venv/lib/python3.12/site-packages/pip/_vendor/pkg_resources) by extension 'colcon_meta'
[0.420s] Level 1:colcon.colcon_core.package_identification:_identify(venv/lib/python3.12/site-packages/pip/_vendor/pkg_resources) by extensions ['ros']
[0.420s] Level 1:colcon.colcon_core.package_identification:_identify(venv/lib/python3.12/site-packages/pip/_vendor/pkg_resources) by extension 'ros'
[0.420s] Level 1:colcon.colcon_core.package_identification:_identify(venv/lib/python3.12/site-packages/pip/_vendor/pkg_resources) by extensions ['cmake', 'python']
[0.420s] Level 1:colcon.colcon_core.package_identification:_identify(venv/lib/python3.12/site-packages/pip/_vendor/pkg_resources) by extension 'cmake'
[0.420s] Level 1:colcon.colcon_core.package_identification:_identify(venv/lib/python3.12/site-packages/pip/_vendor/pkg_resources) by extension 'python'
[0.420s] Level 1:colcon.colcon_core.package_identification:_identify(venv/lib/python3.12/site-packages/pip/_vendor/pkg_resources) by extensions ['python_setup_py']
[0.420s] Level 1:colcon.colcon_core.package_identification:_identify(venv/lib/python3.12/site-packages/pip/_vendor/pkg_resources) by extension 'python_setup_py'
[0.421s] Level 1:colcon.colcon_core.package_identification:_identify(venv/lib/python3.12/site-packages/pip/_vendor/pkg_resources/__pycache__) by extensions ['ignore', 'ignore_ament_install']
[0.421s] Level 1:colcon.colcon_core.package_identification:_identify(venv/lib/python3.12/site-packages/pip/_vendor/pkg_resources/__pycache__) by extension 'ignore'
[0.421s] Level 1:colcon.colcon_core.package_identification:_identify(venv/lib/python3.12/site-packages/pip/_vendor/pkg_resources/__pycache__) by extension 'ignore_ament_install'
[0.421s] Level 1:colcon.colcon_core.package_identification:_identify(venv/lib/python3.12/site-packages/pip/_vendor/pkg_resources/__pycache__) by extensions ['colcon_pkg']
[0.421s] Level 1:colcon.colcon_core.package_identification:_identify(venv/lib/python3.12/site-packages/pip/_vendor/pkg_resources/__pycache__) by extension 'colcon_pkg'
[0.421s] Level 1:colcon.colcon_core.package_identification:_identify(venv/lib/python3.12/site-packages/pip/_vendor/pkg_resources/__pycache__) by extensions ['colcon_meta']
[0.421s] Level 1:colcon.colcon_core.package_identification:_identify(venv/lib/python3.12/site-packages/pip/_vendor/pkg_resources/__pycache__) by extension 'colcon_meta'
[0.421s] Level 1:colcon.colcon_core.package_identification:_identify(venv/lib/python3.12/site-packages/pip/_vendor/pkg_resources/__pycache__) by extensions ['ros']
[0.422s] Level 1:colcon.colcon_core.package_identification:_identify(venv/lib/python3.12/site-packages/pip/_vendor/pkg_resources/__pycache__) by extension 'ros'
[0.422s] Level 1:colcon.colcon_core.package_identification:_identify(venv/lib/python3.12/site-packages/pip/_vendor/pkg_resources/__pycache__) by extensions ['cmake', 'python']
[0.422s] Level 1:colcon.colcon_core.package_identification:_identify(venv/lib/python3.12/site-packages/pip/_vendor/pkg_resources/__pycache__) by extension 'cmake'
[0.422s] Level 1:colcon.colcon_core.package_identification:_identify(venv/lib/python3.12/site-packages/pip/_vendor/pkg_resources/__pycache__) by extension 'python'
[0.422s] Level 1:colcon.colcon_core.package_identification:_identify(venv/lib/python3.12/site-packages/pip/_vendor/pkg_resources/__pycache__) by extensions ['python_setup_py']
[0.422s] Level 1:colcon.colcon_core.package_identification:_identify(venv/lib/python3.12/site-packages/pip/_vendor/pkg_resources/__pycache__) by extension 'python_setup_py'
[0.422s] Level 1:colcon.colcon_core.package_identification:_identify(venv/lib/python3.12/site-packages/pip/_vendor/platformdirs) by extensions ['ignore', 'ignore_ament_install']
[0.422s] Level 1:colcon.colcon_core.package_identification:_identify(venv/lib/python3.12/site-packages/pip/_vendor/platformdirs) by extension 'ignore'
[0.423s] Level 1:colcon.colcon_core.package_identification:_identify(venv/lib/python3.12/site-packages/pip/_vendor/platformdirs) by extension 'ignore_ament_install'
[0.423s] Level 1:colcon.colcon_core.package_identification:_identify(venv/lib/python3.12/site-packages/pip/_vendor/platformdirs) by extensions ['colcon_pkg']
[0.423s] Level 1:colcon.colcon_core.package_identification:_identify(venv/lib/python3.12/site-packages/pip/_vendor/platformdirs) by extension 'colcon_pkg'
[0.423s] Level 1:colcon.colcon_core.package_identification:_identify(venv/lib/python3.12/site-packages/pip/_vendor/platformdirs) by extensions ['colcon_meta']
[0.423s] Level 1:colcon.colcon_core.package_identification:_identify(venv/lib/python3.12/site-packages/pip/_vendor/platformdirs) by extension 'colcon_meta'
[0.423s] Level 1:colcon.colcon_core.package_identification:_identify(venv/lib/python3.12/site-packages/pip/_vendor/platformdirs) by extensions ['ros']
[0.423s] Level 1:colcon.colcon_core.package_identification:_identify(venv/lib/python3.12/site-packages/pip/_vendor/platformdirs) by extension 'ros'
[0.423s] Level 1:colcon.colcon_core.package_identification:_identify(venv/lib/python3.12/site-packages/pip/_vendor/platformdirs) by extensions ['cmake', 'python']
[0.423s] Level 1:colcon.colcon_core.package_identification:_identify(venv/lib/python3.12/site-packages/pip/_vendor/platformdirs) by extension 'cmake'
[0.423s] Level 1:colcon.colcon_core.package_identification:_identify(venv/lib/python3.12/site-packages/pip/_vendor/platformdirs) by extension 'python'
[0.423s] Level 1:colcon.colcon_core.package_identification:_identify(venv/lib/python3.12/site-packages/pip/_vendor/platformdirs) by extensions ['python_setup_py']
[0.423s] Level 1:colcon.colcon_core.package_identification:_identify(venv/lib/python3.12/site-packages/pip/_vendor/platformdirs) by extension 'python_setup_py'
[0.424s] Level 1:colcon.colcon_core.package_identification:_identify(venv/lib/python3.12/site-packages/pip/_vendor/platformdirs/__pycache__) by extensions ['ignore', 'ignore_ament_install']
[0.424s] Level 1:colcon.colcon_core.package_identification:_identify(venv/lib/python3.12/site-packages/pip/_vendor/platformdirs/__pycache__) by extension 'ignore'
[0.424s] Level 1:colcon.colcon_core.package_identification:_identify(venv/lib/python3.12/site-packages/pip/_vendor/platformdirs/__pycache__) by extension 'ignore_ament_install'
[0.424s] Level 1:colcon.colcon_core.package_identification:_identify(venv/lib/python3.12/site-packages/pip/_vendor/platformdirs/__pycache__) by extensions ['colcon_pkg']
[0.424s] Level 1:colcon.colcon_core.package_identification:_identify(venv/lib/python3.12/site-packages/pip/_vendor/platformdirs/__pycache__) by extension 'colcon_pkg'
[0.424s] Level 1:colcon.colcon_core.package_identification:_identify(venv/lib/python3.12/site-packages/pip/_vendor/platformdirs/__pycache__) by extensions ['colcon_meta']
[0.424s] Level 1:colcon.colcon_core.package_identification:_identify(venv/lib/python3.12/site-packages/pip/_vendor/platformdirs/__pycache__) by extension 'colcon_meta'
[0.424s] Level 1:colcon.colcon_core.package_identification:_identify(venv/lib/python3.12/site-packages/pip/_vendor/platformdirs/__pycache__) by extensions ['ros']
[0.424s] Level 1:colcon.colcon_core.package_identification:_identify(venv/lib/python3.12/site-packages/pip/_vendor/platformdirs/__pycache__) by extension 'ros'
[0.424s] Level 1:colcon.colcon_core.package_identification:_identify(venv/lib/python3.12/site-packages/pip/_vendor/platformdirs/__pycache__) by extensions ['cmake', 'python']
[0.424s] Level 1:colcon.colcon_core.package_identification:_identify(venv/lib/python3.12/site-packages/pip/_vendor/platformdirs/__pycache__) by extension 'cmake'
[0.424s] Level 1:colcon.colcon_core.package_identification:_identify(venv/lib/python3.12/site-packages/pip/_vendor/platformdirs/__pycache__) by extension 'python'
[0.424s] Level 1:colcon.colcon_core.package_identification:_identify(venv/lib/python3.12/site-packages/pip/_vendor/platformdirs/__pycache__) by extensions ['python_setup_py']
[0.425s] Level 1:colcon.colcon_core.package_identification:_identify(venv/lib/python3.12/site-packages/pip/_vendor/platformdirs/__pycache__) by extension 'python_setup_py'
[0.425s] Level 1:colcon.colcon_core.package_identification:_identify(venv/lib/python3.12/site-packages/pip/_vendor/pygments) by extensions ['ignore', 'ignore_ament_install']
[0.425s] Level 1:colcon.colcon_core.package_identification:_identify(venv/lib/python3.12/site-packages/pip/_vendor/pygments) by extension 'ignore'
[0.425s] Level 1:colcon.colcon_core.package_identification:_identify(venv/lib/python3.12/site-packages/pip/_vendor/pygments) by extension 'ignore_ament_install'
[0.425s] Level 1:colcon.colcon_core.package_identification:_identify(venv/lib/python3.12/site-packages/pip/_vendor/pygments) by extensions ['colcon_pkg']
[0.425s] Level 1:colcon.colcon_core.package_identification:_identify(venv/lib/python3.12/site-packages/pip/_vendor/pygments) by extension 'colcon_pkg'
[0.425s] Level 1:colcon.colcon_core.package_identification:_identify(venv/lib/python3.12/site-packages/pip/_vendor/pygments) by extensions ['colcon_meta']
[0.425s] Level 1:colcon.colcon_core.package_identification:_identify(venv/lib/python3.12/site-packages/pip/_vendor/pygments) by extension 'colcon_meta'
[0.426s] Level 1:colcon.colcon_core.package_identification:_identify(venv/lib/python3.12/site-packages/pip/_vendor/pygments) by extensions ['ros']
[0.426s] Level 1:colcon.colcon_core.package_identification:_identify(venv/lib/python3.12/site-packages/pip/_vendor/pygments) by extension 'ros'
[0.426s] Level 1:colcon.colcon_core.package_identification:_identify(venv/lib/python3.12/site-packages/pip/_vendor/pygments) by extensions ['cmake', 'python']
[0.426s] Level 1:colcon.colcon_core.package_identification:_identify(venv/lib/python3.12/site-packages/pip/_vendor/pygments) by extension 'cmake'
[0.426s] Level 1:colcon.colcon_core.package_identification:_identify(venv/lib/python3.12/site-packages/pip/_vendor/pygments) by extension 'python'
[0.426s] Level 1:colcon.colcon_core.package_identification:_identify(venv/lib/python3.12/site-packages/pip/_vendor/pygments) by extensions ['python_setup_py']
[0.426s] Level 1:colcon.colcon_core.package_identification:_identify(venv/lib/python3.12/site-packages/pip/_vendor/pygments) by extension 'python_setup_py'
[0.426s] Level 1:colcon.colcon_core.package_identification:_identify(venv/lib/python3.12/site-packages/pip/_vendor/pygments/__pycache__) by extensions ['ignore', 'ignore_ament_install']
[0.427s] Level 1:colcon.colcon_core.package_identification:_identify(venv/lib/python3.12/site-packages/pip/_vendor/pygments/__pycache__) by extension 'ignore'
[0.427s] Level 1:colcon.colcon_core.package_identification:_identify(venv/lib/python3.12/site-packages/pip/_vendor/pygments/__pycache__) by extension 'ignore_ament_install'
[0.427s] Level 1:colcon.colcon_core.package_identification:_identify(venv/lib/python3.12/site-packages/pip/_vendor/pygments/__pycache__) by extensions ['colcon_pkg']
[0.427s] Level 1:colcon.colcon_core.package_identification:_identify(venv/lib/python3.12/site-packages/pip/_vendor/pygments/__pycache__) by extension 'colcon_pkg'
[0.427s] Level 1:colcon.colcon_core.package_identification:_identify(venv/lib/python3.12/site-packages/pip/_vendor/pygments/__pycache__) by extensions ['colcon_meta']
[0.427s] Level 1:colcon.colcon_core.package_identification:_identify(venv/lib/python3.12/site-packages/pip/_vendor/pygments/__pycache__) by extension 'colcon_meta'
[0.427s] Level 1:colcon.colcon_core.package_identification:_identify(venv/lib/python3.12/site-packages/pip/_vendor/pygments/__pycache__) by extensions ['ros']
[0.427s] Level 1:colcon.colcon_core.package_identification:_identify(venv/lib/python3.12/site-packages/pip/_vendor/pygments/__pycache__) by extension 'ros'
[0.427s] Level 1:colcon.colcon_core.package_identification:_identify(venv/lib/python3.12/site-packages/pip/_vendor/pygments/__pycache__) by extensions ['cmake', 'python']
[0.427s] Level 1:colcon.colcon_core.package_identification:_identify(venv/lib/python3.12/site-packages/pip/_vendor/pygments/__pycache__) by extension 'cmake'
[0.427s] Level 1:colcon.colcon_core.package_identification:_identify(venv/lib/python3.12/site-packages/pip/_vendor/pygments/__pycache__) by extension 'python'
[0.427s] Level 1:colcon.colcon_core.package_identification:_identify(venv/lib/python3.12/site-packages/pip/_vendor/pygments/__pycache__) by extensions ['python_setup_py']
[0.427s] Level 1:colcon.colcon_core.package_identification:_identify(venv/lib/python3.12/site-packages/pip/_vendor/pygments/__pycache__) by extension 'python_setup_py'
[0.428s] Level 1:colcon.colcon_core.package_identification:_identify(venv/lib/python3.12/site-packages/pip/_vendor/pygments/filters) by extensions ['ignore', 'ignore_ament_install']
[0.428s] Level 1:colcon.colcon_core.package_identification:_identify(venv/lib/python3.12/site-packages/pip/_vendor/pygments/filters) by extension 'ignore'
[0.428s] Level 1:colcon.colcon_core.package_identification:_identify(venv/lib/python3.12/site-packages/pip/_vendor/pygments/filters) by extension 'ignore_ament_install'
[0.428s] Level 1:colcon.colcon_core.package_identification:_identify(venv/lib/python3.12/site-packages/pip/_vendor/pygments/filters) by extensions ['colcon_pkg']
[0.428s] Level 1:colcon.colcon_core.package_identification:_identify(venv/lib/python3.12/site-packages/pip/_vendor/pygments/filters) by extension 'colcon_pkg'
[0.428s] Level 1:colcon.colcon_core.package_identification:_identify(venv/lib/python3.12/site-packages/pip/_vendor/pygments/filters) by extensions ['colcon_meta']
[0.428s] Level 1:colcon.colcon_core.package_identification:_identify(venv/lib/python3.12/site-packages/pip/_vendor/pygments/filters) by extension 'colcon_meta'
[0.428s] Level 1:colcon.colcon_core.package_identification:_identify(venv/lib/python3.12/site-packages/pip/_vendor/pygments/filters) by extensions ['ros']
[0.428s] Level 1:colcon.colcon_core.package_identification:_identify(venv/lib/python3.12/site-packages/pip/_vendor/pygments/filters) by extension 'ros'
[0.428s] Level 1:colcon.colcon_core.package_identification:_identify(venv/lib/python3.12/site-packages/pip/_vendor/pygments/filters) by extensions ['cmake', 'python']
[0.428s] Level 1:colcon.colcon_core.package_identification:_identify(venv/lib/python3.12/site-packages/pip/_vendor/pygments/filters) by extension 'cmake'
[0.428s] Level 1:colcon.colcon_core.package_identification:_identify(venv/lib/python3.12/site-packages/pip/_vendor/pygments/filters) by extension 'python'
[0.429s] Level 1:colcon.colcon_core.package_identification:_identify(venv/lib/python3.12/site-packages/pip/_vendor/pygments/filters) by extensions ['python_setup_py']
[0.429s] Level 1:colcon.colcon_core.package_identification:_identify(venv/lib/python3.12/site-packages/pip/_vendor/pygments/filters) by extension 'python_setup_py'
[0.429s] Level 1:colcon.colcon_core.package_identification:_identify(venv/lib/python3.12/site-packages/pip/_vendor/pygments/filters/__pycache__) by extensions ['ignore', 'ignore_ament_install']
[0.429s] Level 1:colcon.colcon_core.package_identification:_identify(venv/lib/python3.12/site-packages/pip/_vendor/pygments/filters/__pycache__) by extension 'ignore'
[0.429s] Level 1:colcon.colcon_core.package_identification:_identify(venv/lib/python3.12/site-packages/pip/_vendor/pygments/filters/__pycache__) by extension 'ignore_ament_install'
[0.429s] Level 1:colcon.colcon_core.package_identification:_identify(venv/lib/python3.12/site-packages/pip/_vendor/pygments/filters/__pycache__) by extensions ['colcon_pkg']
[0.429s] Level 1:colcon.colcon_core.package_identification:_identify(venv/lib/python3.12/site-packages/pip/_vendor/pygments/filters/__pycache__) by extension 'colcon_pkg'
[0.430s] Level 1:colcon.colcon_core.package_identification:_identify(venv/lib/python3.12/site-packages/pip/_vendor/pygments/filters/__pycache__) by extensions ['colcon_meta']
[0.430s] Level 1:colcon.colcon_core.package_identification:_identify(venv/lib/python3.12/site-packages/pip/_vendor/pygments/filters/__pycache__) by extension 'colcon_meta'
[0.430s] Level 1:colcon.colcon_core.package_identification:_identify(venv/lib/python3.12/site-packages/pip/_vendor/pygments/filters/__pycache__) by extensions ['ros']
[0.430s] Level 1:colcon.colcon_core.package_identification:_identify(venv/lib/python3.12/site-packages/pip/_vendor/pygments/filters/__pycache__) by extension 'ros'
[0.430s] Level 1:colcon.colcon_core.package_identification:_identify(venv/lib/python3.12/site-packages/pip/_vendor/pygments/filters/__pycache__) by extensions ['cmake', 'python']
[0.430s] Level 1:colcon.colcon_core.package_identification:_identify(venv/lib/python3.12/site-packages/pip/_vendor/pygments/filters/__pycache__) by extension 'cmake'
[0.430s] Level 1:colcon.colcon_core.package_identification:_identify(venv/lib/python3.12/site-packages/pip/_vendor/pygments/filters/__pycache__) by extension 'python'
[0.430s] Level 1:colcon.colcon_core.package_identification:_identify(venv/lib/python3.12/site-packages/pip/_vendor/pygments/filters/__pycache__) by extensions ['python_setup_py']
[0.430s] Level 1:colcon.colcon_core.package_identification:_identify(venv/lib/python3.12/site-packages/pip/_vendor/pygments/filters/__pycache__) by extension 'python_setup_py'
[0.430s] Level 1:colcon.colcon_core.package_identification:_identify(venv/lib/python3.12/site-packages/pip/_vendor/pygments/formatters) by extensions ['ignore', 'ignore_ament_install']
[0.431s] Level 1:colcon.colcon_core.package_identification:_identify(venv/lib/python3.12/site-packages/pip/_vendor/pygments/formatters) by extension 'ignore'
[0.431s] Level 1:colcon.colcon_core.package_identification:_identify(venv/lib/python3.12/site-packages/pip/_vendor/pygments/formatters) by extension 'ignore_ament_install'
[0.431s] Level 1:colcon.colcon_core.package_identification:_identify(venv/lib/python3.12/site-packages/pip/_vendor/pygments/formatters) by extensions ['colcon_pkg']
[0.431s] Level 1:colcon.colcon_core.package_identification:_identify(venv/lib/python3.12/site-packages/pip/_vendor/pygments/formatters) by extension 'colcon_pkg'
[0.431s] Level 1:colcon.colcon_core.package_identification:_identify(venv/lib/python3.12/site-packages/pip/_vendor/pygments/formatters) by extensions ['colcon_meta']
[0.431s] Level 1:colcon.colcon_core.package_identification:_identify(venv/lib/python3.12/site-packages/pip/_vendor/pygments/formatters) by extension 'colcon_meta'
[0.431s] Level 1:colcon.colcon_core.package_identification:_identify(venv/lib/python3.12/site-packages/pip/_vendor/pygments/formatters) by extensions ['ros']
[0.431s] Level 1:colcon.colcon_core.package_identification:_identify(venv/lib/python3.12/site-packages/pip/_vendor/pygments/formatters) by extension 'ros'
[0.431s] Level 1:colcon.colcon_core.package_identification:_identify(venv/lib/python3.12/site-packages/pip/_vendor/pygments/formatters) by extensions ['cmake', 'python']
[0.431s] Level 1:colcon.colcon_core.package_identification:_identify(venv/lib/python3.12/site-packages/pip/_vendor/pygments/formatters) by extension 'cmake'
[0.431s] Level 1:colcon.colcon_core.package_identification:_identify(venv/lib/python3.12/site-packages/pip/_vendor/pygments/formatters) by extension 'python'
[0.431s] Level 1:colcon.colcon_core.package_identification:_identify(venv/lib/python3.12/site-packages/pip/_vendor/pygments/formatters) by extensions ['python_setup_py']
[0.431s] Level 1:colcon.colcon_core.package_identification:_identify(venv/lib/python3.12/site-packages/pip/_vendor/pygments/formatters) by extension 'python_setup_py'
[0.432s] Level 1:colcon.colcon_core.package_identification:_identify(venv/lib/python3.12/site-packages/pip/_vendor/pygments/formatters/__pycache__) by extensions ['ignore', 'ignore_ament_install']
[0.432s] Level 1:colcon.colcon_core.package_identification:_identify(venv/lib/python3.12/site-packages/pip/_vendor/pygments/formatters/__pycache__) by extension 'ignore'
[0.432s] Level 1:colcon.colcon_core.package_identification:_identify(venv/lib/python3.12/site-packages/pip/_vendor/pygments/formatters/__pycache__) by extension 'ignore_ament_install'
[0.432s] Level 1:colcon.colcon_core.package_identification:_identify(venv/lib/python3.12/site-packages/pip/_vendor/pygments/formatters/__pycache__) by extensions ['colcon_pkg']
[0.432s] Level 1:colcon.colcon_core.package_identification:_identify(venv/lib/python3.12/site-packages/pip/_vendor/pygments/formatters/__pycache__) by extension 'colcon_pkg'
[0.432s] Level 1:colcon.colcon_core.package_identification:_identify(venv/lib/python3.12/site-packages/pip/_vendor/pygments/formatters/__pycache__) by extensions ['colcon_meta']
[0.432s] Level 1:colcon.colcon_core.package_identification:_identify(venv/lib/python3.12/site-packages/pip/_vendor/pygments/formatters/__pycache__) by extension 'colcon_meta'
[0.432s] Level 1:colcon.colcon_core.package_identification:_identify(venv/lib/python3.12/site-packages/pip/_vendor/pygments/formatters/__pycache__) by extensions ['ros']
[0.432s] Level 1:colcon.colcon_core.package_identification:_identify(venv/lib/python3.12/site-packages/pip/_vendor/pygments/formatters/__pycache__) by extension 'ros'
[0.432s] Level 1:colcon.colcon_core.package_identification:_identify(venv/lib/python3.12/site-packages/pip/_vendor/pygments/formatters/__pycache__) by extensions ['cmake', 'python']
[0.432s] Level 1:colcon.colcon_core.package_identification:_identify(venv/lib/python3.12/site-packages/pip/_vendor/pygments/formatters/__pycache__) by extension 'cmake'
[0.433s] Level 1:colcon.colcon_core.package_identification:_identify(venv/lib/python3.12/site-packages/pip/_vendor/pygments/formatters/__pycache__) by extension 'python'
[0.433s] Level 1:colcon.colcon_core.package_identification:_identify(venv/lib/python3.12/site-packages/pip/_vendor/pygments/formatters/__pycache__) by extensions ['python_setup_py']
[0.433s] Level 1:colcon.colcon_core.package_identification:_identify(venv/lib/python3.12/site-packages/pip/_vendor/pygments/formatters/__pycache__) by extension 'python_setup_py'
[0.433s] Level 1:colcon.colcon_core.package_identification:_identify(venv/lib/python3.12/site-packages/pip/_vendor/pygments/lexers) by extensions ['ignore', 'ignore_ament_install']
[0.433s] Level 1:colcon.colcon_core.package_identification:_identify(venv/lib/python3.12/site-packages/pip/_vendor/pygments/lexers) by extension 'ignore'
[0.433s] Level 1:colcon.colcon_core.package_identification:_identify(venv/lib/python3.12/site-packages/pip/_vendor/pygments/lexers) by extension 'ignore_ament_install'
[0.433s] Level 1:colcon.colcon_core.package_identification:_identify(venv/lib/python3.12/site-packages/pip/_vendor/pygments/lexers) by extensions ['colcon_pkg']
[0.433s] Level 1:colcon.colcon_core.package_identification:_identify(venv/lib/python3.12/site-packages/pip/_vendor/pygments/lexers) by extension 'colcon_pkg'
[0.433s] Level 1:colcon.colcon_core.package_identification:_identify(venv/lib/python3.12/site-packages/pip/_vendor/pygments/lexers) by extensions ['colcon_meta']
[0.434s] Level 1:colcon.colcon_core.package_identification:_identify(venv/lib/python3.12/site-packages/pip/_vendor/pygments/lexers) by extension 'colcon_meta'
[0.434s] Level 1:colcon.colcon_core.package_identification:_identify(venv/lib/python3.12/site-packages/pip/_vendor/pygments/lexers) by extensions ['ros']
[0.434s] Level 1:colcon.colcon_core.package_identification:_identify(venv/lib/python3.12/site-packages/pip/_vendor/pygments/lexers) by extension 'ros'
[0.434s] Level 1:colcon.colcon_core.package_identification:_identify(venv/lib/python3.12/site-packages/pip/_vendor/pygments/lexers) by extensions ['cmake', 'python']
[0.434s] Level 1:colcon.colcon_core.package_identification:_identify(venv/lib/python3.12/site-packages/pip/_vendor/pygments/lexers) by extension 'cmake'
[0.434s] Level 1:colcon.colcon_core.package_identification:_identify(venv/lib/python3.12/site-packages/pip/_vendor/pygments/lexers) by extension 'python'
[0.434s] Level 1:colcon.colcon_core.package_identification:_identify(venv/lib/python3.12/site-packages/pip/_vendor/pygments/lexers) by extensions ['python_setup_py']
[0.434s] Level 1:colcon.colcon_core.package_identification:_identify(venv/lib/python3.12/site-packages/pip/_vendor/pygments/lexers) by extension 'python_setup_py'
[0.434s] Level 1:colcon.colcon_core.package_identification:_identify(venv/lib/python3.12/site-packages/pip/_vendor/pygments/lexers/__pycache__) by extensions ['ignore', 'ignore_ament_install']
[0.435s] Level 1:colcon.colcon_core.package_identification:_identify(venv/lib/python3.12/site-packages/pip/_vendor/pygments/lexers/__pycache__) by extension 'ignore'
[0.435s] Level 1:colcon.colcon_core.package_identification:_identify(venv/lib/python3.12/site-packages/pip/_vendor/pygments/lexers/__pycache__) by extension 'ignore_ament_install'
[0.435s] Level 1:colcon.colcon_core.package_identification:_identify(venv/lib/python3.12/site-packages/pip/_vendor/pygments/lexers/__pycache__) by extensions ['colcon_pkg']
[0.435s] Level 1:colcon.colcon_core.package_identification:_identify(venv/lib/python3.12/site-packages/pip/_vendor/pygments/lexers/__pycache__) by extension 'colcon_pkg'
[0.435s] Level 1:colcon.colcon_core.package_identification:_identify(venv/lib/python3.12/site-packages/pip/_vendor/pygments/lexers/__pycache__) by extensions ['colcon_meta']
[0.435s] Level 1:colcon.colcon_core.package_identification:_identify(venv/lib/python3.12/site-packages/pip/_vendor/pygments/lexers/__pycache__) by extension 'colcon_meta'
[0.435s] Level 1:colcon.colcon_core.package_identification:_identify(venv/lib/python3.12/site-packages/pip/_vendor/pygments/lexers/__pycache__) by extensions ['ros']
[0.435s] Level 1:colcon.colcon_core.package_identification:_identify(venv/lib/python3.12/site-packages/pip/_vendor/pygments/lexers/__pycache__) by extension 'ros'
[0.435s] Level 1:colcon.colcon_core.package_identification:_identify(venv/lib/python3.12/site-packages/pip/_vendor/pygments/lexers/__pycache__) by extensions ['cmake', 'python']
[0.435s] Level 1:colcon.colcon_core.package_identification:_identify(venv/lib/python3.12/site-packages/pip/_vendor/pygments/lexers/__pycache__) by extension 'cmake'
[0.435s] Level 1:colcon.colcon_core.package_identification:_identify(venv/lib/python3.12/site-packages/pip/_vendor/pygments/lexers/__pycache__) by extension 'python'
[0.435s] Level 1:colcon.colcon_core.package_identification:_identify(venv/lib/python3.12/site-packages/pip/_vendor/pygments/lexers/__pycache__) by extensions ['python_setup_py']
[0.435s] Level 1:colcon.colcon_core.package_identification:_identify(venv/lib/python3.12/site-packages/pip/_vendor/pygments/lexers/__pycache__) by extension 'python_setup_py'
[0.436s] Level 1:colcon.colcon_core.package_identification:_identify(venv/lib/python3.12/site-packages/pip/_vendor/pygments/styles) by extensions ['ignore', 'ignore_ament_install']
[0.436s] Level 1:colcon.colcon_core.package_identification:_identify(venv/lib/python3.12/site-packages/pip/_vendor/pygments/styles) by extension 'ignore'
[0.436s] Level 1:colcon.colcon_core.package_identification:_identify(venv/lib/python3.12/site-packages/pip/_vendor/pygments/styles) by extension 'ignore_ament_install'
[0.436s] Level 1:colcon.colcon_core.package_identification:_identify(venv/lib/python3.12/site-packages/pip/_vendor/pygments/styles) by extensions ['colcon_pkg']
[0.436s] Level 1:colcon.colcon_core.package_identification:_identify(venv/lib/python3.12/site-packages/pip/_vendor/pygments/styles) by extension 'colcon_pkg'
[0.436s] Level 1:colcon.colcon_core.package_identification:_identify(venv/lib/python3.12/site-packages/pip/_vendor/pygments/styles) by extensions ['colcon_meta']
[0.436s] Level 1:colcon.colcon_core.package_identification:_identify(venv/lib/python3.12/site-packages/pip/_vendor/pygments/styles) by extension 'colcon_meta'
[0.436s] Level 1:colcon.colcon_core.package_identification:_identify(venv/lib/python3.12/site-packages/pip/_vendor/pygments/styles) by extensions ['ros']
[0.436s] Level 1:colcon.colcon_core.package_identification:_identify(venv/lib/python3.12/site-packages/pip/_vendor/pygments/styles) by extension 'ros'
[0.436s] Level 1:colcon.colcon_core.package_identification:_identify(venv/lib/python3.12/site-packages/pip/_vendor/pygments/styles) by extensions ['cmake', 'python']
[0.436s] Level 1:colcon.colcon_core.package_identification:_identify(venv/lib/python3.12/site-packages/pip/_vendor/pygments/styles) by extension 'cmake'
[0.436s] Level 1:colcon.colcon_core.package_identification:_identify(venv/lib/python3.12/site-packages/pip/_vendor/pygments/styles) by extension 'python'
[0.436s] Level 1:colcon.colcon_core.package_identification:_identify(venv/lib/python3.12/site-packages/pip/_vendor/pygments/styles) by extensions ['python_setup_py']
[0.436s] Level 1:colcon.colcon_core.package_identification:_identify(venv/lib/python3.12/site-packages/pip/_vendor/pygments/styles) by extension 'python_setup_py'
[0.437s] Level 1:colcon.colcon_core.package_identification:_identify(venv/lib/python3.12/site-packages/pip/_vendor/pygments/styles/__pycache__) by extensions ['ignore', 'ignore_ament_install']
[0.437s] Level 1:colcon.colcon_core.package_identification:_identify(venv/lib/python3.12/site-packages/pip/_vendor/pygments/styles/__pycache__) by extension 'ignore'
[0.437s] Level 1:colcon.colcon_core.package_identification:_identify(venv/lib/python3.12/site-packages/pip/_vendor/pygments/styles/__pycache__) by extension 'ignore_ament_install'
[0.437s] Level 1:colcon.colcon_core.package_identification:_identify(venv/lib/python3.12/site-packages/pip/_vendor/pygments/styles/__pycache__) by extensions ['colcon_pkg']
[0.437s] Level 1:colcon.colcon_core.package_identification:_identify(venv/lib/python3.12/site-packages/pip/_vendor/pygments/styles/__pycache__) by extension 'colcon_pkg'
[0.437s] Level 1:colcon.colcon_core.package_identification:_identify(venv/lib/python3.12/site-packages/pip/_vendor/pygments/styles/__pycache__) by extensions ['colcon_meta']
[0.437s] Level 1:colcon.colcon_core.package_identification:_identify(venv/lib/python3.12/site-packages/pip/_vendor/pygments/styles/__pycache__) by extension 'colcon_meta'
[0.437s] Level 1:colcon.colcon_core.package_identification:_identify(venv/lib/python3.12/site-packages/pip/_vendor/pygments/styles/__pycache__) by extensions ['ros']
[0.438s] Level 1:colcon.colcon_core.package_identification:_identify(venv/lib/python3.12/site-packages/pip/_vendor/pygments/styles/__pycache__) by extension 'ros'
[0.438s] Level 1:colcon.colcon_core.package_identification:_identify(venv/lib/python3.12/site-packages/pip/_vendor/pygments/styles/__pycache__) by extensions ['cmake', 'python']
[0.438s] Level 1:colcon.colcon_core.package_identification:_identify(venv/lib/python3.12/site-packages/pip/_vendor/pygments/styles/__pycache__) by extension 'cmake'
[0.438s] Level 1:colcon.colcon_core.package_identification:_identify(venv/lib/python3.12/site-packages/pip/_vendor/pygments/styles/__pycache__) by extension 'python'
[0.438s] Level 1:colcon.colcon_core.package_identification:_identify(venv/lib/python3.12/site-packages/pip/_vendor/pygments/styles/__pycache__) by extensions ['python_setup_py']
[0.438s] Level 1:colcon.colcon_core.package_identification:_identify(venv/lib/python3.12/site-packages/pip/_vendor/pygments/styles/__pycache__) by extension 'python_setup_py'
[0.438s] Level 1:colcon.colcon_core.package_identification:_identify(venv/lib/python3.12/site-packages/pip/_vendor/pyparsing) by extensions ['ignore', 'ignore_ament_install']
[0.438s] Level 1:colcon.colcon_core.package_identification:_identify(venv/lib/python3.12/site-packages/pip/_vendor/pyparsing) by extension 'ignore'
[0.439s] Level 1:colcon.colcon_core.package_identification:_identify(venv/lib/python3.12/site-packages/pip/_vendor/pyparsing) by extension 'ignore_ament_install'
[0.439s] Level 1:colcon.colcon_core.package_identification:_identify(venv/lib/python3.12/site-packages/pip/_vendor/pyparsing) by extensions ['colcon_pkg']
[0.439s] Level 1:colcon.colcon_core.package_identification:_identify(venv/lib/python3.12/site-packages/pip/_vendor/pyparsing) by extension 'colcon_pkg'
[0.439s] Level 1:colcon.colcon_core.package_identification:_identify(venv/lib/python3.12/site-packages/pip/_vendor/pyparsing) by extensions ['colcon_meta']
[0.439s] Level 1:colcon.colcon_core.package_identification:_identify(venv/lib/python3.12/site-packages/pip/_vendor/pyparsing) by extension 'colcon_meta'
[0.439s] Level 1:colcon.colcon_core.package_identification:_identify(venv/lib/python3.12/site-packages/pip/_vendor/pyparsing) by extensions ['ros']
[0.439s] Level 1:colcon.colcon_core.package_identification:_identify(venv/lib/python3.12/site-packages/pip/_vendor/pyparsing) by extension 'ros'
[0.439s] Level 1:colcon.colcon_core.package_identification:_identify(venv/lib/python3.12/site-packages/pip/_vendor/pyparsing) by extensions ['cmake', 'python']
[0.439s] Level 1:colcon.colcon_core.package_identification:_identify(venv/lib/python3.12/site-packages/pip/_vendor/pyparsing) by extension 'cmake'
[0.439s] Level 1:colcon.colcon_core.package_identification:_identify(venv/lib/python3.12/site-packages/pip/_vendor/pyparsing) by extension 'python'
[0.439s] Level 1:colcon.colcon_core.package_identification:_identify(venv/lib/python3.12/site-packages/pip/_vendor/pyparsing) by extensions ['python_setup_py']
[0.439s] Level 1:colcon.colcon_core.package_identification:_identify(venv/lib/python3.12/site-packages/pip/_vendor/pyparsing) by extension 'python_setup_py'
[0.440s] Level 1:colcon.colcon_core.package_identification:_identify(venv/lib/python3.12/site-packages/pip/_vendor/pyparsing/__pycache__) by extensions ['ignore', 'ignore_ament_install']
[0.440s] Level 1:colcon.colcon_core.package_identification:_identify(venv/lib/python3.12/site-packages/pip/_vendor/pyparsing/__pycache__) by extension 'ignore'
[0.440s] Level 1:colcon.colcon_core.package_identification:_identify(venv/lib/python3.12/site-packages/pip/_vendor/pyparsing/__pycache__) by extension 'ignore_ament_install'
[0.440s] Level 1:colcon.colcon_core.package_identification:_identify(venv/lib/python3.12/site-packages/pip/_vendor/pyparsing/__pycache__) by extensions ['colcon_pkg']
[0.440s] Level 1:colcon.colcon_core.package_identification:_identify(venv/lib/python3.12/site-packages/pip/_vendor/pyparsing/__pycache__) by extension 'colcon_pkg'
[0.440s] Level 1:colcon.colcon_core.package_identification:_identify(venv/lib/python3.12/site-packages/pip/_vendor/pyparsing/__pycache__) by extensions ['colcon_meta']
[0.440s] Level 1:colcon.colcon_core.package_identification:_identify(venv/lib/python3.12/site-packages/pip/_vendor/pyparsing/__pycache__) by extension 'colcon_meta'
[0.440s] Level 1:colcon.colcon_core.package_identification:_identify(venv/lib/python3.12/site-packages/pip/_vendor/pyparsing/__pycache__) by extensions ['ros']
[0.440s] Level 1:colcon.colcon_core.package_identification:_identify(venv/lib/python3.12/site-packages/pip/_vendor/pyparsing/__pycache__) by extension 'ros'
[0.440s] Level 1:colcon.colcon_core.package_identification:_identify(venv/lib/python3.12/site-packages/pip/_vendor/pyparsing/__pycache__) by extensions ['cmake', 'python']
[0.440s] Level 1:colcon.colcon_core.package_identification:_identify(venv/lib/python3.12/site-packages/pip/_vendor/pyparsing/__pycache__) by extension 'cmake'
[0.440s] Level 1:colcon.colcon_core.package_identification:_identify(venv/lib/python3.12/site-packages/pip/_vendor/pyparsing/__pycache__) by extension 'python'
[0.440s] Level 1:colcon.colcon_core.package_identification:_identify(venv/lib/python3.12/site-packages/pip/_vendor/pyparsing/__pycache__) by extensions ['python_setup_py']
[0.440s] Level 1:colcon.colcon_core.package_identification:_identify(venv/lib/python3.12/site-packages/pip/_vendor/pyparsing/__pycache__) by extension 'python_setup_py'
[0.441s] Level 1:colcon.colcon_core.package_identification:_identify(venv/lib/python3.12/site-packages/pip/_vendor/pyparsing/diagram) by extensions ['ignore', 'ignore_ament_install']
[0.441s] Level 1:colcon.colcon_core.package_identification:_identify(venv/lib/python3.12/site-packages/pip/_vendor/pyparsing/diagram) by extension 'ignore'
[0.441s] Level 1:colcon.colcon_core.package_identification:_identify(venv/lib/python3.12/site-packages/pip/_vendor/pyparsing/diagram) by extension 'ignore_ament_install'
[0.441s] Level 1:colcon.colcon_core.package_identification:_identify(venv/lib/python3.12/site-packages/pip/_vendor/pyparsing/diagram) by extensions ['colcon_pkg']
[0.441s] Level 1:colcon.colcon_core.package_identification:_identify(venv/lib/python3.12/site-packages/pip/_vendor/pyparsing/diagram) by extension 'colcon_pkg'
[0.441s] Level 1:colcon.colcon_core.package_identification:_identify(venv/lib/python3.12/site-packages/pip/_vendor/pyparsing/diagram) by extensions ['colcon_meta']
[0.441s] Level 1:colcon.colcon_core.package_identification:_identify(venv/lib/python3.12/site-packages/pip/_vendor/pyparsing/diagram) by extension 'colcon_meta'
[0.441s] Level 1:colcon.colcon_core.package_identification:_identify(venv/lib/python3.12/site-packages/pip/_vendor/pyparsing/diagram) by extensions ['ros']
[0.441s] Level 1:colcon.colcon_core.package_identification:_identify(venv/lib/python3.12/site-packages/pip/_vendor/pyparsing/diagram) by extension 'ros'
[0.442s] Level 1:colcon.colcon_core.package_identification:_identify(venv/lib/python3.12/site-packages/pip/_vendor/pyparsing/diagram) by extensions ['cmake', 'python']
[0.442s] Level 1:colcon.colcon_core.package_identification:_identify(venv/lib/python3.12/site-packages/pip/_vendor/pyparsing/diagram) by extension 'cmake'
[0.442s] Level 1:colcon.colcon_core.package_identification:_identify(venv/lib/python3.12/site-packages/pip/_vendor/pyparsing/diagram) by extension 'python'
[0.442s] Level 1:colcon.colcon_core.package_identification:_identify(venv/lib/python3.12/site-packages/pip/_vendor/pyparsing/diagram) by extensions ['python_setup_py']
[0.442s] Level 1:colcon.colcon_core.package_identification:_identify(venv/lib/python3.12/site-packages/pip/_vendor/pyparsing/diagram) by extension 'python_setup_py'
[0.442s] Level 1:colcon.colcon_core.package_identification:_identify(venv/lib/python3.12/site-packages/pip/_vendor/pyparsing/diagram/__pycache__) by extensions ['ignore', 'ignore_ament_install']
[0.442s] Level 1:colcon.colcon_core.package_identification:_identify(venv/lib/python3.12/site-packages/pip/_vendor/pyparsing/diagram/__pycache__) by extension 'ignore'
[0.442s] Level 1:colcon.colcon_core.package_identification:_identify(venv/lib/python3.12/site-packages/pip/_vendor/pyparsing/diagram/__pycache__) by extension 'ignore_ament_install'
[0.443s] Level 1:colcon.colcon_core.package_identification:_identify(venv/lib/python3.12/site-packages/pip/_vendor/pyparsing/diagram/__pycache__) by extensions ['colcon_pkg']
[0.443s] Level 1:colcon.colcon_core.package_identification:_identify(venv/lib/python3.12/site-packages/pip/_vendor/pyparsing/diagram/__pycache__) by extension 'colcon_pkg'
[0.443s] Level 1:colcon.colcon_core.package_identification:_identify(venv/lib/python3.12/site-packages/pip/_vendor/pyparsing/diagram/__pycache__) by extensions ['colcon_meta']
[0.443s] Level 1:colcon.colcon_core.package_identification:_identify(venv/lib/python3.12/site-packages/pip/_vendor/pyparsing/diagram/__pycache__) by extension 'colcon_meta'
[0.443s] Level 1:colcon.colcon_core.package_identification:_identify(venv/lib/python3.12/site-packages/pip/_vendor/pyparsing/diagram/__pycache__) by extensions ['ros']
[0.443s] Level 1:colcon.colcon_core.package_identification:_identify(venv/lib/python3.12/site-packages/pip/_vendor/pyparsing/diagram/__pycache__) by extension 'ros'
[0.443s] Level 1:colcon.colcon_core.package_identification:_identify(venv/lib/python3.12/site-packages/pip/_vendor/pyparsing/diagram/__pycache__) by extensions ['cmake', 'python']
[0.443s] Level 1:colcon.colcon_core.package_identification:_identify(venv/lib/python3.12/site-packages/pip/_vendor/pyparsing/diagram/__pycache__) by extension 'cmake'
[0.443s] Level 1:colcon.colcon_core.package_identification:_identify(venv/lib/python3.12/site-packages/pip/_vendor/pyparsing/diagram/__pycache__) by extension 'python'
[0.443s] Level 1:colcon.colcon_core.package_identification:_identify(venv/lib/python3.12/site-packages/pip/_vendor/pyparsing/diagram/__pycache__) by extensions ['python_setup_py']
[0.443s] Level 1:colcon.colcon_core.package_identification:_identify(venv/lib/python3.12/site-packages/pip/_vendor/pyparsing/diagram/__pycache__) by extension 'python_setup_py'
[0.444s] Level 1:colcon.colcon_core.package_identification:_identify(venv/lib/python3.12/site-packages/pip/_vendor/pyproject_hooks) by extensions ['ignore', 'ignore_ament_install']
[0.444s] Level 1:colcon.colcon_core.package_identification:_identify(venv/lib/python3.12/site-packages/pip/_vendor/pyproject_hooks) by extension 'ignore'
[0.444s] Level 1:colcon.colcon_core.package_identification:_identify(venv/lib/python3.12/site-packages/pip/_vendor/pyproject_hooks) by extension 'ignore_ament_install'
[0.444s] Level 1:colcon.colcon_core.package_identification:_identify(venv/lib/python3.12/site-packages/pip/_vendor/pyproject_hooks) by extensions ['colcon_pkg']
[0.444s] Level 1:colcon.colcon_core.package_identification:_identify(venv/lib/python3.12/site-packages/pip/_vendor/pyproject_hooks) by extension 'colcon_pkg'
[0.444s] Level 1:colcon.colcon_core.package_identification:_identify(venv/lib/python3.12/site-packages/pip/_vendor/pyproject_hooks) by extensions ['colcon_meta']
[0.444s] Level 1:colcon.colcon_core.package_identification:_identify(venv/lib/python3.12/site-packages/pip/_vendor/pyproject_hooks) by extension 'colcon_meta'
[0.444s] Level 1:colcon.colcon_core.package_identification:_identify(venv/lib/python3.12/site-packages/pip/_vendor/pyproject_hooks) by extensions ['ros']
[0.444s] Level 1:colcon.colcon_core.package_identification:_identify(venv/lib/python3.12/site-packages/pip/_vendor/pyproject_hooks) by extension 'ros'
[0.444s] Level 1:colcon.colcon_core.package_identification:_identify(venv/lib/python3.12/site-packages/pip/_vendor/pyproject_hooks) by extensions ['cmake', 'python']
[0.444s] Level 1:colcon.colcon_core.package_identification:_identify(venv/lib/python3.12/site-packages/pip/_vendor/pyproject_hooks) by extension 'cmake'
[0.444s] Level 1:colcon.colcon_core.package_identification:_identify(venv/lib/python3.12/site-packages/pip/_vendor/pyproject_hooks) by extension 'python'
[0.444s] Level 1:colcon.colcon_core.package_identification:_identify(venv/lib/python3.12/site-packages/pip/_vendor/pyproject_hooks) by extensions ['python_setup_py']
[0.444s] Level 1:colcon.colcon_core.package_identification:_identify(venv/lib/python3.12/site-packages/pip/_vendor/pyproject_hooks) by extension 'python_setup_py'
[0.445s] Level 1:colcon.colcon_core.package_identification:_identify(venv/lib/python3.12/site-packages/pip/_vendor/pyproject_hooks/__pycache__) by extensions ['ignore', 'ignore_ament_install']
[0.445s] Level 1:colcon.colcon_core.package_identification:_identify(venv/lib/python3.12/site-packages/pip/_vendor/pyproject_hooks/__pycache__) by extension 'ignore'
[0.445s] Level 1:colcon.colcon_core.package_identification:_identify(venv/lib/python3.12/site-packages/pip/_vendor/pyproject_hooks/__pycache__) by extension 'ignore_ament_install'
[0.445s] Level 1:colcon.colcon_core.package_identification:_identify(venv/lib/python3.12/site-packages/pip/_vendor/pyproject_hooks/__pycache__) by extensions ['colcon_pkg']
[0.445s] Level 1:colcon.colcon_core.package_identification:_identify(venv/lib/python3.12/site-packages/pip/_vendor/pyproject_hooks/__pycache__) by extension 'colcon_pkg'
[0.445s] Level 1:colcon.colcon_core.package_identification:_identify(venv/lib/python3.12/site-packages/pip/_vendor/pyproject_hooks/__pycache__) by extensions ['colcon_meta']
[0.445s] Level 1:colcon.colcon_core.package_identification:_identify(venv/lib/python3.12/site-packages/pip/_vendor/pyproject_hooks/__pycache__) by extension 'colcon_meta'
[0.445s] Level 1:colcon.colcon_core.package_identification:_identify(venv/lib/python3.12/site-packages/pip/_vendor/pyproject_hooks/__pycache__) by extensions ['ros']
[0.445s] Level 1:colcon.colcon_core.package_identification:_identify(venv/lib/python3.12/site-packages/pip/_vendor/pyproject_hooks/__pycache__) by extension 'ros'
[0.445s] Level 1:colcon.colcon_core.package_identification:_identify(venv/lib/python3.12/site-packages/pip/_vendor/pyproject_hooks/__pycache__) by extensions ['cmake', 'python']
[0.445s] Level 1:colcon.colcon_core.package_identification:_identify(venv/lib/python3.12/site-packages/pip/_vendor/pyproject_hooks/__pycache__) by extension 'cmake'
[0.446s] Level 1:colcon.colcon_core.package_identification:_identify(venv/lib/python3.12/site-packages/pip/_vendor/pyproject_hooks/__pycache__) by extension 'python'
[0.446s] Level 1:colcon.colcon_core.package_identification:_identify(venv/lib/python3.12/site-packages/pip/_vendor/pyproject_hooks/__pycache__) by extensions ['python_setup_py']
[0.446s] Level 1:colcon.colcon_core.package_identification:_identify(venv/lib/python3.12/site-packages/pip/_vendor/pyproject_hooks/__pycache__) by extension 'python_setup_py'
[0.446s] Level 1:colcon.colcon_core.package_identification:_identify(venv/lib/python3.12/site-packages/pip/_vendor/pyproject_hooks/_in_process) by extensions ['ignore', 'ignore_ament_install']
[0.446s] Level 1:colcon.colcon_core.package_identification:_identify(venv/lib/python3.12/site-packages/pip/_vendor/pyproject_hooks/_in_process) by extension 'ignore'
[0.446s] Level 1:colcon.colcon_core.package_identification:_identify(venv/lib/python3.12/site-packages/pip/_vendor/pyproject_hooks/_in_process) by extension 'ignore_ament_install'
[0.446s] Level 1:colcon.colcon_core.package_identification:_identify(venv/lib/python3.12/site-packages/pip/_vendor/pyproject_hooks/_in_process) by extensions ['colcon_pkg']
[0.446s] Level 1:colcon.colcon_core.package_identification:_identify(venv/lib/python3.12/site-packages/pip/_vendor/pyproject_hooks/_in_process) by extension 'colcon_pkg'
[0.447s] Level 1:colcon.colcon_core.package_identification:_identify(venv/lib/python3.12/site-packages/pip/_vendor/pyproject_hooks/_in_process) by extensions ['colcon_meta']
[0.447s] Level 1:colcon.colcon_core.package_identification:_identify(venv/lib/python3.12/site-packages/pip/_vendor/pyproject_hooks/_in_process) by extension 'colcon_meta'
[0.447s] Level 1:colcon.colcon_core.package_identification:_identify(venv/lib/python3.12/site-packages/pip/_vendor/pyproject_hooks/_in_process) by extensions ['ros']
[0.447s] Level 1:colcon.colcon_core.package_identification:_identify(venv/lib/python3.12/site-packages/pip/_vendor/pyproject_hooks/_in_process) by extension 'ros'
[0.447s] Level 1:colcon.colcon_core.package_identification:_identify(venv/lib/python3.12/site-packages/pip/_vendor/pyproject_hooks/_in_process) by extensions ['cmake', 'python']
[0.447s] Level 1:colcon.colcon_core.package_identification:_identify(venv/lib/python3.12/site-packages/pip/_vendor/pyproject_hooks/_in_process) by extension 'cmake'
[0.447s] Level 1:colcon.colcon_core.package_identification:_identify(venv/lib/python3.12/site-packages/pip/_vendor/pyproject_hooks/_in_process) by extension 'python'
[0.447s] Level 1:colcon.colcon_core.package_identification:_identify(venv/lib/python3.12/site-packages/pip/_vendor/pyproject_hooks/_in_process) by extensions ['python_setup_py']
[0.447s] Level 1:colcon.colcon_core.package_identification:_identify(venv/lib/python3.12/site-packages/pip/_vendor/pyproject_hooks/_in_process) by extension 'python_setup_py'
[0.447s] Level 1:colcon.colcon_core.package_identification:_identify(venv/lib/python3.12/site-packages/pip/_vendor/pyproject_hooks/_in_process/__pycache__) by extensions ['ignore', 'ignore_ament_install']
[0.448s] Level 1:colcon.colcon_core.package_identification:_identify(venv/lib/python3.12/site-packages/pip/_vendor/pyproject_hooks/_in_process/__pycache__) by extension 'ignore'
[0.448s] Level 1:colcon.colcon_core.package_identification:_identify(venv/lib/python3.12/site-packages/pip/_vendor/pyproject_hooks/_in_process/__pycache__) by extension 'ignore_ament_install'
[0.448s] Level 1:colcon.colcon_core.package_identification:_identify(venv/lib/python3.12/site-packages/pip/_vendor/pyproject_hooks/_in_process/__pycache__) by extensions ['colcon_pkg']
[0.448s] Level 1:colcon.colcon_core.package_identification:_identify(venv/lib/python3.12/site-packages/pip/_vendor/pyproject_hooks/_in_process/__pycache__) by extension 'colcon_pkg'
[0.448s] Level 1:colcon.colcon_core.package_identification:_identify(venv/lib/python3.12/site-packages/pip/_vendor/pyproject_hooks/_in_process/__pycache__) by extensions ['colcon_meta']
[0.448s] Level 1:colcon.colcon_core.package_identification:_identify(venv/lib/python3.12/site-packages/pip/_vendor/pyproject_hooks/_in_process/__pycache__) by extension 'colcon_meta'
[0.448s] Level 1:colcon.colcon_core.package_identification:_identify(venv/lib/python3.12/site-packages/pip/_vendor/pyproject_hooks/_in_process/__pycache__) by extensions ['ros']
[0.448s] Level 1:colcon.colcon_core.package_identification:_identify(venv/lib/python3.12/site-packages/pip/_vendor/pyproject_hooks/_in_process/__pycache__) by extension 'ros'
[0.448s] Level 1:colcon.colcon_core.package_identification:_identify(venv/lib/python3.12/site-packages/pip/_vendor/pyproject_hooks/_in_process/__pycache__) by extensions ['cmake', 'python']
[0.448s] Level 1:colcon.colcon_core.package_identification:_identify(venv/lib/python3.12/site-packages/pip/_vendor/pyproject_hooks/_in_process/__pycache__) by extension 'cmake'
[0.448s] Level 1:colcon.colcon_core.package_identification:_identify(venv/lib/python3.12/site-packages/pip/_vendor/pyproject_hooks/_in_process/__pycache__) by extension 'python'
[0.448s] Level 1:colcon.colcon_core.package_identification:_identify(venv/lib/python3.12/site-packages/pip/_vendor/pyproject_hooks/_in_process/__pycache__) by extensions ['python_setup_py']
[0.448s] Level 1:colcon.colcon_core.package_identification:_identify(venv/lib/python3.12/site-packages/pip/_vendor/pyproject_hooks/_in_process/__pycache__) by extension 'python_setup_py'
[0.449s] Level 1:colcon.colcon_core.package_identification:_identify(venv/lib/python3.12/site-packages/pip/_vendor/requests) by extensions ['ignore', 'ignore_ament_install']
[0.449s] Level 1:colcon.colcon_core.package_identification:_identify(venv/lib/python3.12/site-packages/pip/_vendor/requests) by extension 'ignore'
[0.449s] Level 1:colcon.colcon_core.package_identification:_identify(venv/lib/python3.12/site-packages/pip/_vendor/requests) by extension 'ignore_ament_install'
[0.449s] Level 1:colcon.colcon_core.package_identification:_identify(venv/lib/python3.12/site-packages/pip/_vendor/requests) by extensions ['colcon_pkg']
[0.449s] Level 1:colcon.colcon_core.package_identification:_identify(venv/lib/python3.12/site-packages/pip/_vendor/requests) by extension 'colcon_pkg'
[0.449s] Level 1:colcon.colcon_core.package_identification:_identify(venv/lib/python3.12/site-packages/pip/_vendor/requests) by extensions ['colcon_meta']
[0.449s] Level 1:colcon.colcon_core.package_identification:_identify(venv/lib/python3.12/site-packages/pip/_vendor/requests) by extension 'colcon_meta'
[0.449s] Level 1:colcon.colcon_core.package_identification:_identify(venv/lib/python3.12/site-packages/pip/_vendor/requests) by extensions ['ros']
[0.449s] Level 1:colcon.colcon_core.package_identification:_identify(venv/lib/python3.12/site-packages/pip/_vendor/requests) by extension 'ros'
[0.449s] Level 1:colcon.colcon_core.package_identification:_identify(venv/lib/python3.12/site-packages/pip/_vendor/requests) by extensions ['cmake', 'python']
[0.449s] Level 1:colcon.colcon_core.package_identification:_identify(venv/lib/python3.12/site-packages/pip/_vendor/requests) by extension 'cmake'
[0.450s] Level 1:colcon.colcon_core.package_identification:_identify(venv/lib/python3.12/site-packages/pip/_vendor/requests) by extension 'python'
[0.450s] Level 1:colcon.colcon_core.package_identification:_identify(venv/lib/python3.12/site-packages/pip/_vendor/requests) by extensions ['python_setup_py']
[0.450s] Level 1:colcon.colcon_core.package_identification:_identify(venv/lib/python3.12/site-packages/pip/_vendor/requests) by extension 'python_setup_py'
[0.450s] Level 1:colcon.colcon_core.package_identification:_identify(venv/lib/python3.12/site-packages/pip/_vendor/requests/__pycache__) by extensions ['ignore', 'ignore_ament_install']
[0.450s] Level 1:colcon.colcon_core.package_identification:_identify(venv/lib/python3.12/site-packages/pip/_vendor/requests/__pycache__) by extension 'ignore'
[0.450s] Level 1:colcon.colcon_core.package_identification:_identify(venv/lib/python3.12/site-packages/pip/_vendor/requests/__pycache__) by extension 'ignore_ament_install'
[0.450s] Level 1:colcon.colcon_core.package_identification:_identify(venv/lib/python3.12/site-packages/pip/_vendor/requests/__pycache__) by extensions ['colcon_pkg']
[0.450s] Level 1:colcon.colcon_core.package_identification:_identify(venv/lib/python3.12/site-packages/pip/_vendor/requests/__pycache__) by extension 'colcon_pkg'
[0.450s] Level 1:colcon.colcon_core.package_identification:_identify(venv/lib/python3.12/site-packages/pip/_vendor/requests/__pycache__) by extensions ['colcon_meta']
[0.451s] Level 1:colcon.colcon_core.package_identification:_identify(venv/lib/python3.12/site-packages/pip/_vendor/requests/__pycache__) by extension 'colcon_meta'
[0.451s] Level 1:colcon.colcon_core.package_identification:_identify(venv/lib/python3.12/site-packages/pip/_vendor/requests/__pycache__) by extensions ['ros']
[0.451s] Level 1:colcon.colcon_core.package_identification:_identify(venv/lib/python3.12/site-packages/pip/_vendor/requests/__pycache__) by extension 'ros'
[0.451s] Level 1:colcon.colcon_core.package_identification:_identify(venv/lib/python3.12/site-packages/pip/_vendor/requests/__pycache__) by extensions ['cmake', 'python']
[0.451s] Level 1:colcon.colcon_core.package_identification:_identify(venv/lib/python3.12/site-packages/pip/_vendor/requests/__pycache__) by extension 'cmake'
[0.451s] Level 1:colcon.colcon_core.package_identification:_identify(venv/lib/python3.12/site-packages/pip/_vendor/requests/__pycache__) by extension 'python'
[0.451s] Level 1:colcon.colcon_core.package_identification:_identify(venv/lib/python3.12/site-packages/pip/_vendor/requests/__pycache__) by extensions ['python_setup_py']
[0.451s] Level 1:colcon.colcon_core.package_identification:_identify(venv/lib/python3.12/site-packages/pip/_vendor/requests/__pycache__) by extension 'python_setup_py'
[0.451s] Level 1:colcon.colcon_core.package_identification:_identify(venv/lib/python3.12/site-packages/pip/_vendor/resolvelib) by extensions ['ignore', 'ignore_ament_install']
[0.452s] Level 1:colcon.colcon_core.package_identification:_identify(venv/lib/python3.12/site-packages/pip/_vendor/resolvelib) by extension 'ignore'
[0.452s] Level 1:colcon.colcon_core.package_identification:_identify(venv/lib/python3.12/site-packages/pip/_vendor/resolvelib) by extension 'ignore_ament_install'
[0.452s] Level 1:colcon.colcon_core.package_identification:_identify(venv/lib/python3.12/site-packages/pip/_vendor/resolvelib) by extensions ['colcon_pkg']
[0.452s] Level 1:colcon.colcon_core.package_identification:_identify(venv/lib/python3.12/site-packages/pip/_vendor/resolvelib) by extension 'colcon_pkg'
[0.452s] Level 1:colcon.colcon_core.package_identification:_identify(venv/lib/python3.12/site-packages/pip/_vendor/resolvelib) by extensions ['colcon_meta']
[0.452s] Level 1:colcon.colcon_core.package_identification:_identify(venv/lib/python3.12/site-packages/pip/_vendor/resolvelib) by extension 'colcon_meta'
[0.452s] Level 1:colcon.colcon_core.package_identification:_identify(venv/lib/python3.12/site-packages/pip/_vendor/resolvelib) by extensions ['ros']
[0.452s] Level 1:colcon.colcon_core.package_identification:_identify(venv/lib/python3.12/site-packages/pip/_vendor/resolvelib) by extension 'ros'
[0.452s] Level 1:colcon.colcon_core.package_identification:_identify(venv/lib/python3.12/site-packages/pip/_vendor/resolvelib) by extensions ['cmake', 'python']
[0.452s] Level 1:colcon.colcon_core.package_identification:_identify(venv/lib/python3.12/site-packages/pip/_vendor/resolvelib) by extension 'cmake'
[0.452s] Level 1:colcon.colcon_core.package_identification:_identify(venv/lib/python3.12/site-packages/pip/_vendor/resolvelib) by extension 'python'
[0.452s] Level 1:colcon.colcon_core.package_identification:_identify(venv/lib/python3.12/site-packages/pip/_vendor/resolvelib) by extensions ['python_setup_py']
[0.452s] Level 1:colcon.colcon_core.package_identification:_identify(venv/lib/python3.12/site-packages/pip/_vendor/resolvelib) by extension 'python_setup_py'
[0.453s] Level 1:colcon.colcon_core.package_identification:_identify(venv/lib/python3.12/site-packages/pip/_vendor/resolvelib/__pycache__) by extensions ['ignore', 'ignore_ament_install']
[0.453s] Level 1:colcon.colcon_core.package_identification:_identify(venv/lib/python3.12/site-packages/pip/_vendor/resolvelib/__pycache__) by extension 'ignore'
[0.453s] Level 1:colcon.colcon_core.package_identification:_identify(venv/lib/python3.12/site-packages/pip/_vendor/resolvelib/__pycache__) by extension 'ignore_ament_install'
[0.453s] Level 1:colcon.colcon_core.package_identification:_identify(venv/lib/python3.12/site-packages/pip/_vendor/resolvelib/__pycache__) by extensions ['colcon_pkg']
[0.453s] Level 1:colcon.colcon_core.package_identification:_identify(venv/lib/python3.12/site-packages/pip/_vendor/resolvelib/__pycache__) by extension 'colcon_pkg'
[0.453s] Level 1:colcon.colcon_core.package_identification:_identify(venv/lib/python3.12/site-packages/pip/_vendor/resolvelib/__pycache__) by extensions ['colcon_meta']
[0.453s] Level 1:colcon.colcon_core.package_identification:_identify(venv/lib/python3.12/site-packages/pip/_vendor/resolvelib/__pycache__) by extension 'colcon_meta'
[0.453s] Level 1:colcon.colcon_core.package_identification:_identify(venv/lib/python3.12/site-packages/pip/_vendor/resolvelib/__pycache__) by extensions ['ros']
[0.453s] Level 1:colcon.colcon_core.package_identification:_identify(venv/lib/python3.12/site-packages/pip/_vendor/resolvelib/__pycache__) by extension 'ros'
[0.453s] Level 1:colcon.colcon_core.package_identification:_identify(venv/lib/python3.12/site-packages/pip/_vendor/resolvelib/__pycache__) by extensions ['cmake', 'python']
[0.453s] Level 1:colcon.colcon_core.package_identification:_identify(venv/lib/python3.12/site-packages/pip/_vendor/resolvelib/__pycache__) by extension 'cmake'
[0.453s] Level 1:colcon.colcon_core.package_identification:_identify(venv/lib/python3.12/site-packages/pip/_vendor/resolvelib/__pycache__) by extension 'python'
[0.453s] Level 1:colcon.colcon_core.package_identification:_identify(venv/lib/python3.12/site-packages/pip/_vendor/resolvelib/__pycache__) by extensions ['python_setup_py']
[0.454s] Level 1:colcon.colcon_core.package_identification:_identify(venv/lib/python3.12/site-packages/pip/_vendor/resolvelib/__pycache__) by extension 'python_setup_py'
[0.454s] Level 1:colcon.colcon_core.package_identification:_identify(venv/lib/python3.12/site-packages/pip/_vendor/resolvelib/compat) by extensions ['ignore', 'ignore_ament_install']
[0.454s] Level 1:colcon.colcon_core.package_identification:_identify(venv/lib/python3.12/site-packages/pip/_vendor/resolvelib/compat) by extension 'ignore'
[0.454s] Level 1:colcon.colcon_core.package_identification:_identify(venv/lib/python3.12/site-packages/pip/_vendor/resolvelib/compat) by extension 'ignore_ament_install'
[0.454s] Level 1:colcon.colcon_core.package_identification:_identify(venv/lib/python3.12/site-packages/pip/_vendor/resolvelib/compat) by extensions ['colcon_pkg']
[0.454s] Level 1:colcon.colcon_core.package_identification:_identify(venv/lib/python3.12/site-packages/pip/_vendor/resolvelib/compat) by extension 'colcon_pkg'
[0.454s] Level 1:colcon.colcon_core.package_identification:_identify(venv/lib/python3.12/site-packages/pip/_vendor/resolvelib/compat) by extensions ['colcon_meta']
[0.454s] Level 1:colcon.colcon_core.package_identification:_identify(venv/lib/python3.12/site-packages/pip/_vendor/resolvelib/compat) by extension 'colcon_meta'
[0.455s] Level 1:colcon.colcon_core.package_identification:_identify(venv/lib/python3.12/site-packages/pip/_vendor/resolvelib/compat) by extensions ['ros']
[0.455s] Level 1:colcon.colcon_core.package_identification:_identify(venv/lib/python3.12/site-packages/pip/_vendor/resolvelib/compat) by extension 'ros'
[0.455s] Level 1:colcon.colcon_core.package_identification:_identify(venv/lib/python3.12/site-packages/pip/_vendor/resolvelib/compat) by extensions ['cmake', 'python']
[0.455s] Level 1:colcon.colcon_core.package_identification:_identify(venv/lib/python3.12/site-packages/pip/_vendor/resolvelib/compat) by extension 'cmake'
[0.455s] Level 1:colcon.colcon_core.package_identification:_identify(venv/lib/python3.12/site-packages/pip/_vendor/resolvelib/compat) by extension 'python'
[0.455s] Level 1:colcon.colcon_core.package_identification:_identify(venv/lib/python3.12/site-packages/pip/_vendor/resolvelib/compat) by extensions ['python_setup_py']
[0.455s] Level 1:colcon.colcon_core.package_identification:_identify(venv/lib/python3.12/site-packages/pip/_vendor/resolvelib/compat) by extension 'python_setup_py'
[0.455s] Level 1:colcon.colcon_core.package_identification:_identify(venv/lib/python3.12/site-packages/pip/_vendor/resolvelib/compat/__pycache__) by extensions ['ignore', 'ignore_ament_install']
[0.455s] Level 1:colcon.colcon_core.package_identification:_identify(venv/lib/python3.12/site-packages/pip/_vendor/resolvelib/compat/__pycache__) by extension 'ignore'
[0.456s] Level 1:colcon.colcon_core.package_identification:_identify(venv/lib/python3.12/site-packages/pip/_vendor/resolvelib/compat/__pycache__) by extension 'ignore_ament_install'
[0.456s] Level 1:colcon.colcon_core.package_identification:_identify(venv/lib/python3.12/site-packages/pip/_vendor/resolvelib/compat/__pycache__) by extensions ['colcon_pkg']
[0.456s] Level 1:colcon.colcon_core.package_identification:_identify(venv/lib/python3.12/site-packages/pip/_vendor/resolvelib/compat/__pycache__) by extension 'colcon_pkg'
[0.456s] Level 1:colcon.colcon_core.package_identification:_identify(venv/lib/python3.12/site-packages/pip/_vendor/resolvelib/compat/__pycache__) by extensions ['colcon_meta']
[0.456s] Level 1:colcon.colcon_core.package_identification:_identify(venv/lib/python3.12/site-packages/pip/_vendor/resolvelib/compat/__pycache__) by extension 'colcon_meta'
[0.456s] Level 1:colcon.colcon_core.package_identification:_identify(venv/lib/python3.12/site-packages/pip/_vendor/resolvelib/compat/__pycache__) by extensions ['ros']
[0.456s] Level 1:colcon.colcon_core.package_identification:_identify(venv/lib/python3.12/site-packages/pip/_vendor/resolvelib/compat/__pycache__) by extension 'ros'
[0.456s] Level 1:colcon.colcon_core.package_identification:_identify(venv/lib/python3.12/site-packages/pip/_vendor/resolvelib/compat/__pycache__) by extensions ['cmake', 'python']
[0.456s] Level 1:colcon.colcon_core.package_identification:_identify(venv/lib/python3.12/site-packages/pip/_vendor/resolvelib/compat/__pycache__) by extension 'cmake'
[0.456s] Level 1:colcon.colcon_core.package_identification:_identify(venv/lib/python3.12/site-packages/pip/_vendor/resolvelib/compat/__pycache__) by extension 'python'
[0.456s] Level 1:colcon.colcon_core.package_identification:_identify(venv/lib/python3.12/site-packages/pip/_vendor/resolvelib/compat/__pycache__) by extensions ['python_setup_py']
[0.456s] Level 1:colcon.colcon_core.package_identification:_identify(venv/lib/python3.12/site-packages/pip/_vendor/resolvelib/compat/__pycache__) by extension 'python_setup_py'
[0.457s] Level 1:colcon.colcon_core.package_identification:_identify(venv/lib/python3.12/site-packages/pip/_vendor/rich) by extensions ['ignore', 'ignore_ament_install']
[0.457s] Level 1:colcon.colcon_core.package_identification:_identify(venv/lib/python3.12/site-packages/pip/_vendor/rich) by extension 'ignore'
[0.457s] Level 1:colcon.colcon_core.package_identification:_identify(venv/lib/python3.12/site-packages/pip/_vendor/rich) by extension 'ignore_ament_install'
[0.457s] Level 1:colcon.colcon_core.package_identification:_identify(venv/lib/python3.12/site-packages/pip/_vendor/rich) by extensions ['colcon_pkg']
[0.457s] Level 1:colcon.colcon_core.package_identification:_identify(venv/lib/python3.12/site-packages/pip/_vendor/rich) by extension 'colcon_pkg'
[0.457s] Level 1:colcon.colcon_core.package_identification:_identify(venv/lib/python3.12/site-packages/pip/_vendor/rich) by extensions ['colcon_meta']
[0.457s] Level 1:colcon.colcon_core.package_identification:_identify(venv/lib/python3.12/site-packages/pip/_vendor/rich) by extension 'colcon_meta'
[0.457s] Level 1:colcon.colcon_core.package_identification:_identify(venv/lib/python3.12/site-packages/pip/_vendor/rich) by extensions ['ros']
[0.457s] Level 1:colcon.colcon_core.package_identification:_identify(venv/lib/python3.12/site-packages/pip/_vendor/rich) by extension 'ros'
[0.457s] Level 1:colcon.colcon_core.package_identification:_identify(venv/lib/python3.12/site-packages/pip/_vendor/rich) by extensions ['cmake', 'python']
[0.457s] Level 1:colcon.colcon_core.package_identification:_identify(venv/lib/python3.12/site-packages/pip/_vendor/rich) by extension 'cmake'
[0.457s] Level 1:colcon.colcon_core.package_identification:_identify(venv/lib/python3.12/site-packages/pip/_vendor/rich) by extension 'python'
[0.457s] Level 1:colcon.colcon_core.package_identification:_identify(venv/lib/python3.12/site-packages/pip/_vendor/rich) by extensions ['python_setup_py']
[0.458s] Level 1:colcon.colcon_core.package_identification:_identify(venv/lib/python3.12/site-packages/pip/_vendor/rich) by extension 'python_setup_py'
[0.458s] Level 1:colcon.colcon_core.package_identification:_identify(venv/lib/python3.12/site-packages/pip/_vendor/rich/__pycache__) by extensions ['ignore', 'ignore_ament_install']
[0.458s] Level 1:colcon.colcon_core.package_identification:_identify(venv/lib/python3.12/site-packages/pip/_vendor/rich/__pycache__) by extension 'ignore'
[0.458s] Level 1:colcon.colcon_core.package_identification:_identify(venv/lib/python3.12/site-packages/pip/_vendor/rich/__pycache__) by extension 'ignore_ament_install'
[0.458s] Level 1:colcon.colcon_core.package_identification:_identify(venv/lib/python3.12/site-packages/pip/_vendor/rich/__pycache__) by extensions ['colcon_pkg']
[0.458s] Level 1:colcon.colcon_core.package_identification:_identify(venv/lib/python3.12/site-packages/pip/_vendor/rich/__pycache__) by extension 'colcon_pkg'
[0.459s] Level 1:colcon.colcon_core.package_identification:_identify(venv/lib/python3.12/site-packages/pip/_vendor/rich/__pycache__) by extensions ['colcon_meta']
[0.459s] Level 1:colcon.colcon_core.package_identification:_identify(venv/lib/python3.12/site-packages/pip/_vendor/rich/__pycache__) by extension 'colcon_meta'
[0.459s] Level 1:colcon.colcon_core.package_identification:_identify(venv/lib/python3.12/site-packages/pip/_vendor/rich/__pycache__) by extensions ['ros']
[0.459s] Level 1:colcon.colcon_core.package_identification:_identify(venv/lib/python3.12/site-packages/pip/_vendor/rich/__pycache__) by extension 'ros'
[0.459s] Level 1:colcon.colcon_core.package_identification:_identify(venv/lib/python3.12/site-packages/pip/_vendor/rich/__pycache__) by extensions ['cmake', 'python']
[0.459s] Level 1:colcon.colcon_core.package_identification:_identify(venv/lib/python3.12/site-packages/pip/_vendor/rich/__pycache__) by extension 'cmake'
[0.459s] Level 1:colcon.colcon_core.package_identification:_identify(venv/lib/python3.12/site-packages/pip/_vendor/rich/__pycache__) by extension 'python'
[0.459s] Level 1:colcon.colcon_core.package_identification:_identify(venv/lib/python3.12/site-packages/pip/_vendor/rich/__pycache__) by extensions ['python_setup_py']
[0.459s] Level 1:colcon.colcon_core.package_identification:_identify(venv/lib/python3.12/site-packages/pip/_vendor/rich/__pycache__) by extension 'python_setup_py'
[0.460s] Level 1:colcon.colcon_core.package_identification:_identify(venv/lib/python3.12/site-packages/pip/_vendor/tenacity) by extensions ['ignore', 'ignore_ament_install']
[0.460s] Level 1:colcon.colcon_core.package_identification:_identify(venv/lib/python3.12/site-packages/pip/_vendor/tenacity) by extension 'ignore'
[0.460s] Level 1:colcon.colcon_core.package_identification:_identify(venv/lib/python3.12/site-packages/pip/_vendor/tenacity) by extension 'ignore_ament_install'
[0.460s] Level 1:colcon.colcon_core.package_identification:_identify(venv/lib/python3.12/site-packages/pip/_vendor/tenacity) by extensions ['colcon_pkg']
[0.460s] Level 1:colcon.colcon_core.package_identification:_identify(venv/lib/python3.12/site-packages/pip/_vendor/tenacity) by extension 'colcon_pkg'
[0.460s] Level 1:colcon.colcon_core.package_identification:_identify(venv/lib/python3.12/site-packages/pip/_vendor/tenacity) by extensions ['colcon_meta']
[0.460s] Level 1:colcon.colcon_core.package_identification:_identify(venv/lib/python3.12/site-packages/pip/_vendor/tenacity) by extension 'colcon_meta'
[0.460s] Level 1:colcon.colcon_core.package_identification:_identify(venv/lib/python3.12/site-packages/pip/_vendor/tenacity) by extensions ['ros']
[0.460s] Level 1:colcon.colcon_core.package_identification:_identify(venv/lib/python3.12/site-packages/pip/_vendor/tenacity) by extension 'ros'
[0.460s] Level 1:colcon.colcon_core.package_identification:_identify(venv/lib/python3.12/site-packages/pip/_vendor/tenacity) by extensions ['cmake', 'python']
[0.460s] Level 1:colcon.colcon_core.package_identification:_identify(venv/lib/python3.12/site-packages/pip/_vendor/tenacity) by extension 'cmake'
[0.460s] Level 1:colcon.colcon_core.package_identification:_identify(venv/lib/python3.12/site-packages/pip/_vendor/tenacity) by extension 'python'
[0.460s] Level 1:colcon.colcon_core.package_identification:_identify(venv/lib/python3.12/site-packages/pip/_vendor/tenacity) by extensions ['python_setup_py']
[0.460s] Level 1:colcon.colcon_core.package_identification:_identify(venv/lib/python3.12/site-packages/pip/_vendor/tenacity) by extension 'python_setup_py'
[0.461s] Level 1:colcon.colcon_core.package_identification:_identify(venv/lib/python3.12/site-packages/pip/_vendor/tenacity/__pycache__) by extensions ['ignore', 'ignore_ament_install']
[0.461s] Level 1:colcon.colcon_core.package_identification:_identify(venv/lib/python3.12/site-packages/pip/_vendor/tenacity/__pycache__) by extension 'ignore'
[0.461s] Level 1:colcon.colcon_core.package_identification:_identify(venv/lib/python3.12/site-packages/pip/_vendor/tenacity/__pycache__) by extension 'ignore_ament_install'
[0.461s] Level 1:colcon.colcon_core.package_identification:_identify(venv/lib/python3.12/site-packages/pip/_vendor/tenacity/__pycache__) by extensions ['colcon_pkg']
[0.461s] Level 1:colcon.colcon_core.package_identification:_identify(venv/lib/python3.12/site-packages/pip/_vendor/tenacity/__pycache__) by extension 'colcon_pkg'
[0.461s] Level 1:colcon.colcon_core.package_identification:_identify(venv/lib/python3.12/site-packages/pip/_vendor/tenacity/__pycache__) by extensions ['colcon_meta']
[0.461s] Level 1:colcon.colcon_core.package_identification:_identify(venv/lib/python3.12/site-packages/pip/_vendor/tenacity/__pycache__) by extension 'colcon_meta'
[0.461s] Level 1:colcon.colcon_core.package_identification:_identify(venv/lib/python3.12/site-packages/pip/_vendor/tenacity/__pycache__) by extensions ['ros']
[0.461s] Level 1:colcon.colcon_core.package_identification:_identify(venv/lib/python3.12/site-packages/pip/_vendor/tenacity/__pycache__) by extension 'ros'
[0.461s] Level 1:colcon.colcon_core.package_identification:_identify(venv/lib/python3.12/site-packages/pip/_vendor/tenacity/__pycache__) by extensions ['cmake', 'python']
[0.461s] Level 1:colcon.colcon_core.package_identification:_identify(venv/lib/python3.12/site-packages/pip/_vendor/tenacity/__pycache__) by extension 'cmake'
[0.462s] Level 1:colcon.colcon_core.package_identification:_identify(venv/lib/python3.12/site-packages/pip/_vendor/tenacity/__pycache__) by extension 'python'
[0.462s] Level 1:colcon.colcon_core.package_identification:_identify(venv/lib/python3.12/site-packages/pip/_vendor/tenacity/__pycache__) by extensions ['python_setup_py']
[0.462s] Level 1:colcon.colcon_core.package_identification:_identify(venv/lib/python3.12/site-packages/pip/_vendor/tenacity/__pycache__) by extension 'python_setup_py'
[0.462s] Level 1:colcon.colcon_core.package_identification:_identify(venv/lib/python3.12/site-packages/pip/_vendor/tomli) by extensions ['ignore', 'ignore_ament_install']
[0.462s] Level 1:colcon.colcon_core.package_identification:_identify(venv/lib/python3.12/site-packages/pip/_vendor/tomli) by extension 'ignore'
[0.462s] Level 1:colcon.colcon_core.package_identification:_identify(venv/lib/python3.12/site-packages/pip/_vendor/tomli) by extension 'ignore_ament_install'
[0.462s] Level 1:colcon.colcon_core.package_identification:_identify(venv/lib/python3.12/site-packages/pip/_vendor/tomli) by extensions ['colcon_pkg']
[0.462s] Level 1:colcon.colcon_core.package_identification:_identify(venv/lib/python3.12/site-packages/pip/_vendor/tomli) by extension 'colcon_pkg'
[0.463s] Level 1:colcon.colcon_core.package_identification:_identify(venv/lib/python3.12/site-packages/pip/_vendor/tomli) by extensions ['colcon_meta']
[0.463s] Level 1:colcon.colcon_core.package_identification:_identify(venv/lib/python3.12/site-packages/pip/_vendor/tomli) by extension 'colcon_meta'
[0.463s] Level 1:colcon.colcon_core.package_identification:_identify(venv/lib/python3.12/site-packages/pip/_vendor/tomli) by extensions ['ros']
[0.463s] Level 1:colcon.colcon_core.package_identification:_identify(venv/lib/python3.12/site-packages/pip/_vendor/tomli) by extension 'ros'
[0.463s] Level 1:colcon.colcon_core.package_identification:_identify(venv/lib/python3.12/site-packages/pip/_vendor/tomli) by extensions ['cmake', 'python']
[0.463s] Level 1:colcon.colcon_core.package_identification:_identify(venv/lib/python3.12/site-packages/pip/_vendor/tomli) by extension 'cmake'
[0.463s] Level 1:colcon.colcon_core.package_identification:_identify(venv/lib/python3.12/site-packages/pip/_vendor/tomli) by extension 'python'
[0.463s] Level 1:colcon.colcon_core.package_identification:_identify(venv/lib/python3.12/site-packages/pip/_vendor/tomli) by extensions ['python_setup_py']
[0.463s] Level 1:colcon.colcon_core.package_identification:_identify(venv/lib/python3.12/site-packages/pip/_vendor/tomli) by extension 'python_setup_py'
[0.464s] Level 1:colcon.colcon_core.package_identification:_identify(venv/lib/python3.12/site-packages/pip/_vendor/tomli/__pycache__) by extensions ['ignore', 'ignore_ament_install']
[0.464s] Level 1:colcon.colcon_core.package_identification:_identify(venv/lib/python3.12/site-packages/pip/_vendor/tomli/__pycache__) by extension 'ignore'
[0.464s] Level 1:colcon.colcon_core.package_identification:_identify(venv/lib/python3.12/site-packages/pip/_vendor/tomli/__pycache__) by extension 'ignore_ament_install'
[0.464s] Level 1:colcon.colcon_core.package_identification:_identify(venv/lib/python3.12/site-packages/pip/_vendor/tomli/__pycache__) by extensions ['colcon_pkg']
[0.464s] Level 1:colcon.colcon_core.package_identification:_identify(venv/lib/python3.12/site-packages/pip/_vendor/tomli/__pycache__) by extension 'colcon_pkg'
[0.464s] Level 1:colcon.colcon_core.package_identification:_identify(venv/lib/python3.12/site-packages/pip/_vendor/tomli/__pycache__) by extensions ['colcon_meta']
[0.464s] Level 1:colcon.colcon_core.package_identification:_identify(venv/lib/python3.12/site-packages/pip/_vendor/tomli/__pycache__) by extension 'colcon_meta'
[0.464s] Level 1:colcon.colcon_core.package_identification:_identify(venv/lib/python3.12/site-packages/pip/_vendor/tomli/__pycache__) by extensions ['ros']
[0.464s] Level 1:colcon.colcon_core.package_identification:_identify(venv/lib/python3.12/site-packages/pip/_vendor/tomli/__pycache__) by extension 'ros'
[0.464s] Level 1:colcon.colcon_core.package_identification:_identify(venv/lib/python3.12/site-packages/pip/_vendor/tomli/__pycache__) by extensions ['cmake', 'python']
[0.464s] Level 1:colcon.colcon_core.package_identification:_identify(venv/lib/python3.12/site-packages/pip/_vendor/tomli/__pycache__) by extension 'cmake'
[0.464s] Level 1:colcon.colcon_core.package_identification:_identify(venv/lib/python3.12/site-packages/pip/_vendor/tomli/__pycache__) by extension 'python'
[0.464s] Level 1:colcon.colcon_core.package_identification:_identify(venv/lib/python3.12/site-packages/pip/_vendor/tomli/__pycache__) by extensions ['python_setup_py']
[0.464s] Level 1:colcon.colcon_core.package_identification:_identify(venv/lib/python3.12/site-packages/pip/_vendor/tomli/__pycache__) by extension 'python_setup_py'
[0.465s] Level 1:colcon.colcon_core.package_identification:_identify(venv/lib/python3.12/site-packages/pip/_vendor/truststore) by extensions ['ignore', 'ignore_ament_install']
[0.465s] Level 1:colcon.colcon_core.package_identification:_identify(venv/lib/python3.12/site-packages/pip/_vendor/truststore) by extension 'ignore'
[0.465s] Level 1:colcon.colcon_core.package_identification:_identify(venv/lib/python3.12/site-packages/pip/_vendor/truststore) by extension 'ignore_ament_install'
[0.465s] Level 1:colcon.colcon_core.package_identification:_identify(venv/lib/python3.12/site-packages/pip/_vendor/truststore) by extensions ['colcon_pkg']
[0.465s] Level 1:colcon.colcon_core.package_identification:_identify(venv/lib/python3.12/site-packages/pip/_vendor/truststore) by extension 'colcon_pkg'
[0.465s] Level 1:colcon.colcon_core.package_identification:_identify(venv/lib/python3.12/site-packages/pip/_vendor/truststore) by extensions ['colcon_meta']
[0.465s] Level 1:colcon.colcon_core.package_identification:_identify(venv/lib/python3.12/site-packages/pip/_vendor/truststore) by extension 'colcon_meta'
[0.465s] Level 1:colcon.colcon_core.package_identification:_identify(venv/lib/python3.12/site-packages/pip/_vendor/truststore) by extensions ['ros']
[0.465s] Level 1:colcon.colcon_core.package_identification:_identify(venv/lib/python3.12/site-packages/pip/_vendor/truststore) by extension 'ros'
[0.465s] Level 1:colcon.colcon_core.package_identification:_identify(venv/lib/python3.12/site-packages/pip/_vendor/truststore) by extensions ['cmake', 'python']
[0.466s] Level 1:colcon.colcon_core.package_identification:_identify(venv/lib/python3.12/site-packages/pip/_vendor/truststore) by extension 'cmake'
[0.466s] Level 1:colcon.colcon_core.package_identification:_identify(venv/lib/python3.12/site-packages/pip/_vendor/truststore) by extension 'python'
[0.466s] Level 1:colcon.colcon_core.package_identification:_identify(venv/lib/python3.12/site-packages/pip/_vendor/truststore) by extensions ['python_setup_py']
[0.466s] Level 1:colcon.colcon_core.package_identification:_identify(venv/lib/python3.12/site-packages/pip/_vendor/truststore) by extension 'python_setup_py'
[0.466s] Level 1:colcon.colcon_core.package_identification:_identify(venv/lib/python3.12/site-packages/pip/_vendor/truststore/__pycache__) by extensions ['ignore', 'ignore_ament_install']
[0.466s] Level 1:colcon.colcon_core.package_identification:_identify(venv/lib/python3.12/site-packages/pip/_vendor/truststore/__pycache__) by extension 'ignore'
[0.466s] Level 1:colcon.colcon_core.package_identification:_identify(venv/lib/python3.12/site-packages/pip/_vendor/truststore/__pycache__) by extension 'ignore_ament_install'
[0.467s] Level 1:colcon.colcon_core.package_identification:_identify(venv/lib/python3.12/site-packages/pip/_vendor/truststore/__pycache__) by extensions ['colcon_pkg']
[0.467s] Level 1:colcon.colcon_core.package_identification:_identify(venv/lib/python3.12/site-packages/pip/_vendor/truststore/__pycache__) by extension 'colcon_pkg'
[0.467s] Level 1:colcon.colcon_core.package_identification:_identify(venv/lib/python3.12/site-packages/pip/_vendor/truststore/__pycache__) by extensions ['colcon_meta']
[0.467s] Level 1:colcon.colcon_core.package_identification:_identify(venv/lib/python3.12/site-packages/pip/_vendor/truststore/__pycache__) by extension 'colcon_meta'
[0.467s] Level 1:colcon.colcon_core.package_identification:_identify(venv/lib/python3.12/site-packages/pip/_vendor/truststore/__pycache__) by extensions ['ros']
[0.467s] Level 1:colcon.colcon_core.package_identification:_identify(venv/lib/python3.12/site-packages/pip/_vendor/truststore/__pycache__) by extension 'ros'
[0.467s] Level 1:colcon.colcon_core.package_identification:_identify(venv/lib/python3.12/site-packages/pip/_vendor/truststore/__pycache__) by extensions ['cmake', 'python']
[0.467s] Level 1:colcon.colcon_core.package_identification:_identify(venv/lib/python3.12/site-packages/pip/_vendor/truststore/__pycache__) by extension 'cmake'
[0.467s] Level 1:colcon.colcon_core.package_identification:_identify(venv/lib/python3.12/site-packages/pip/_vendor/truststore/__pycache__) by extension 'python'
[0.467s] Level 1:colcon.colcon_core.package_identification:_identify(venv/lib/python3.12/site-packages/pip/_vendor/truststore/__pycache__) by extensions ['python_setup_py']
[0.467s] Level 1:colcon.colcon_core.package_identification:_identify(venv/lib/python3.12/site-packages/pip/_vendor/truststore/__pycache__) by extension 'python_setup_py'
[0.468s] Level 1:colcon.colcon_core.package_identification:_identify(venv/lib/python3.12/site-packages/pip/_vendor/urllib3) by extensions ['ignore', 'ignore_ament_install']
[0.468s] Level 1:colcon.colcon_core.package_identification:_identify(venv/lib/python3.12/site-packages/pip/_vendor/urllib3) by extension 'ignore'
[0.468s] Level 1:colcon.colcon_core.package_identification:_identify(venv/lib/python3.12/site-packages/pip/_vendor/urllib3) by extension 'ignore_ament_install'
[0.468s] Level 1:colcon.colcon_core.package_identification:_identify(venv/lib/python3.12/site-packages/pip/_vendor/urllib3) by extensions ['colcon_pkg']
[0.468s] Level 1:colcon.colcon_core.package_identification:_identify(venv/lib/python3.12/site-packages/pip/_vendor/urllib3) by extension 'colcon_pkg'
[0.468s] Level 1:colcon.colcon_core.package_identification:_identify(venv/lib/python3.12/site-packages/pip/_vendor/urllib3) by extensions ['colcon_meta']
[0.468s] Level 1:colcon.colcon_core.package_identification:_identify(venv/lib/python3.12/site-packages/pip/_vendor/urllib3) by extension 'colcon_meta'
[0.468s] Level 1:colcon.colcon_core.package_identification:_identify(venv/lib/python3.12/site-packages/pip/_vendor/urllib3) by extensions ['ros']
[0.468s] Level 1:colcon.colcon_core.package_identification:_identify(venv/lib/python3.12/site-packages/pip/_vendor/urllib3) by extension 'ros'
[0.468s] Level 1:colcon.colcon_core.package_identification:_identify(venv/lib/python3.12/site-packages/pip/_vendor/urllib3) by extensions ['cmake', 'python']
[0.468s] Level 1:colcon.colcon_core.package_identification:_identify(venv/lib/python3.12/site-packages/pip/_vendor/urllib3) by extension 'cmake'
[0.469s] Level 1:colcon.colcon_core.package_identification:_identify(venv/lib/python3.12/site-packages/pip/_vendor/urllib3) by extension 'python'
[0.469s] Level 1:colcon.colcon_core.package_identification:_identify(venv/lib/python3.12/site-packages/pip/_vendor/urllib3) by extensions ['python_setup_py']
[0.469s] Level 1:colcon.colcon_core.package_identification:_identify(venv/lib/python3.12/site-packages/pip/_vendor/urllib3) by extension 'python_setup_py'
[0.469s] Level 1:colcon.colcon_core.package_identification:_identify(venv/lib/python3.12/site-packages/pip/_vendor/urllib3/__pycache__) by extensions ['ignore', 'ignore_ament_install']
[0.469s] Level 1:colcon.colcon_core.package_identification:_identify(venv/lib/python3.12/site-packages/pip/_vendor/urllib3/__pycache__) by extension 'ignore'
[0.469s] Level 1:colcon.colcon_core.package_identification:_identify(venv/lib/python3.12/site-packages/pip/_vendor/urllib3/__pycache__) by extension 'ignore_ament_install'
[0.470s] Level 1:colcon.colcon_core.package_identification:_identify(venv/lib/python3.12/site-packages/pip/_vendor/urllib3/__pycache__) by extensions ['colcon_pkg']
[0.470s] Level 1:colcon.colcon_core.package_identification:_identify(venv/lib/python3.12/site-packages/pip/_vendor/urllib3/__pycache__) by extension 'colcon_pkg'
[0.470s] Level 1:colcon.colcon_core.package_identification:_identify(venv/lib/python3.12/site-packages/pip/_vendor/urllib3/__pycache__) by extensions ['colcon_meta']
[0.470s] Level 1:colcon.colcon_core.package_identification:_identify(venv/lib/python3.12/site-packages/pip/_vendor/urllib3/__pycache__) by extension 'colcon_meta'
[0.470s] Level 1:colcon.colcon_core.package_identification:_identify(venv/lib/python3.12/site-packages/pip/_vendor/urllib3/__pycache__) by extensions ['ros']
[0.470s] Level 1:colcon.colcon_core.package_identification:_identify(venv/lib/python3.12/site-packages/pip/_vendor/urllib3/__pycache__) by extension 'ros'
[0.470s] Level 1:colcon.colcon_core.package_identification:_identify(venv/lib/python3.12/site-packages/pip/_vendor/urllib3/__pycache__) by extensions ['cmake', 'python']
[0.470s] Level 1:colcon.colcon_core.package_identification:_identify(venv/lib/python3.12/site-packages/pip/_vendor/urllib3/__pycache__) by extension 'cmake'
[0.470s] Level 1:colcon.colcon_core.package_identification:_identify(venv/lib/python3.12/site-packages/pip/_vendor/urllib3/__pycache__) by extension 'python'
[0.470s] Level 1:colcon.colcon_core.package_identification:_identify(venv/lib/python3.12/site-packages/pip/_vendor/urllib3/__pycache__) by extensions ['python_setup_py']
[0.470s] Level 1:colcon.colcon_core.package_identification:_identify(venv/lib/python3.12/site-packages/pip/_vendor/urllib3/__pycache__) by extension 'python_setup_py'
[0.471s] Level 1:colcon.colcon_core.package_identification:_identify(venv/lib/python3.12/site-packages/pip/_vendor/urllib3/contrib) by extensions ['ignore', 'ignore_ament_install']
[0.471s] Level 1:colcon.colcon_core.package_identification:_identify(venv/lib/python3.12/site-packages/pip/_vendor/urllib3/contrib) by extension 'ignore'
[0.471s] Level 1:colcon.colcon_core.package_identification:_identify(venv/lib/python3.12/site-packages/pip/_vendor/urllib3/contrib) by extension 'ignore_ament_install'
[0.471s] Level 1:colcon.colcon_core.package_identification:_identify(venv/lib/python3.12/site-packages/pip/_vendor/urllib3/contrib) by extensions ['colcon_pkg']
[0.471s] Level 1:colcon.colcon_core.package_identification:_identify(venv/lib/python3.12/site-packages/pip/_vendor/urllib3/contrib) by extension 'colcon_pkg'
[0.471s] Level 1:colcon.colcon_core.package_identification:_identify(venv/lib/python3.12/site-packages/pip/_vendor/urllib3/contrib) by extensions ['colcon_meta']
[0.471s] Level 1:colcon.colcon_core.package_identification:_identify(venv/lib/python3.12/site-packages/pip/_vendor/urllib3/contrib) by extension 'colcon_meta'
[0.471s] Level 1:colcon.colcon_core.package_identification:_identify(venv/lib/python3.12/site-packages/pip/_vendor/urllib3/contrib) by extensions ['ros']
[0.471s] Level 1:colcon.colcon_core.package_identification:_identify(venv/lib/python3.12/site-packages/pip/_vendor/urllib3/contrib) by extension 'ros'
[0.471s] Level 1:colcon.colcon_core.package_identification:_identify(venv/lib/python3.12/site-packages/pip/_vendor/urllib3/contrib) by extensions ['cmake', 'python']
[0.471s] Level 1:colcon.colcon_core.package_identification:_identify(venv/lib/python3.12/site-packages/pip/_vendor/urllib3/contrib) by extension 'cmake'
[0.471s] Level 1:colcon.colcon_core.package_identification:_identify(venv/lib/python3.12/site-packages/pip/_vendor/urllib3/contrib) by extension 'python'
[0.471s] Level 1:colcon.colcon_core.package_identification:_identify(venv/lib/python3.12/site-packages/pip/_vendor/urllib3/contrib) by extensions ['python_setup_py']
[0.472s] Level 1:colcon.colcon_core.package_identification:_identify(venv/lib/python3.12/site-packages/pip/_vendor/urllib3/contrib) by extension 'python_setup_py'
[0.477s] Level 1:colcon.colcon_core.package_identification:_identify(venv/lib/python3.12/site-packages/pip/_vendor/urllib3/contrib/__pycache__) by extensions ['ignore', 'ignore_ament_install']
[0.477s] Level 1:colcon.colcon_core.package_identification:_identify(venv/lib/python3.12/site-packages/pip/_vendor/urllib3/contrib/__pycache__) by extension 'ignore'
[0.477s] Level 1:colcon.colcon_core.package_identification:_identify(venv/lib/python3.12/site-packages/pip/_vendor/urllib3/contrib/__pycache__) by extension 'ignore_ament_install'
[0.477s] Level 1:colcon.colcon_core.package_identification:_identify(venv/lib/python3.12/site-packages/pip/_vendor/urllib3/contrib/__pycache__) by extensions ['colcon_pkg']
[0.477s] Level 1:colcon.colcon_core.package_identification:_identify(venv/lib/python3.12/site-packages/pip/_vendor/urllib3/contrib/__pycache__) by extension 'colcon_pkg'
[0.477s] Level 1:colcon.colcon_core.package_identification:_identify(venv/lib/python3.12/site-packages/pip/_vendor/urllib3/contrib/__pycache__) by extensions ['colcon_meta']
[0.477s] Level 1:colcon.colcon_core.package_identification:_identify(venv/lib/python3.12/site-packages/pip/_vendor/urllib3/contrib/__pycache__) by extension 'colcon_meta'
[0.477s] Level 1:colcon.colcon_core.package_identification:_identify(venv/lib/python3.12/site-packages/pip/_vendor/urllib3/contrib/__pycache__) by extensions ['ros']
[0.477s] Level 1:colcon.colcon_core.package_identification:_identify(venv/lib/python3.12/site-packages/pip/_vendor/urllib3/contrib/__pycache__) by extension 'ros'
[0.477s] Level 1:colcon.colcon_core.package_identification:_identify(venv/lib/python3.12/site-packages/pip/_vendor/urllib3/contrib/__pycache__) by extensions ['cmake', 'python']
[0.478s] Level 1:colcon.colcon_core.package_identification:_identify(venv/lib/python3.12/site-packages/pip/_vendor/urllib3/contrib/__pycache__) by extension 'cmake'
[0.478s] Level 1:colcon.colcon_core.package_identification:_identify(venv/lib/python3.12/site-packages/pip/_vendor/urllib3/contrib/__pycache__) by extension 'python'
[0.478s] Level 1:colcon.colcon_core.package_identification:_identify(venv/lib/python3.12/site-packages/pip/_vendor/urllib3/contrib/__pycache__) by extensions ['python_setup_py']
[0.478s] Level 1:colcon.colcon_core.package_identification:_identify(venv/lib/python3.12/site-packages/pip/_vendor/urllib3/contrib/__pycache__) by extension 'python_setup_py'
[0.478s] Level 1:colcon.colcon_core.package_identification:_identify(venv/lib/python3.12/site-packages/pip/_vendor/urllib3/contrib/_securetransport) by extensions ['ignore', 'ignore_ament_install']
[0.478s] Level 1:colcon.colcon_core.package_identification:_identify(venv/lib/python3.12/site-packages/pip/_vendor/urllib3/contrib/_securetransport) by extension 'ignore'
[0.478s] Level 1:colcon.colcon_core.package_identification:_identify(venv/lib/python3.12/site-packages/pip/_vendor/urllib3/contrib/_securetransport) by extension 'ignore_ament_install'
[0.479s] Level 1:colcon.colcon_core.package_identification:_identify(venv/lib/python3.12/site-packages/pip/_vendor/urllib3/contrib/_securetransport) by extensions ['colcon_pkg']
[0.479s] Level 1:colcon.colcon_core.package_identification:_identify(venv/lib/python3.12/site-packages/pip/_vendor/urllib3/contrib/_securetransport) by extension 'colcon_pkg'
[0.479s] Level 1:colcon.colcon_core.package_identification:_identify(venv/lib/python3.12/site-packages/pip/_vendor/urllib3/contrib/_securetransport) by extensions ['colcon_meta']
[0.479s] Level 1:colcon.colcon_core.package_identification:_identify(venv/lib/python3.12/site-packages/pip/_vendor/urllib3/contrib/_securetransport) by extension 'colcon_meta'
[0.479s] Level 1:colcon.colcon_core.package_identification:_identify(venv/lib/python3.12/site-packages/pip/_vendor/urllib3/contrib/_securetransport) by extensions ['ros']
[0.479s] Level 1:colcon.colcon_core.package_identification:_identify(venv/lib/python3.12/site-packages/pip/_vendor/urllib3/contrib/_securetransport) by extension 'ros'
[0.479s] Level 1:colcon.colcon_core.package_identification:_identify(venv/lib/python3.12/site-packages/pip/_vendor/urllib3/contrib/_securetransport) by extensions ['cmake', 'python']
[0.479s] Level 1:colcon.colcon_core.package_identification:_identify(venv/lib/python3.12/site-packages/pip/_vendor/urllib3/contrib/_securetransport) by extension 'cmake'
[0.479s] Level 1:colcon.colcon_core.package_identification:_identify(venv/lib/python3.12/site-packages/pip/_vendor/urllib3/contrib/_securetransport) by extension 'python'
[0.479s] Level 1:colcon.colcon_core.package_identification:_identify(venv/lib/python3.12/site-packages/pip/_vendor/urllib3/contrib/_securetransport) by extensions ['python_setup_py']
[0.479s] Level 1:colcon.colcon_core.package_identification:_identify(venv/lib/python3.12/site-packages/pip/_vendor/urllib3/contrib/_securetransport) by extension 'python_setup_py'
[0.480s] Level 1:colcon.colcon_core.package_identification:_identify(venv/lib/python3.12/site-packages/pip/_vendor/urllib3/contrib/_securetransport/__pycache__) by extensions ['ignore', 'ignore_ament_install']
[0.480s] Level 1:colcon.colcon_core.package_identification:_identify(venv/lib/python3.12/site-packages/pip/_vendor/urllib3/contrib/_securetransport/__pycache__) by extension 'ignore'
[0.480s] Level 1:colcon.colcon_core.package_identification:_identify(venv/lib/python3.12/site-packages/pip/_vendor/urllib3/contrib/_securetransport/__pycache__) by extension 'ignore_ament_install'
[0.480s] Level 1:colcon.colcon_core.package_identification:_identify(venv/lib/python3.12/site-packages/pip/_vendor/urllib3/contrib/_securetransport/__pycache__) by extensions ['colcon_pkg']
[0.480s] Level 1:colcon.colcon_core.package_identification:_identify(venv/lib/python3.12/site-packages/pip/_vendor/urllib3/contrib/_securetransport/__pycache__) by extension 'colcon_pkg'
[0.480s] Level 1:colcon.colcon_core.package_identification:_identify(venv/lib/python3.12/site-packages/pip/_vendor/urllib3/contrib/_securetransport/__pycache__) by extensions ['colcon_meta']
[0.480s] Level 1:colcon.colcon_core.package_identification:_identify(venv/lib/python3.12/site-packages/pip/_vendor/urllib3/contrib/_securetransport/__pycache__) by extension 'colcon_meta'
[0.480s] Level 1:colcon.colcon_core.package_identification:_identify(venv/lib/python3.12/site-packages/pip/_vendor/urllib3/contrib/_securetransport/__pycache__) by extensions ['ros']
[0.480s] Level 1:colcon.colcon_core.package_identification:_identify(venv/lib/python3.12/site-packages/pip/_vendor/urllib3/contrib/_securetransport/__pycache__) by extension 'ros'
[0.480s] Level 1:colcon.colcon_core.package_identification:_identify(venv/lib/python3.12/site-packages/pip/_vendor/urllib3/contrib/_securetransport/__pycache__) by extensions ['cmake', 'python']
[0.480s] Level 1:colcon.colcon_core.package_identification:_identify(venv/lib/python3.12/site-packages/pip/_vendor/urllib3/contrib/_securetransport/__pycache__) by extension 'cmake'
[0.481s] Level 1:colcon.colcon_core.package_identification:_identify(venv/lib/python3.12/site-packages/pip/_vendor/urllib3/contrib/_securetransport/__pycache__) by extension 'python'
[0.481s] Level 1:colcon.colcon_core.package_identification:_identify(venv/lib/python3.12/site-packages/pip/_vendor/urllib3/contrib/_securetransport/__pycache__) by extensions ['python_setup_py']
[0.481s] Level 1:colcon.colcon_core.package_identification:_identify(venv/lib/python3.12/site-packages/pip/_vendor/urllib3/contrib/_securetransport/__pycache__) by extension 'python_setup_py'
[0.481s] Level 1:colcon.colcon_core.package_identification:_identify(venv/lib/python3.12/site-packages/pip/_vendor/urllib3/packages) by extensions ['ignore', 'ignore_ament_install']
[0.481s] Level 1:colcon.colcon_core.package_identification:_identify(venv/lib/python3.12/site-packages/pip/_vendor/urllib3/packages) by extension 'ignore'
[0.482s] Level 1:colcon.colcon_core.package_identification:_identify(venv/lib/python3.12/site-packages/pip/_vendor/urllib3/packages) by extension 'ignore_ament_install'
[0.482s] Level 1:colcon.colcon_core.package_identification:_identify(venv/lib/python3.12/site-packages/pip/_vendor/urllib3/packages) by extensions ['colcon_pkg']
[0.482s] Level 1:colcon.colcon_core.package_identification:_identify(venv/lib/python3.12/site-packages/pip/_vendor/urllib3/packages) by extension 'colcon_pkg'
[0.482s] Level 1:colcon.colcon_core.package_identification:_identify(venv/lib/python3.12/site-packages/pip/_vendor/urllib3/packages) by extensions ['colcon_meta']
[0.482s] Level 1:colcon.colcon_core.package_identification:_identify(venv/lib/python3.12/site-packages/pip/_vendor/urllib3/packages) by extension 'colcon_meta'
[0.482s] Level 1:colcon.colcon_core.package_identification:_identify(venv/lib/python3.12/site-packages/pip/_vendor/urllib3/packages) by extensions ['ros']
[0.482s] Level 1:colcon.colcon_core.package_identification:_identify(venv/lib/python3.12/site-packages/pip/_vendor/urllib3/packages) by extension 'ros'
[0.482s] Level 1:colcon.colcon_core.package_identification:_identify(venv/lib/python3.12/site-packages/pip/_vendor/urllib3/packages) by extensions ['cmake', 'python']
[0.482s] Level 1:colcon.colcon_core.package_identification:_identify(venv/lib/python3.12/site-packages/pip/_vendor/urllib3/packages) by extension 'cmake'
[0.482s] Level 1:colcon.colcon_core.package_identification:_identify(venv/lib/python3.12/site-packages/pip/_vendor/urllib3/packages) by extension 'python'
[0.482s] Level 1:colcon.colcon_core.package_identification:_identify(venv/lib/python3.12/site-packages/pip/_vendor/urllib3/packages) by extensions ['python_setup_py']
[0.482s] Level 1:colcon.colcon_core.package_identification:_identify(venv/lib/python3.12/site-packages/pip/_vendor/urllib3/packages) by extension 'python_setup_py'
[0.483s] Level 1:colcon.colcon_core.package_identification:_identify(venv/lib/python3.12/site-packages/pip/_vendor/urllib3/packages/__pycache__) by extensions ['ignore', 'ignore_ament_install']
[0.483s] Level 1:colcon.colcon_core.package_identification:_identify(venv/lib/python3.12/site-packages/pip/_vendor/urllib3/packages/__pycache__) by extension 'ignore'
[0.483s] Level 1:colcon.colcon_core.package_identification:_identify(venv/lib/python3.12/site-packages/pip/_vendor/urllib3/packages/__pycache__) by extension 'ignore_ament_install'
[0.483s] Level 1:colcon.colcon_core.package_identification:_identify(venv/lib/python3.12/site-packages/pip/_vendor/urllib3/packages/__pycache__) by extensions ['colcon_pkg']
[0.483s] Level 1:colcon.colcon_core.package_identification:_identify(venv/lib/python3.12/site-packages/pip/_vendor/urllib3/packages/__pycache__) by extension 'colcon_pkg'
[0.483s] Level 1:colcon.colcon_core.package_identification:_identify(venv/lib/python3.12/site-packages/pip/_vendor/urllib3/packages/__pycache__) by extensions ['colcon_meta']
[0.483s] Level 1:colcon.colcon_core.package_identification:_identify(venv/lib/python3.12/site-packages/pip/_vendor/urllib3/packages/__pycache__) by extension 'colcon_meta'
[0.484s] Level 1:colcon.colcon_core.package_identification:_identify(venv/lib/python3.12/site-packages/pip/_vendor/urllib3/packages/__pycache__) by extensions ['ros']
[0.484s] Level 1:colcon.colcon_core.package_identification:_identify(venv/lib/python3.12/site-packages/pip/_vendor/urllib3/packages/__pycache__) by extension 'ros'
[0.484s] Level 1:colcon.colcon_core.package_identification:_identify(venv/lib/python3.12/site-packages/pip/_vendor/urllib3/packages/__pycache__) by extensions ['cmake', 'python']
[0.484s] Level 1:colcon.colcon_core.package_identification:_identify(venv/lib/python3.12/site-packages/pip/_vendor/urllib3/packages/__pycache__) by extension 'cmake'
[0.484s] Level 1:colcon.colcon_core.package_identification:_identify(venv/lib/python3.12/site-packages/pip/_vendor/urllib3/packages/__pycache__) by extension 'python'
[0.484s] Level 1:colcon.colcon_core.package_identification:_identify(venv/lib/python3.12/site-packages/pip/_vendor/urllib3/packages/__pycache__) by extensions ['python_setup_py']
[0.484s] Level 1:colcon.colcon_core.package_identification:_identify(venv/lib/python3.12/site-packages/pip/_vendor/urllib3/packages/__pycache__) by extension 'python_setup_py'
[0.485s] Level 1:colcon.colcon_core.package_identification:_identify(venv/lib/python3.12/site-packages/pip/_vendor/urllib3/packages/backports) by extensions ['ignore', 'ignore_ament_install']
[0.485s] Level 1:colcon.colcon_core.package_identification:_identify(venv/lib/python3.12/site-packages/pip/_vendor/urllib3/packages/backports) by extension 'ignore'
[0.485s] Level 1:colcon.colcon_core.package_identification:_identify(venv/lib/python3.12/site-packages/pip/_vendor/urllib3/packages/backports) by extension 'ignore_ament_install'
[0.485s] Level 1:colcon.colcon_core.package_identification:_identify(venv/lib/python3.12/site-packages/pip/_vendor/urllib3/packages/backports) by extensions ['colcon_pkg']
[0.485s] Level 1:colcon.colcon_core.package_identification:_identify(venv/lib/python3.12/site-packages/pip/_vendor/urllib3/packages/backports) by extension 'colcon_pkg'
[0.485s] Level 1:colcon.colcon_core.package_identification:_identify(venv/lib/python3.12/site-packages/pip/_vendor/urllib3/packages/backports) by extensions ['colcon_meta']
[0.485s] Level 1:colcon.colcon_core.package_identification:_identify(venv/lib/python3.12/site-packages/pip/_vendor/urllib3/packages/backports) by extension 'colcon_meta'
[0.485s] Level 1:colcon.colcon_core.package_identification:_identify(venv/lib/python3.12/site-packages/pip/_vendor/urllib3/packages/backports) by extensions ['ros']
[0.485s] Level 1:colcon.colcon_core.package_identification:_identify(venv/lib/python3.12/site-packages/pip/_vendor/urllib3/packages/backports) by extension 'ros'
[0.485s] Level 1:colcon.colcon_core.package_identification:_identify(venv/lib/python3.12/site-packages/pip/_vendor/urllib3/packages/backports) by extensions ['cmake', 'python']
[0.485s] Level 1:colcon.colcon_core.package_identification:_identify(venv/lib/python3.12/site-packages/pip/_vendor/urllib3/packages/backports) by extension 'cmake'
[0.485s] Level 1:colcon.colcon_core.package_identification:_identify(venv/lib/python3.12/site-packages/pip/_vendor/urllib3/packages/backports) by extension 'python'
[0.486s] Level 1:colcon.colcon_core.package_identification:_identify(venv/lib/python3.12/site-packages/pip/_vendor/urllib3/packages/backports) by extensions ['python_setup_py']
[0.486s] Level 1:colcon.colcon_core.package_identification:_identify(venv/lib/python3.12/site-packages/pip/_vendor/urllib3/packages/backports) by extension 'python_setup_py'
[0.486s] Level 1:colcon.colcon_core.package_identification:_identify(venv/lib/python3.12/site-packages/pip/_vendor/urllib3/packages/backports/__pycache__) by extensions ['ignore', 'ignore_ament_install']
[0.486s] Level 1:colcon.colcon_core.package_identification:_identify(venv/lib/python3.12/site-packages/pip/_vendor/urllib3/packages/backports/__pycache__) by extension 'ignore'
[0.486s] Level 1:colcon.colcon_core.package_identification:_identify(venv/lib/python3.12/site-packages/pip/_vendor/urllib3/packages/backports/__pycache__) by extension 'ignore_ament_install'
[0.487s] Level 1:colcon.colcon_core.package_identification:_identify(venv/lib/python3.12/site-packages/pip/_vendor/urllib3/packages/backports/__pycache__) by extensions ['colcon_pkg']
[0.487s] Level 1:colcon.colcon_core.package_identification:_identify(venv/lib/python3.12/site-packages/pip/_vendor/urllib3/packages/backports/__pycache__) by extension 'colcon_pkg'
[0.487s] Level 1:colcon.colcon_core.package_identification:_identify(venv/lib/python3.12/site-packages/pip/_vendor/urllib3/packages/backports/__pycache__) by extensions ['colcon_meta']
[0.487s] Level 1:colcon.colcon_core.package_identification:_identify(venv/lib/python3.12/site-packages/pip/_vendor/urllib3/packages/backports/__pycache__) by extension 'colcon_meta'
[0.487s] Level 1:colcon.colcon_core.package_identification:_identify(venv/lib/python3.12/site-packages/pip/_vendor/urllib3/packages/backports/__pycache__) by extensions ['ros']
[0.487s] Level 1:colcon.colcon_core.package_identification:_identify(venv/lib/python3.12/site-packages/pip/_vendor/urllib3/packages/backports/__pycache__) by extension 'ros'
[0.487s] Level 1:colcon.colcon_core.package_identification:_identify(venv/lib/python3.12/site-packages/pip/_vendor/urllib3/packages/backports/__pycache__) by extensions ['cmake', 'python']
[0.487s] Level 1:colcon.colcon_core.package_identification:_identify(venv/lib/python3.12/site-packages/pip/_vendor/urllib3/packages/backports/__pycache__) by extension 'cmake'
[0.487s] Level 1:colcon.colcon_core.package_identification:_identify(venv/lib/python3.12/site-packages/pip/_vendor/urllib3/packages/backports/__pycache__) by extension 'python'
[0.487s] Level 1:colcon.colcon_core.package_identification:_identify(venv/lib/python3.12/site-packages/pip/_vendor/urllib3/packages/backports/__pycache__) by extensions ['python_setup_py']
[0.487s] Level 1:colcon.colcon_core.package_identification:_identify(venv/lib/python3.12/site-packages/pip/_vendor/urllib3/packages/backports/__pycache__) by extension 'python_setup_py'
[0.488s] Level 1:colcon.colcon_core.package_identification:_identify(venv/lib/python3.12/site-packages/pip/_vendor/urllib3/util) by extensions ['ignore', 'ignore_ament_install']
[0.488s] Level 1:colcon.colcon_core.package_identification:_identify(venv/lib/python3.12/site-packages/pip/_vendor/urllib3/util) by extension 'ignore'
[0.488s] Level 1:colcon.colcon_core.package_identification:_identify(venv/lib/python3.12/site-packages/pip/_vendor/urllib3/util) by extension 'ignore_ament_install'
[0.488s] Level 1:colcon.colcon_core.package_identification:_identify(venv/lib/python3.12/site-packages/pip/_vendor/urllib3/util) by extensions ['colcon_pkg']
[0.488s] Level 1:colcon.colcon_core.package_identification:_identify(venv/lib/python3.12/site-packages/pip/_vendor/urllib3/util) by extension 'colcon_pkg'
[0.488s] Level 1:colcon.colcon_core.package_identification:_identify(venv/lib/python3.12/site-packages/pip/_vendor/urllib3/util) by extensions ['colcon_meta']
[0.488s] Level 1:colcon.colcon_core.package_identification:_identify(venv/lib/python3.12/site-packages/pip/_vendor/urllib3/util) by extension 'colcon_meta'
[0.488s] Level 1:colcon.colcon_core.package_identification:_identify(venv/lib/python3.12/site-packages/pip/_vendor/urllib3/util) by extensions ['ros']
[0.489s] Level 1:colcon.colcon_core.package_identification:_identify(venv/lib/python3.12/site-packages/pip/_vendor/urllib3/util) by extension 'ros'
[0.489s] Level 1:colcon.colcon_core.package_identification:_identify(venv/lib/python3.12/site-packages/pip/_vendor/urllib3/util) by extensions ['cmake', 'python']
[0.489s] Level 1:colcon.colcon_core.package_identification:_identify(venv/lib/python3.12/site-packages/pip/_vendor/urllib3/util) by extension 'cmake'
[0.489s] Level 1:colcon.colcon_core.package_identification:_identify(venv/lib/python3.12/site-packages/pip/_vendor/urllib3/util) by extension 'python'
[0.489s] Level 1:colcon.colcon_core.package_identification:_identify(venv/lib/python3.12/site-packages/pip/_vendor/urllib3/util) by extensions ['python_setup_py']
[0.489s] Level 1:colcon.colcon_core.package_identification:_identify(venv/lib/python3.12/site-packages/pip/_vendor/urllib3/util) by extension 'python_setup_py'
[0.490s] Level 1:colcon.colcon_core.package_identification:_identify(venv/lib/python3.12/site-packages/pip/_vendor/urllib3/util/__pycache__) by extensions ['ignore', 'ignore_ament_install']
[0.490s] Level 1:colcon.colcon_core.package_identification:_identify(venv/lib/python3.12/site-packages/pip/_vendor/urllib3/util/__pycache__) by extension 'ignore'
[0.490s] Level 1:colcon.colcon_core.package_identification:_identify(venv/lib/python3.12/site-packages/pip/_vendor/urllib3/util/__pycache__) by extension 'ignore_ament_install'
[0.490s] Level 1:colcon.colcon_core.package_identification:_identify(venv/lib/python3.12/site-packages/pip/_vendor/urllib3/util/__pycache__) by extensions ['colcon_pkg']
[0.490s] Level 1:colcon.colcon_core.package_identification:_identify(venv/lib/python3.12/site-packages/pip/_vendor/urllib3/util/__pycache__) by extension 'colcon_pkg'
[0.490s] Level 1:colcon.colcon_core.package_identification:_identify(venv/lib/python3.12/site-packages/pip/_vendor/urllib3/util/__pycache__) by extensions ['colcon_meta']
[0.490s] Level 1:colcon.colcon_core.package_identification:_identify(venv/lib/python3.12/site-packages/pip/_vendor/urllib3/util/__pycache__) by extension 'colcon_meta'
[0.490s] Level 1:colcon.colcon_core.package_identification:_identify(venv/lib/python3.12/site-packages/pip/_vendor/urllib3/util/__pycache__) by extensions ['ros']
[0.490s] Level 1:colcon.colcon_core.package_identification:_identify(venv/lib/python3.12/site-packages/pip/_vendor/urllib3/util/__pycache__) by extension 'ros'
[0.490s] Level 1:colcon.colcon_core.package_identification:_identify(venv/lib/python3.12/site-packages/pip/_vendor/urllib3/util/__pycache__) by extensions ['cmake', 'python']
[0.490s] Level 1:colcon.colcon_core.package_identification:_identify(venv/lib/python3.12/site-packages/pip/_vendor/urllib3/util/__pycache__) by extension 'cmake'
[0.490s] Level 1:colcon.colcon_core.package_identification:_identify(venv/lib/python3.12/site-packages/pip/_vendor/urllib3/util/__pycache__) by extension 'python'
[0.490s] Level 1:colcon.colcon_core.package_identification:_identify(venv/lib/python3.12/site-packages/pip/_vendor/urllib3/util/__pycache__) by extensions ['python_setup_py']
[0.491s] Level 1:colcon.colcon_core.package_identification:_identify(venv/lib/python3.12/site-packages/pip/_vendor/urllib3/util/__pycache__) by extension 'python_setup_py'
[0.491s] Level 1:colcon.colcon_core.package_identification:_identify(venv/lib/python3.12/site-packages/pip/_vendor/webencodings) by extensions ['ignore', 'ignore_ament_install']
[0.491s] Level 1:colcon.colcon_core.package_identification:_identify(venv/lib/python3.12/site-packages/pip/_vendor/webencodings) by extension 'ignore'
[0.491s] Level 1:colcon.colcon_core.package_identification:_identify(venv/lib/python3.12/site-packages/pip/_vendor/webencodings) by extension 'ignore_ament_install'
[0.491s] Level 1:colcon.colcon_core.package_identification:_identify(venv/lib/python3.12/site-packages/pip/_vendor/webencodings) by extensions ['colcon_pkg']
[0.491s] Level 1:colcon.colcon_core.package_identification:_identify(venv/lib/python3.12/site-packages/pip/_vendor/webencodings) by extension 'colcon_pkg'
[0.492s] Level 1:colcon.colcon_core.package_identification:_identify(venv/lib/python3.12/site-packages/pip/_vendor/webencodings) by extensions ['colcon_meta']
[0.492s] Level 1:colcon.colcon_core.package_identification:_identify(venv/lib/python3.12/site-packages/pip/_vendor/webencodings) by extension 'colcon_meta'
[0.492s] Level 1:colcon.colcon_core.package_identification:_identify(venv/lib/python3.12/site-packages/pip/_vendor/webencodings) by extensions ['ros']
[0.492s] Level 1:colcon.colcon_core.package_identification:_identify(venv/lib/python3.12/site-packages/pip/_vendor/webencodings) by extension 'ros'
[0.492s] Level 1:colcon.colcon_core.package_identification:_identify(venv/lib/python3.12/site-packages/pip/_vendor/webencodings) by extensions ['cmake', 'python']
[0.492s] Level 1:colcon.colcon_core.package_identification:_identify(venv/lib/python3.12/site-packages/pip/_vendor/webencodings) by extension 'cmake'
[0.492s] Level 1:colcon.colcon_core.package_identification:_identify(venv/lib/python3.12/site-packages/pip/_vendor/webencodings) by extension 'python'
[0.492s] Level 1:colcon.colcon_core.package_identification:_identify(venv/lib/python3.12/site-packages/pip/_vendor/webencodings) by extensions ['python_setup_py']
[0.492s] Level 1:colcon.colcon_core.package_identification:_identify(venv/lib/python3.12/site-packages/pip/_vendor/webencodings) by extension 'python_setup_py'
[0.493s] Level 1:colcon.colcon_core.package_identification:_identify(venv/lib/python3.12/site-packages/pip/_vendor/webencodings/__pycache__) by extensions ['ignore', 'ignore_ament_install']
[0.493s] Level 1:colcon.colcon_core.package_identification:_identify(venv/lib/python3.12/site-packages/pip/_vendor/webencodings/__pycache__) by extension 'ignore'
[0.493s] Level 1:colcon.colcon_core.package_identification:_identify(venv/lib/python3.12/site-packages/pip/_vendor/webencodings/__pycache__) by extension 'ignore_ament_install'
[0.493s] Level 1:colcon.colcon_core.package_identification:_identify(venv/lib/python3.12/site-packages/pip/_vendor/webencodings/__pycache__) by extensions ['colcon_pkg']
[0.493s] Level 1:colcon.colcon_core.package_identification:_identify(venv/lib/python3.12/site-packages/pip/_vendor/webencodings/__pycache__) by extension 'colcon_pkg'
[0.493s] Level 1:colcon.colcon_core.package_identification:_identify(venv/lib/python3.12/site-packages/pip/_vendor/webencodings/__pycache__) by extensions ['colcon_meta']
[0.493s] Level 1:colcon.colcon_core.package_identification:_identify(venv/lib/python3.12/site-packages/pip/_vendor/webencodings/__pycache__) by extension 'colcon_meta'
[0.493s] Level 1:colcon.colcon_core.package_identification:_identify(venv/lib/python3.12/site-packages/pip/_vendor/webencodings/__pycache__) by extensions ['ros']
[0.493s] Level 1:colcon.colcon_core.package_identification:_identify(venv/lib/python3.12/site-packages/pip/_vendor/webencodings/__pycache__) by extension 'ros'
[0.493s] Level 1:colcon.colcon_core.package_identification:_identify(venv/lib/python3.12/site-packages/pip/_vendor/webencodings/__pycache__) by extensions ['cmake', 'python']
[0.493s] Level 1:colcon.colcon_core.package_identification:_identify(venv/lib/python3.12/site-packages/pip/_vendor/webencodings/__pycache__) by extension 'cmake'
[0.493s] Level 1:colcon.colcon_core.package_identification:_identify(venv/lib/python3.12/site-packages/pip/_vendor/webencodings/__pycache__) by extension 'python'
[0.493s] Level 1:colcon.colcon_core.package_identification:_identify(venv/lib/python3.12/site-packages/pip/_vendor/webencodings/__pycache__) by extensions ['python_setup_py']
[0.493s] Level 1:colcon.colcon_core.package_identification:_identify(venv/lib/python3.12/site-packages/pip/_vendor/webencodings/__pycache__) by extension 'python_setup_py'
[0.494s] Level 1:colcon.colcon_core.package_identification:_identify(venv/lib/python3.12/site-packages/pip-24.0.dist-info) by extensions ['ignore', 'ignore_ament_install']
[0.494s] Level 1:colcon.colcon_core.package_identification:_identify(venv/lib/python3.12/site-packages/pip-24.0.dist-info) by extension 'ignore'
[0.494s] Level 1:colcon.colcon_core.package_identification:_identify(venv/lib/python3.12/site-packages/pip-24.0.dist-info) by extension 'ignore_ament_install'
[0.494s] Level 1:colcon.colcon_core.package_identification:_identify(venv/lib/python3.12/site-packages/pip-24.0.dist-info) by extensions ['colcon_pkg']
[0.494s] Level 1:colcon.colcon_core.package_identification:_identify(venv/lib/python3.12/site-packages/pip-24.0.dist-info) by extension 'colcon_pkg'
[0.494s] Level 1:colcon.colcon_core.package_identification:_identify(venv/lib/python3.12/site-packages/pip-24.0.dist-info) by extensions ['colcon_meta']
[0.494s] Level 1:colcon.colcon_core.package_identification:_identify(venv/lib/python3.12/site-packages/pip-24.0.dist-info) by extension 'colcon_meta'
[0.494s] Level 1:colcon.colcon_core.package_identification:_identify(venv/lib/python3.12/site-packages/pip-24.0.dist-info) by extensions ['ros']
[0.494s] Level 1:colcon.colcon_core.package_identification:_identify(venv/lib/python3.12/site-packages/pip-24.0.dist-info) by extension 'ros'
[0.495s] Level 1:colcon.colcon_core.package_identification:_identify(venv/lib/python3.12/site-packages/pip-24.0.dist-info) by extensions ['cmake', 'python']
[0.495s] Level 1:colcon.colcon_core.package_identification:_identify(venv/lib/python3.12/site-packages/pip-24.0.dist-info) by extension 'cmake'
[0.495s] Level 1:colcon.colcon_core.package_identification:_identify(venv/lib/python3.12/site-packages/pip-24.0.dist-info) by extension 'python'
[0.495s] Level 1:colcon.colcon_core.package_identification:_identify(venv/lib/python3.12/site-packages/pip-24.0.dist-info) by extensions ['python_setup_py']
[0.495s] Level 1:colcon.colcon_core.package_identification:_identify(venv/lib/python3.12/site-packages/pip-24.0.dist-info) by extension 'python_setup_py'
[0.495s] Level 1:colcon.colcon_core.package_identification:_identify(venv/lib/python3.12/site-packages/pynput) by extensions ['ignore', 'ignore_ament_install']
[0.495s] Level 1:colcon.colcon_core.package_identification:_identify(venv/lib/python3.12/site-packages/pynput) by extension 'ignore'
[0.496s] Level 1:colcon.colcon_core.package_identification:_identify(venv/lib/python3.12/site-packages/pynput) by extension 'ignore_ament_install'
[0.496s] Level 1:colcon.colcon_core.package_identification:_identify(venv/lib/python3.12/site-packages/pynput) by extensions ['colcon_pkg']
[0.496s] Level 1:colcon.colcon_core.package_identification:_identify(venv/lib/python3.12/site-packages/pynput) by extension 'colcon_pkg'
[0.496s] Level 1:colcon.colcon_core.package_identification:_identify(venv/lib/python3.12/site-packages/pynput) by extensions ['colcon_meta']
[0.496s] Level 1:colcon.colcon_core.package_identification:_identify(venv/lib/python3.12/site-packages/pynput) by extension 'colcon_meta'
[0.496s] Level 1:colcon.colcon_core.package_identification:_identify(venv/lib/python3.12/site-packages/pynput) by extensions ['ros']
[0.496s] Level 1:colcon.colcon_core.package_identification:_identify(venv/lib/python3.12/site-packages/pynput) by extension 'ros'
[0.496s] Level 1:colcon.colcon_core.package_identification:_identify(venv/lib/python3.12/site-packages/pynput) by extensions ['cmake', 'python']
[0.496s] Level 1:colcon.colcon_core.package_identification:_identify(venv/lib/python3.12/site-packages/pynput) by extension 'cmake'
[0.496s] Level 1:colcon.colcon_core.package_identification:_identify(venv/lib/python3.12/site-packages/pynput) by extension 'python'
[0.496s] Level 1:colcon.colcon_core.package_identification:_identify(venv/lib/python3.12/site-packages/pynput) by extensions ['python_setup_py']
[0.496s] Level 1:colcon.colcon_core.package_identification:_identify(venv/lib/python3.12/site-packages/pynput) by extension 'python_setup_py'
[0.497s] Level 1:colcon.colcon_core.package_identification:_identify(venv/lib/python3.12/site-packages/pynput/__pycache__) by extensions ['ignore', 'ignore_ament_install']
[0.497s] Level 1:colcon.colcon_core.package_identification:_identify(venv/lib/python3.12/site-packages/pynput/__pycache__) by extension 'ignore'
[0.497s] Level 1:colcon.colcon_core.package_identification:_identify(venv/lib/python3.12/site-packages/pynput/__pycache__) by extension 'ignore_ament_install'
[0.497s] Level 1:colcon.colcon_core.package_identification:_identify(venv/lib/python3.12/site-packages/pynput/__pycache__) by extensions ['colcon_pkg']
[0.497s] Level 1:colcon.colcon_core.package_identification:_identify(venv/lib/python3.12/site-packages/pynput/__pycache__) by extension 'colcon_pkg'
[0.497s] Level 1:colcon.colcon_core.package_identification:_identify(venv/lib/python3.12/site-packages/pynput/__pycache__) by extensions ['colcon_meta']
[0.497s] Level 1:colcon.colcon_core.package_identification:_identify(venv/lib/python3.12/site-packages/pynput/__pycache__) by extension 'colcon_meta'
[0.497s] Level 1:colcon.colcon_core.package_identification:_identify(venv/lib/python3.12/site-packages/pynput/__pycache__) by extensions ['ros']
[0.497s] Level 1:colcon.colcon_core.package_identification:_identify(venv/lib/python3.12/site-packages/pynput/__pycache__) by extension 'ros'
[0.497s] Level 1:colcon.colcon_core.package_identification:_identify(venv/lib/python3.12/site-packages/pynput/__pycache__) by extensions ['cmake', 'python']
[0.497s] Level 1:colcon.colcon_core.package_identification:_identify(venv/lib/python3.12/site-packages/pynput/__pycache__) by extension 'cmake'
[0.497s] Level 1:colcon.colcon_core.package_identification:_identify(venv/lib/python3.12/site-packages/pynput/__pycache__) by extension 'python'
[0.497s] Level 1:colcon.colcon_core.package_identification:_identify(venv/lib/python3.12/site-packages/pynput/__pycache__) by extensions ['python_setup_py']
[0.497s] Level 1:colcon.colcon_core.package_identification:_identify(venv/lib/python3.12/site-packages/pynput/__pycache__) by extension 'python_setup_py'
[0.498s] Level 1:colcon.colcon_core.package_identification:_identify(venv/lib/python3.12/site-packages/pynput/_util) by extensions ['ignore', 'ignore_ament_install']
[0.498s] Level 1:colcon.colcon_core.package_identification:_identify(venv/lib/python3.12/site-packages/pynput/_util) by extension 'ignore'
[0.498s] Level 1:colcon.colcon_core.package_identification:_identify(venv/lib/python3.12/site-packages/pynput/_util) by extension 'ignore_ament_install'
[0.498s] Level 1:colcon.colcon_core.package_identification:_identify(venv/lib/python3.12/site-packages/pynput/_util) by extensions ['colcon_pkg']
[0.498s] Level 1:colcon.colcon_core.package_identification:_identify(venv/lib/python3.12/site-packages/pynput/_util) by extension 'colcon_pkg'
[0.498s] Level 1:colcon.colcon_core.package_identification:_identify(venv/lib/python3.12/site-packages/pynput/_util) by extensions ['colcon_meta']
[0.498s] Level 1:colcon.colcon_core.package_identification:_identify(venv/lib/python3.12/site-packages/pynput/_util) by extension 'colcon_meta'
[0.498s] Level 1:colcon.colcon_core.package_identification:_identify(venv/lib/python3.12/site-packages/pynput/_util) by extensions ['ros']
[0.498s] Level 1:colcon.colcon_core.package_identification:_identify(venv/lib/python3.12/site-packages/pynput/_util) by extension 'ros'
[0.499s] Level 1:colcon.colcon_core.package_identification:_identify(venv/lib/python3.12/site-packages/pynput/_util) by extensions ['cmake', 'python']
[0.499s] Level 1:colcon.colcon_core.package_identification:_identify(venv/lib/python3.12/site-packages/pynput/_util) by extension 'cmake'
[0.499s] Level 1:colcon.colcon_core.package_identification:_identify(venv/lib/python3.12/site-packages/pynput/_util) by extension 'python'
[0.499s] Level 1:colcon.colcon_core.package_identification:_identify(venv/lib/python3.12/site-packages/pynput/_util) by extensions ['python_setup_py']
[0.499s] Level 1:colcon.colcon_core.package_identification:_identify(venv/lib/python3.12/site-packages/pynput/_util) by extension 'python_setup_py'
[0.499s] Level 1:colcon.colcon_core.package_identification:_identify(venv/lib/python3.12/site-packages/pynput/_util/__pycache__) by extensions ['ignore', 'ignore_ament_install']
[0.499s] Level 1:colcon.colcon_core.package_identification:_identify(venv/lib/python3.12/site-packages/pynput/_util/__pycache__) by extension 'ignore'
[0.499s] Level 1:colcon.colcon_core.package_identification:_identify(venv/lib/python3.12/site-packages/pynput/_util/__pycache__) by extension 'ignore_ament_install'
[0.500s] Level 1:colcon.colcon_core.package_identification:_identify(venv/lib/python3.12/site-packages/pynput/_util/__pycache__) by extensions ['colcon_pkg']
[0.500s] Level 1:colcon.colcon_core.package_identification:_identify(venv/lib/python3.12/site-packages/pynput/_util/__pycache__) by extension 'colcon_pkg'
[0.500s] Level 1:colcon.colcon_core.package_identification:_identify(venv/lib/python3.12/site-packages/pynput/_util/__pycache__) by extensions ['colcon_meta']
[0.500s] Level 1:colcon.colcon_core.package_identification:_identify(venv/lib/python3.12/site-packages/pynput/_util/__pycache__) by extension 'colcon_meta'
[0.500s] Level 1:colcon.colcon_core.package_identification:_identify(venv/lib/python3.12/site-packages/pynput/_util/__pycache__) by extensions ['ros']
[0.500s] Level 1:colcon.colcon_core.package_identification:_identify(venv/lib/python3.12/site-packages/pynput/_util/__pycache__) by extension 'ros'
[0.500s] Level 1:colcon.colcon_core.package_identification:_identify(venv/lib/python3.12/site-packages/pynput/_util/__pycache__) by extensions ['cmake', 'python']
[0.500s] Level 1:colcon.colcon_core.package_identification:_identify(venv/lib/python3.12/site-packages/pynput/_util/__pycache__) by extension 'cmake'
[0.500s] Level 1:colcon.colcon_core.package_identification:_identify(venv/lib/python3.12/site-packages/pynput/_util/__pycache__) by extension 'python'
[0.500s] Level 1:colcon.colcon_core.package_identification:_identify(venv/lib/python3.12/site-packages/pynput/_util/__pycache__) by extensions ['python_setup_py']
[0.500s] Level 1:colcon.colcon_core.package_identification:_identify(venv/lib/python3.12/site-packages/pynput/_util/__pycache__) by extension 'python_setup_py'
[0.501s] Level 1:colcon.colcon_core.package_identification:_identify(venv/lib/python3.12/site-packages/pynput/keyboard) by extensions ['ignore', 'ignore_ament_install']
[0.501s] Level 1:colcon.colcon_core.package_identification:_identify(venv/lib/python3.12/site-packages/pynput/keyboard) by extension 'ignore'
[0.501s] Level 1:colcon.colcon_core.package_identification:_identify(venv/lib/python3.12/site-packages/pynput/keyboard) by extension 'ignore_ament_install'
[0.501s] Level 1:colcon.colcon_core.package_identification:_identify(venv/lib/python3.12/site-packages/pynput/keyboard) by extensions ['colcon_pkg']
[0.501s] Level 1:colcon.colcon_core.package_identification:_identify(venv/lib/python3.12/site-packages/pynput/keyboard) by extension 'colcon_pkg'
[0.501s] Level 1:colcon.colcon_core.package_identification:_identify(venv/lib/python3.12/site-packages/pynput/keyboard) by extensions ['colcon_meta']
[0.501s] Level 1:colcon.colcon_core.package_identification:_identify(venv/lib/python3.12/site-packages/pynput/keyboard) by extension 'colcon_meta'
[0.501s] Level 1:colcon.colcon_core.package_identification:_identify(venv/lib/python3.12/site-packages/pynput/keyboard) by extensions ['ros']
[0.501s] Level 1:colcon.colcon_core.package_identification:_identify(venv/lib/python3.12/site-packages/pynput/keyboard) by extension 'ros'
[0.501s] Level 1:colcon.colcon_core.package_identification:_identify(venv/lib/python3.12/site-packages/pynput/keyboard) by extensions ['cmake', 'python']
[0.501s] Level 1:colcon.colcon_core.package_identification:_identify(venv/lib/python3.12/site-packages/pynput/keyboard) by extension 'cmake'
[0.501s] Level 1:colcon.colcon_core.package_identification:_identify(venv/lib/python3.12/site-packages/pynput/keyboard) by extension 'python'
[0.501s] Level 1:colcon.colcon_core.package_identification:_identify(venv/lib/python3.12/site-packages/pynput/keyboard) by extensions ['python_setup_py']
[0.501s] Level 1:colcon.colcon_core.package_identification:_identify(venv/lib/python3.12/site-packages/pynput/keyboard) by extension 'python_setup_py'
[0.502s] Level 1:colcon.colcon_core.package_identification:_identify(venv/lib/python3.12/site-packages/pynput/keyboard/__pycache__) by extensions ['ignore', 'ignore_ament_install']
[0.502s] Level 1:colcon.colcon_core.package_identification:_identify(venv/lib/python3.12/site-packages/pynput/keyboard/__pycache__) by extension 'ignore'
[0.502s] Level 1:colcon.colcon_core.package_identification:_identify(venv/lib/python3.12/site-packages/pynput/keyboard/__pycache__) by extension 'ignore_ament_install'
[0.502s] Level 1:colcon.colcon_core.package_identification:_identify(venv/lib/python3.12/site-packages/pynput/keyboard/__pycache__) by extensions ['colcon_pkg']
[0.502s] Level 1:colcon.colcon_core.package_identification:_identify(venv/lib/python3.12/site-packages/pynput/keyboard/__pycache__) by extension 'colcon_pkg'
[0.502s] Level 1:colcon.colcon_core.package_identification:_identify(venv/lib/python3.12/site-packages/pynput/keyboard/__pycache__) by extensions ['colcon_meta']
[0.502s] Level 1:colcon.colcon_core.package_identification:_identify(venv/lib/python3.12/site-packages/pynput/keyboard/__pycache__) by extension 'colcon_meta'
[0.502s] Level 1:colcon.colcon_core.package_identification:_identify(venv/lib/python3.12/site-packages/pynput/keyboard/__pycache__) by extensions ['ros']
[0.502s] Level 1:colcon.colcon_core.package_identification:_identify(venv/lib/python3.12/site-packages/pynput/keyboard/__pycache__) by extension 'ros'
[0.503s] Level 1:colcon.colcon_core.package_identification:_identify(venv/lib/python3.12/site-packages/pynput/keyboard/__pycache__) by extensions ['cmake', 'python']
[0.503s] Level 1:colcon.colcon_core.package_identification:_identify(venv/lib/python3.12/site-packages/pynput/keyboard/__pycache__) by extension 'cmake'
[0.503s] Level 1:colcon.colcon_core.package_identification:_identify(venv/lib/python3.12/site-packages/pynput/keyboard/__pycache__) by extension 'python'
[0.503s] Level 1:colcon.colcon_core.package_identification:_identify(venv/lib/python3.12/site-packages/pynput/keyboard/__pycache__) by extensions ['python_setup_py']
[0.503s] Level 1:colcon.colcon_core.package_identification:_identify(venv/lib/python3.12/site-packages/pynput/keyboard/__pycache__) by extension 'python_setup_py'
[0.503s] Level 1:colcon.colcon_core.package_identification:_identify(venv/lib/python3.12/site-packages/pynput/mouse) by extensions ['ignore', 'ignore_ament_install']
[0.503s] Level 1:colcon.colcon_core.package_identification:_identify(venv/lib/python3.12/site-packages/pynput/mouse) by extension 'ignore'
[0.503s] Level 1:colcon.colcon_core.package_identification:_identify(venv/lib/python3.12/site-packages/pynput/mouse) by extension 'ignore_ament_install'
[0.504s] Level 1:colcon.colcon_core.package_identification:_identify(venv/lib/python3.12/site-packages/pynput/mouse) by extensions ['colcon_pkg']
[0.504s] Level 1:colcon.colcon_core.package_identification:_identify(venv/lib/python3.12/site-packages/pynput/mouse) by extension 'colcon_pkg'
[0.504s] Level 1:colcon.colcon_core.package_identification:_identify(venv/lib/python3.12/site-packages/pynput/mouse) by extensions ['colcon_meta']
[0.504s] Level 1:colcon.colcon_core.package_identification:_identify(venv/lib/python3.12/site-packages/pynput/mouse) by extension 'colcon_meta'
[0.504s] Level 1:colcon.colcon_core.package_identification:_identify(venv/lib/python3.12/site-packages/pynput/mouse) by extensions ['ros']
[0.504s] Level 1:colcon.colcon_core.package_identification:_identify(venv/lib/python3.12/site-packages/pynput/mouse) by extension 'ros'
[0.504s] Level 1:colcon.colcon_core.package_identification:_identify(venv/lib/python3.12/site-packages/pynput/mouse) by extensions ['cmake', 'python']
[0.504s] Level 1:colcon.colcon_core.package_identification:_identify(venv/lib/python3.12/site-packages/pynput/mouse) by extension 'cmake'
[0.504s] Level 1:colcon.colcon_core.package_identification:_identify(venv/lib/python3.12/site-packages/pynput/mouse) by extension 'python'
[0.504s] Level 1:colcon.colcon_core.package_identification:_identify(venv/lib/python3.12/site-packages/pynput/mouse) by extensions ['python_setup_py']
[0.504s] Level 1:colcon.colcon_core.package_identification:_identify(venv/lib/python3.12/site-packages/pynput/mouse) by extension 'python_setup_py'
[0.505s] Level 1:colcon.colcon_core.package_identification:_identify(venv/lib/python3.12/site-packages/pynput/mouse/__pycache__) by extensions ['ignore', 'ignore_ament_install']
[0.505s] Level 1:colcon.colcon_core.package_identification:_identify(venv/lib/python3.12/site-packages/pynput/mouse/__pycache__) by extension 'ignore'
[0.505s] Level 1:colcon.colcon_core.package_identification:_identify(venv/lib/python3.12/site-packages/pynput/mouse/__pycache__) by extension 'ignore_ament_install'
[0.505s] Level 1:colcon.colcon_core.package_identification:_identify(venv/lib/python3.12/site-packages/pynput/mouse/__pycache__) by extensions ['colcon_pkg']
[0.505s] Level 1:colcon.colcon_core.package_identification:_identify(venv/lib/python3.12/site-packages/pynput/mouse/__pycache__) by extension 'colcon_pkg'
[0.505s] Level 1:colcon.colcon_core.package_identification:_identify(venv/lib/python3.12/site-packages/pynput/mouse/__pycache__) by extensions ['colcon_meta']
[0.505s] Level 1:colcon.colcon_core.package_identification:_identify(venv/lib/python3.12/site-packages/pynput/mouse/__pycache__) by extension 'colcon_meta'
[0.505s] Level 1:colcon.colcon_core.package_identification:_identify(venv/lib/python3.12/site-packages/pynput/mouse/__pycache__) by extensions ['ros']
[0.505s] Level 1:colcon.colcon_core.package_identification:_identify(venv/lib/python3.12/site-packages/pynput/mouse/__pycache__) by extension 'ros'
[0.505s] Level 1:colcon.colcon_core.package_identification:_identify(venv/lib/python3.12/site-packages/pynput/mouse/__pycache__) by extensions ['cmake', 'python']
[0.505s] Level 1:colcon.colcon_core.package_identification:_identify(venv/lib/python3.12/site-packages/pynput/mouse/__pycache__) by extension 'cmake'
[0.505s] Level 1:colcon.colcon_core.package_identification:_identify(venv/lib/python3.12/site-packages/pynput/mouse/__pycache__) by extension 'python'
[0.505s] Level 1:colcon.colcon_core.package_identification:_identify(venv/lib/python3.12/site-packages/pynput/mouse/__pycache__) by extensions ['python_setup_py']
[0.505s] Level 1:colcon.colcon_core.package_identification:_identify(venv/lib/python3.12/site-packages/pynput/mouse/__pycache__) by extension 'python_setup_py'
[0.506s] Level 1:colcon.colcon_core.package_identification:_identify(venv/lib/python3.12/site-packages/pynput-1.8.1.dist-info) by extensions ['ignore', 'ignore_ament_install']
[0.506s] Level 1:colcon.colcon_core.package_identification:_identify(venv/lib/python3.12/site-packages/pynput-1.8.1.dist-info) by extension 'ignore'
[0.506s] Level 1:colcon.colcon_core.package_identification:_identify(venv/lib/python3.12/site-packages/pynput-1.8.1.dist-info) by extension 'ignore_ament_install'
[0.506s] Level 1:colcon.colcon_core.package_identification:_identify(venv/lib/python3.12/site-packages/pynput-1.8.1.dist-info) by extensions ['colcon_pkg']
[0.506s] Level 1:colcon.colcon_core.package_identification:_identify(venv/lib/python3.12/site-packages/pynput-1.8.1.dist-info) by extension 'colcon_pkg'
[0.506s] Level 1:colcon.colcon_core.package_identification:_identify(venv/lib/python3.12/site-packages/pynput-1.8.1.dist-info) by extensions ['colcon_meta']
[0.506s] Level 1:colcon.colcon_core.package_identification:_identify(venv/lib/python3.12/site-packages/pynput-1.8.1.dist-info) by extension 'colcon_meta'
[0.506s] Level 1:colcon.colcon_core.package_identification:_identify(venv/lib/python3.12/site-packages/pynput-1.8.1.dist-info) by extensions ['ros']
[0.506s] Level 1:colcon.colcon_core.package_identification:_identify(venv/lib/python3.12/site-packages/pynput-1.8.1.dist-info) by extension 'ros'
[0.507s] Level 1:colcon.colcon_core.package_identification:_identify(venv/lib/python3.12/site-packages/pynput-1.8.1.dist-info) by extensions ['cmake', 'python']
[0.507s] Level 1:colcon.colcon_core.package_identification:_identify(venv/lib/python3.12/site-packages/pynput-1.8.1.dist-info) by extension 'cmake'
[0.507s] Level 1:colcon.colcon_core.package_identification:_identify(venv/lib/python3.12/site-packages/pynput-1.8.1.dist-info) by extension 'python'
[0.507s] Level 1:colcon.colcon_core.package_identification:_identify(venv/lib/python3.12/site-packages/pynput-1.8.1.dist-info) by extensions ['python_setup_py']
[0.507s] Level 1:colcon.colcon_core.package_identification:_identify(venv/lib/python3.12/site-packages/pynput-1.8.1.dist-info) by extension 'python_setup_py'
[0.507s] Level 1:colcon.colcon_core.package_identification:_identify(venv/lib/python3.12/site-packages/python_xlib-0.33.dist-info) by extensions ['ignore', 'ignore_ament_install']
[0.507s] Level 1:colcon.colcon_core.package_identification:_identify(venv/lib/python3.12/site-packages/python_xlib-0.33.dist-info) by extension 'ignore'
[0.507s] Level 1:colcon.colcon_core.package_identification:_identify(venv/lib/python3.12/site-packages/python_xlib-0.33.dist-info) by extension 'ignore_ament_install'
[0.508s] Level 1:colcon.colcon_core.package_identification:_identify(venv/lib/python3.12/site-packages/python_xlib-0.33.dist-info) by extensions ['colcon_pkg']
[0.508s] Level 1:colcon.colcon_core.package_identification:_identify(venv/lib/python3.12/site-packages/python_xlib-0.33.dist-info) by extension 'colcon_pkg'
[0.508s] Level 1:colcon.colcon_core.package_identification:_identify(venv/lib/python3.12/site-packages/python_xlib-0.33.dist-info) by extensions ['colcon_meta']
[0.508s] Level 1:colcon.colcon_core.package_identification:_identify(venv/lib/python3.12/site-packages/python_xlib-0.33.dist-info) by extension 'colcon_meta'
[0.508s] Level 1:colcon.colcon_core.package_identification:_identify(venv/lib/python3.12/site-packages/python_xlib-0.33.dist-info) by extensions ['ros']
[0.508s] Level 1:colcon.colcon_core.package_identification:_identify(venv/lib/python3.12/site-packages/python_xlib-0.33.dist-info) by extension 'ros'
[0.508s] Level 1:colcon.colcon_core.package_identification:_identify(venv/lib/python3.12/site-packages/python_xlib-0.33.dist-info) by extensions ['cmake', 'python']
[0.508s] Level 1:colcon.colcon_core.package_identification:_identify(venv/lib/python3.12/site-packages/python_xlib-0.33.dist-info) by extension 'cmake'
[0.508s] Level 1:colcon.colcon_core.package_identification:_identify(venv/lib/python3.12/site-packages/python_xlib-0.33.dist-info) by extension 'python'
[0.508s] Level 1:colcon.colcon_core.package_identification:_identify(venv/lib/python3.12/site-packages/python_xlib-0.33.dist-info) by extensions ['python_setup_py']
[0.508s] Level 1:colcon.colcon_core.package_identification:_identify(venv/lib/python3.12/site-packages/python_xlib-0.33.dist-info) by extension 'python_setup_py'
[0.509s] Level 1:colcon.colcon_core.package_identification:_identify(venv/lib/python3.12/site-packages/rpi_hardware_pwm) by extensions ['ignore', 'ignore_ament_install']
[0.509s] Level 1:colcon.colcon_core.package_identification:_identify(venv/lib/python3.12/site-packages/rpi_hardware_pwm) by extension 'ignore'
[0.509s] Level 1:colcon.colcon_core.package_identification:_identify(venv/lib/python3.12/site-packages/rpi_hardware_pwm) by extension 'ignore_ament_install'
[0.509s] Level 1:colcon.colcon_core.package_identification:_identify(venv/lib/python3.12/site-packages/rpi_hardware_pwm) by extensions ['colcon_pkg']
[0.509s] Level 1:colcon.colcon_core.package_identification:_identify(venv/lib/python3.12/site-packages/rpi_hardware_pwm) by extension 'colcon_pkg'
[0.509s] Level 1:colcon.colcon_core.package_identification:_identify(venv/lib/python3.12/site-packages/rpi_hardware_pwm) by extensions ['colcon_meta']
[0.509s] Level 1:colcon.colcon_core.package_identification:_identify(venv/lib/python3.12/site-packages/rpi_hardware_pwm) by extension 'colcon_meta'
[0.509s] Level 1:colcon.colcon_core.package_identification:_identify(venv/lib/python3.12/site-packages/rpi_hardware_pwm) by extensions ['ros']
[0.509s] Level 1:colcon.colcon_core.package_identification:_identify(venv/lib/python3.12/site-packages/rpi_hardware_pwm) by extension 'ros'
[0.509s] Level 1:colcon.colcon_core.package_identification:_identify(venv/lib/python3.12/site-packages/rpi_hardware_pwm) by extensions ['cmake', 'python']
[0.509s] Level 1:colcon.colcon_core.package_identification:_identify(venv/lib/python3.12/site-packages/rpi_hardware_pwm) by extension 'cmake'
[0.509s] Level 1:colcon.colcon_core.package_identification:_identify(venv/lib/python3.12/site-packages/rpi_hardware_pwm) by extension 'python'
[0.509s] Level 1:colcon.colcon_core.package_identification:_identify(venv/lib/python3.12/site-packages/rpi_hardware_pwm) by extensions ['python_setup_py']
[0.509s] Level 1:colcon.colcon_core.package_identification:_identify(venv/lib/python3.12/site-packages/rpi_hardware_pwm) by extension 'python_setup_py'
[0.510s] Level 1:colcon.colcon_core.package_identification:_identify(venv/lib/python3.12/site-packages/rpi_hardware_pwm/__pycache__) by extensions ['ignore', 'ignore_ament_install']
[0.510s] Level 1:colcon.colcon_core.package_identification:_identify(venv/lib/python3.12/site-packages/rpi_hardware_pwm/__pycache__) by extension 'ignore'
[0.510s] Level 1:colcon.colcon_core.package_identification:_identify(venv/lib/python3.12/site-packages/rpi_hardware_pwm/__pycache__) by extension 'ignore_ament_install'
[0.510s] Level 1:colcon.colcon_core.package_identification:_identify(venv/lib/python3.12/site-packages/rpi_hardware_pwm/__pycache__) by extensions ['colcon_pkg']
[0.510s] Level 1:colcon.colcon_core.package_identification:_identify(venv/lib/python3.12/site-packages/rpi_hardware_pwm/__pycache__) by extension 'colcon_pkg'
[0.510s] Level 1:colcon.colcon_core.package_identification:_identify(venv/lib/python3.12/site-packages/rpi_hardware_pwm/__pycache__) by extensions ['colcon_meta']
[0.510s] Level 1:colcon.colcon_core.package_identification:_identify(venv/lib/python3.12/site-packages/rpi_hardware_pwm/__pycache__) by extension 'colcon_meta'
[0.510s] Level 1:colcon.colcon_core.package_identification:_identify(venv/lib/python3.12/site-packages/rpi_hardware_pwm/__pycache__) by extensions ['ros']
[0.510s] Level 1:colcon.colcon_core.package_identification:_identify(venv/lib/python3.12/site-packages/rpi_hardware_pwm/__pycache__) by extension 'ros'
[0.511s] Level 1:colcon.colcon_core.package_identification:_identify(venv/lib/python3.12/site-packages/rpi_hardware_pwm/__pycache__) by extensions ['cmake', 'python']
[0.511s] Level 1:colcon.colcon_core.package_identification:_identify(venv/lib/python3.12/site-packages/rpi_hardware_pwm/__pycache__) by extension 'cmake'
[0.511s] Level 1:colcon.colcon_core.package_identification:_identify(venv/lib/python3.12/site-packages/rpi_hardware_pwm/__pycache__) by extension 'python'
[0.511s] Level 1:colcon.colcon_core.package_identification:_identify(venv/lib/python3.12/site-packages/rpi_hardware_pwm/__pycache__) by extensions ['python_setup_py']
[0.511s] Level 1:colcon.colcon_core.package_identification:_identify(venv/lib/python3.12/site-packages/rpi_hardware_pwm/__pycache__) by extension 'python_setup_py'
[0.511s] Level 1:colcon.colcon_core.package_identification:_identify(venv/lib/python3.12/site-packages/rpi_hardware_pwm-0.2.2.dist-info) by extensions ['ignore', 'ignore_ament_install']
[0.511s] Level 1:colcon.colcon_core.package_identification:_identify(venv/lib/python3.12/site-packages/rpi_hardware_pwm-0.2.2.dist-info) by extension 'ignore'
[0.512s] Level 1:colcon.colcon_core.package_identification:_identify(venv/lib/python3.12/site-packages/rpi_hardware_pwm-0.2.2.dist-info) by extension 'ignore_ament_install'
[0.512s] Level 1:colcon.colcon_core.package_identification:_identify(venv/lib/python3.12/site-packages/rpi_hardware_pwm-0.2.2.dist-info) by extensions ['colcon_pkg']
[0.512s] Level 1:colcon.colcon_core.package_identification:_identify(venv/lib/python3.12/site-packages/rpi_hardware_pwm-0.2.2.dist-info) by extension 'colcon_pkg'
[0.512s] Level 1:colcon.colcon_core.package_identification:_identify(venv/lib/python3.12/site-packages/rpi_hardware_pwm-0.2.2.dist-info) by extensions ['colcon_meta']
[0.512s] Level 1:colcon.colcon_core.package_identification:_identify(venv/lib/python3.12/site-packages/rpi_hardware_pwm-0.2.2.dist-info) by extension 'colcon_meta'
[0.512s] Level 1:colcon.colcon_core.package_identification:_identify(venv/lib/python3.12/site-packages/rpi_hardware_pwm-0.2.2.dist-info) by extensions ['ros']
[0.512s] Level 1:colcon.colcon_core.package_identification:_identify(venv/lib/python3.12/site-packages/rpi_hardware_pwm-0.2.2.dist-info) by extension 'ros'
[0.512s] Level 1:colcon.colcon_core.package_identification:_identify(venv/lib/python3.12/site-packages/rpi_hardware_pwm-0.2.2.dist-info) by extensions ['cmake', 'python']
[0.512s] Level 1:colcon.colcon_core.package_identification:_identify(venv/lib/python3.12/site-packages/rpi_hardware_pwm-0.2.2.dist-info) by extension 'cmake'
[0.512s] Level 1:colcon.colcon_core.package_identification:_identify(venv/lib/python3.12/site-packages/rpi_hardware_pwm-0.2.2.dist-info) by extension 'python'
[0.512s] Level 1:colcon.colcon_core.package_identification:_identify(venv/lib/python3.12/site-packages/rpi_hardware_pwm-0.2.2.dist-info) by extensions ['python_setup_py']
[0.512s] Level 1:colcon.colcon_core.package_identification:_identify(venv/lib/python3.12/site-packages/rpi_hardware_pwm-0.2.2.dist-info) by extension 'python_setup_py'
[0.513s] Level 1:colcon.colcon_core.package_identification:_identify(venv/lib/python3.12/site-packages/rplidar_roboticia-0.9.5.dist-info) by extensions ['ignore', 'ignore_ament_install']
[0.513s] Level 1:colcon.colcon_core.package_identification:_identify(venv/lib/python3.12/site-packages/rplidar_roboticia-0.9.5.dist-info) by extension 'ignore'
[0.513s] Level 1:colcon.colcon_core.package_identification:_identify(venv/lib/python3.12/site-packages/rplidar_roboticia-0.9.5.dist-info) by extension 'ignore_ament_install'
[0.513s] Level 1:colcon.colcon_core.package_identification:_identify(venv/lib/python3.12/site-packages/rplidar_roboticia-0.9.5.dist-info) by extensions ['colcon_pkg']
[0.513s] Level 1:colcon.colcon_core.package_identification:_identify(venv/lib/python3.12/site-packages/rplidar_roboticia-0.9.5.dist-info) by extension 'colcon_pkg'
[0.513s] Level 1:colcon.colcon_core.package_identification:_identify(venv/lib/python3.12/site-packages/rplidar_roboticia-0.9.5.dist-info) by extensions ['colcon_meta']
[0.513s] Level 1:colcon.colcon_core.package_identification:_identify(venv/lib/python3.12/site-packages/rplidar_roboticia-0.9.5.dist-info) by extension 'colcon_meta'
[0.513s] Level 1:colcon.colcon_core.package_identification:_identify(venv/lib/python3.12/site-packages/rplidar_roboticia-0.9.5.dist-info) by extensions ['ros']
[0.513s] Level 1:colcon.colcon_core.package_identification:_identify(venv/lib/python3.12/site-packages/rplidar_roboticia-0.9.5.dist-info) by extension 'ros'
[0.513s] Level 1:colcon.colcon_core.package_identification:_identify(venv/lib/python3.12/site-packages/rplidar_roboticia-0.9.5.dist-info) by extensions ['cmake', 'python']
[0.513s] Level 1:colcon.colcon_core.package_identification:_identify(venv/lib/python3.12/site-packages/rplidar_roboticia-0.9.5.dist-info) by extension 'cmake'
[0.513s] Level 1:colcon.colcon_core.package_identification:_identify(venv/lib/python3.12/site-packages/rplidar_roboticia-0.9.5.dist-info) by extension 'python'
[0.513s] Level 1:colcon.colcon_core.package_identification:_identify(venv/lib/python3.12/site-packages/rplidar_roboticia-0.9.5.dist-info) by extensions ['python_setup_py']
[0.513s] Level 1:colcon.colcon_core.package_identification:_identify(venv/lib/python3.12/site-packages/rplidar_roboticia-0.9.5.dist-info) by extension 'python_setup_py'
[0.514s] Level 1:colcon.colcon_core.package_discovery:discover_packages(recursive) using defaults
[0.514s] Level 1:colcon.colcon_core.package_discovery:discover_packages(ignore) discover
[0.514s] Level 1:colcon.colcon_core.package_discovery:discover_packages(ignore) using defaults
[0.514s] Level 1:colcon.colcon_core.package_discovery:discover_packages(path) discover
[0.514s] Level 1:colcon.colcon_core.package_discovery:discover_packages(path) using defaults
[0.543s] INFO:colcon.colcon_core.package_selection:Skipping not selected package 'bolide_interfaces' in 'src/bolide_interfaces'
[0.543s] INFO:colcon.colcon_core.package_selection:Skipping not selected package 'particle_filter' in 'src/particle_filter'
[0.543s] INFO:colcon.colcon_core.package_selection:Skipping not selected package 'slam_karto' in 'src/slam_karto_ros2'
[0.543s] INFO:colcon.colcon_core.package_selection:Skipping not selected package 'sllidar_ros2' in 'src/sllidar_ros2'
[0.543s] INFO:colcon.colcon_core.package_selection:Skipping not selected package 'planning_bolide' in 'src/planning_bolide'
[0.544s] Level 1:colcon.colcon_core.package_discovery:discover_packages(prefix_path) check parameters
[0.544s] Level 1:colcon.colcon_core.package_discovery:discover_packages(prefix_path) discover
[0.546s] DEBUG:colcon.colcon_installed_package_information.package_discovery:Found 9 installed packages in /home/voiture/course_2025_slam_pkgs/workspace/install
[0.548s] DEBUG:colcon.colcon_installed_package_information.package_discovery:Found 287 installed packages in /opt/ros/jazzy
[0.551s] Level 1:colcon.colcon_core.package_discovery:discover_packages(prefix_path) using defaults
[0.612s] Level 5:colcon.colcon_core.verb:set package 'control_bolide' build argument 'cmake_args' from command line to 'None'
[0.612s] Level 5:colcon.colcon_core.verb:set package 'control_bolide' build argument 'cmake_target' from command line to 'None'
[0.612s] Level 5:colcon.colcon_core.verb:set package 'control_bolide' build argument 'cmake_target_skip_unavailable' from command line to 'False'
[0.613s] Level 5:colcon.colcon_core.verb:set package 'control_bolide' build argument 'cmake_clean_cache' from command line to 'False'
[0.613s] Level 5:colcon.colcon_core.verb:set package 'control_bolide' build argument 'cmake_clean_first' from command line to 'False'
[0.613s] Level 5:colcon.colcon_core.verb:set package 'control_bolide' build argument 'cmake_force_configure' from command line to 'False'
[0.613s] Level 5:colcon.colcon_core.verb:set package 'control_bolide' build argument 'ament_cmake_args' from command line to 'None'
[0.613s] Level 5:colcon.colcon_core.verb:set package 'control_bolide' build argument 'catkin_cmake_args' from command line to 'None'
[0.613s] Level 5:colcon.colcon_core.verb:set package 'control_bolide' build argument 'catkin_skip_building_tests' from command line to 'False'
[0.613s] DEBUG:colcon.colcon_core.verb:Building package 'control_bolide' with the following arguments: {'ament_cmake_args': None, 'build_base': '/home/voiture/course_2025_slam_pkgs/workspace/build/control_bolide', 'catkin_cmake_args': None, 'catkin_skip_building_tests': False, 'cmake_args': None, 'cmake_clean_cache': False, 'cmake_clean_first': False, 'cmake_force_configure': False, 'cmake_target': None, 'cmake_target_skip_unavailable': False, 'install_base': '/home/voiture/course_2025_slam_pkgs/workspace/install/control_bolide', 'merge_install': False, 'path': '/home/voiture/course_2025_slam_pkgs/workspace/src/control_bolide', 'symlink_install': False, 'test_result_base': None}
[0.613s] Level 5:colcon.colcon_core.verb:set package 'perception_bolide' build argument 'cmake_args' from command line to 'None'
[0.613s] Level 5:colcon.colcon_core.verb:set package 'perception_bolide' build argument 'cmake_target' from command line to 'None'
[0.613s] Level 5:colcon.colcon_core.verb:set package 'perception_bolide' build argument 'cmake_target_skip_unavailable' from command line to 'False'
[0.613s] Level 5:colcon.colcon_core.verb:set package 'perception_bolide' build argument 'cmake_clean_cache' from command line to 'False'
[0.613s] Level 5:colcon.colcon_core.verb:set package 'perception_bolide' build argument 'cmake_clean_first' from command line to 'False'
[0.613s] Level 5:colcon.colcon_core.verb:set package 'perception_bolide' build argument 'cmake_force_configure' from command line to 'False'
[0.613s] Level 5:colcon.colcon_core.verb:set package 'perception_bolide' build argument 'ament_cmake_args' from command line to 'None'
[0.613s] Level 5:colcon.colcon_core.verb:set package 'perception_bolide' build argument 'catkin_cmake_args' from command line to 'None'
[0.613s] Level 5:colcon.colcon_core.verb:set package 'perception_bolide' build argument 'catkin_skip_building_tests' from command line to 'False'
[0.613s] DEBUG:colcon.colcon_core.verb:Building package 'perception_bolide' with the following arguments: {'ament_cmake_args': None, 'build_base': '/home/voiture/course_2025_slam_pkgs/workspace/build/perception_bolide', 'catkin_cmake_args': None, 'catkin_skip_building_tests': False, 'cmake_args': None, 'cmake_clean_cache': False, 'cmake_clean_first': False, 'cmake_force_configure': False, 'cmake_target': None, 'cmake_target_skip_unavailable': False, 'install_base': '/home/voiture/course_2025_slam_pkgs/workspace/install/perception_bolide', 'merge_install': False, 'path': '/home/voiture/course_2025_slam_pkgs/workspace/src/perception_bolide', 'symlink_install': False, 'test_result_base': None}
[0.614s] INFO:colcon.colcon_core.executor:Executing jobs using 'parallel' executor
[0.615s] DEBUG:colcon.colcon_parallel_executor.executor.parallel:run_until_complete
[0.615s] INFO:colcon.colcon_ros.task.ament_python.build:Building ROS package in '/home/voiture/course_2025_slam_pkgs/workspace/src/control_bolide' with build type 'ament_python'
[0.616s] Level 1:colcon.colcon_core.shell:create_environment_hook('control_bolide', 'ament_prefix_path')
[0.618s] INFO:colcon.colcon_core.plugin_system:Skipping extension 'colcon_core.shell.bat': Not used on non-Windows systems
[0.618s] INFO:colcon.colcon_core.shell:Creating environment hook '/home/voiture/course_2025_slam_pkgs/workspace/install/control_bolide/share/control_bolide/hook/ament_prefix_path.ps1'
[0.620s] INFO:colcon.colcon_core.shell:Creating environment descriptor '/home/voiture/course_2025_slam_pkgs/workspace/install/control_bolide/share/control_bolide/hook/ament_prefix_path.dsv'
[0.623s] INFO:colcon.colcon_core.shell:Creating environment hook '/home/voiture/course_2025_slam_pkgs/workspace/install/control_bolide/share/control_bolide/hook/ament_prefix_path.sh'
[0.625s] INFO:colcon.colcon_core.shell:Skip shell extension 'powershell' for command environment: Not usable outside of PowerShell
[0.625s] DEBUG:colcon.colcon_core.shell:Skip shell extension 'dsv' for command environment
[0.632s] INFO:colcon.colcon_ros.task.ament_python.build:Building ROS package in '/home/voiture/course_2025_slam_pkgs/workspace/src/perception_bolide' with build type 'ament_python'
[0.632s] Level 1:colcon.colcon_core.shell:create_environment_hook('perception_bolide', 'ament_prefix_path')
[0.632s] INFO:colcon.colcon_core.shell:Creating environment hook '/home/voiture/course_2025_slam_pkgs/workspace/install/perception_bolide/share/perception_bolide/hook/ament_prefix_path.ps1'
[0.633s] INFO:colcon.colcon_core.shell:Creating environment descriptor '/home/voiture/course_2025_slam_pkgs/workspace/install/perception_bolide/share/perception_bolide/hook/ament_prefix_path.dsv'
[0.634s] INFO:colcon.colcon_core.shell:Creating environment hook '/home/voiture/course_2025_slam_pkgs/workspace/install/perception_bolide/share/perception_bolide/hook/ament_prefix_path.sh'
[0.635s] INFO:colcon.colcon_core.shell:Skip shell extension 'powershell' for command environment: Not usable outside of PowerShell
[0.635s] DEBUG:colcon.colcon_core.shell:Skip shell extension 'dsv' for command environment
[0.974s] INFO:colcon.colcon_core.task.python.build:Building Python package in '/home/voiture/course_2025_slam_pkgs/workspace/src/control_bolide'
[0.975s] INFO:colcon.colcon_core.shell:Skip shell extension 'powershell' for command environment: Not usable outside of PowerShell
[0.975s] DEBUG:colcon.colcon_core.shell:Skip shell extension 'dsv' for command environment
[1.310s] INFO:colcon.colcon_core.task.python.build:Building Python package in '/home/voiture/course_2025_slam_pkgs/workspace/src/perception_bolide'
[1.310s] INFO:colcon.colcon_core.shell:Skip shell extension 'powershell' for command environment: Not usable outside of PowerShell
[1.310s] DEBUG:colcon.colcon_core.shell:Skip shell extension 'dsv' for command environment
[2.672s] DEBUG:colcon.colcon_core.event_handler.log_command:Invoking command in '/home/voiture/course_2025_slam_pkgs/workspace/src/control_bolide': CMAKE_PREFIX_PATH=/home/voiture/course_2025_slam_pkgs/workspace/install/bolide_interfaces:/home/voiture/course_2025_slam_pkgs/workspace/install/sllidar_ros2:/opt/ros/jazzy/opt/gz_math_vendor:/opt/ros/jazzy/opt/gz_utils_vendor:/opt/ros/jazzy/opt/gz_cmake_vendor DEBUGINFOD_URLS=https://debuginfod.ubuntu.com PS1=\[\e]0;\u@\h: \w\a\]${debian_chroot:+($debian_chroot)}\[\033[01;32m\]\u@\h\[\033[00m\]:\[\033[01;34m\]\w\[\033[00m\]\$ PYTHONPATH=/home/voiture/course_2025_slam_pkgs/workspace/build/control_bolide/prefix_override:/usr/lib/python3/dist-packages/colcon_core/task/python/colcon_distutils_commands:/home/voiture/course_2025_slam_pkgs/workspace/install/control_bolide/lib/python3.12/site-packages:/home/voiture/course_2025_slam_pkgs/workspace/install/bolide_interfaces/lib/python3.12/site-packages:/home/voiture/course_2025_slam_pkgs/workspace/install/planning_bolide/lib/python3.12/site-packages:/home/voiture/course_2025_slam_pkgs/workspace/install/perception_bolide/lib/python3.12/site-packages:/home/voiture/course_2025_slam_pkgs/workspace/install/particle_filter/lib/python3.12/site-packages:/home/voiture/course_2025_slam_pkgs/workspace/install/control_bolide/lib/python3.12/site-packages:/opt/ros/jazzy/lib/python3.12/site-packages /usr/bin/python3 -W ignore:setup.py install is deprecated -W ignore:easy_install command is deprecated setup.py egg_info --egg-base ../../build/control_bolide build --build-base /home/voiture/course_2025_slam_pkgs/workspace/build/control_bolide/build install --record /home/voiture/course_2025_slam_pkgs/workspace/build/control_bolide/install.log --single-version-externally-managed install_data
[2.678s] DEBUG:colcon.colcon_core.event_handler.log_command:Invoking command in '/home/voiture/course_2025_slam_pkgs/workspace/src/perception_bolide': CMAKE_PREFIX_PATH=/home/voiture/course_2025_slam_pkgs/workspace/install/bolide_interfaces:/home/voiture/course_2025_slam_pkgs/workspace/install/sllidar_ros2:/opt/ros/jazzy/opt/gz_math_vendor:/opt/ros/jazzy/opt/gz_utils_vendor:/opt/ros/jazzy/opt/gz_cmake_vendor DEBUGINFOD_URLS=https://debuginfod.ubuntu.com PS1=\[\e]0;\u@\h: \w\a\]${debian_chroot:+($debian_chroot)}\[\033[01;32m\]\u@\h\[\033[00m\]:\[\033[01;34m\]\w\[\033[00m\]\$ PYTHONPATH=/home/voiture/course_2025_slam_pkgs/workspace/build/perception_bolide/prefix_override:/usr/lib/python3/dist-packages/colcon_core/task/python/colcon_distutils_commands:/home/voiture/course_2025_slam_pkgs/workspace/install/perception_bolide/lib/python3.12/site-packages:/home/voiture/course_2025_slam_pkgs/workspace/install/bolide_interfaces/lib/python3.12/site-packages:/home/voiture/course_2025_slam_pkgs/workspace/install/planning_bolide/lib/python3.12/site-packages:/home/voiture/course_2025_slam_pkgs/workspace/install/perception_bolide/lib/python3.12/site-packages:/home/voiture/course_2025_slam_pkgs/workspace/install/particle_filter/lib/python3.12/site-packages:/home/voiture/course_2025_slam_pkgs/workspace/install/control_bolide/lib/python3.12/site-packages:/opt/ros/jazzy/lib/python3.12/site-packages /usr/bin/python3 -W ignore:setup.py install is deprecated -W ignore:easy_install command is deprecated setup.py egg_info --egg-base ../../build/perception_bolide build --build-base /home/voiture/course_2025_slam_pkgs/workspace/build/perception_bolide/build install --record /home/voiture/course_2025_slam_pkgs/workspace/build/perception_bolide/install.log --single-version-externally-managed install_data
[3.524s] DEBUG:colcon.colcon_core.event_handler.log_command:Invoked command in '/home/voiture/course_2025_slam_pkgs/workspace/src/perception_bolide' returned '0': CMAKE_PREFIX_PATH=/home/voiture/course_2025_slam_pkgs/workspace/install/bolide_interfaces:/home/voiture/course_2025_slam_pkgs/workspace/install/sllidar_ros2:/opt/ros/jazzy/opt/gz_math_vendor:/opt/ros/jazzy/opt/gz_utils_vendor:/opt/ros/jazzy/opt/gz_cmake_vendor DEBUGINFOD_URLS=https://debuginfod.ubuntu.com PS1=\[\e]0;\u@\h: \w\a\]${debian_chroot:+($debian_chroot)}\[\033[01;32m\]\u@\h\[\033[00m\]:\[\033[01;34m\]\w\[\033[00m\]\$ PYTHONPATH=/home/voiture/course_2025_slam_pkgs/workspace/build/perception_bolide/prefix_override:/usr/lib/python3/dist-packages/colcon_core/task/python/colcon_distutils_commands:/home/voiture/course_2025_slam_pkgs/workspace/install/perception_bolide/lib/python3.12/site-packages:/home/voiture/course_2025_slam_pkgs/workspace/install/bolide_interfaces/lib/python3.12/site-packages:/home/voiture/course_2025_slam_pkgs/workspace/install/planning_bolide/lib/python3.12/site-packages:/home/voiture/course_2025_slam_pkgs/workspace/install/perception_bolide/lib/python3.12/site-packages:/home/voiture/course_2025_slam_pkgs/workspace/install/particle_filter/lib/python3.12/site-packages:/home/voiture/course_2025_slam_pkgs/workspace/install/control_bolide/lib/python3.12/site-packages:/opt/ros/jazzy/lib/python3.12/site-packages /usr/bin/python3 -W ignore:setup.py install is deprecated -W ignore:easy_install command is deprecated setup.py egg_info --egg-base ../../build/perception_bolide build --build-base /home/voiture/course_2025_slam_pkgs/workspace/build/perception_bolide/build install --record /home/voiture/course_2025_slam_pkgs/workspace/build/perception_bolide/install.log --single-version-externally-managed install_data
[3.540s] Level 1:colcon.colcon_core.environment:checking '/home/voiture/course_2025_slam_pkgs/workspace/install/perception_bolide' for CMake module files
[3.541s] Level 1:colcon.colcon_core.environment:checking '/home/voiture/course_2025_slam_pkgs/workspace/install/perception_bolide' for CMake config files
[3.542s] Level 1:colcon.colcon_core.environment:checking '/home/voiture/course_2025_slam_pkgs/workspace/install/perception_bolide/lib'
[3.542s] Level 1:colcon.colcon_core.environment:checking '/home/voiture/course_2025_slam_pkgs/workspace/install/perception_bolide/bin'
[3.542s] Level 1:colcon.colcon_core.environment:checking '/home/voiture/course_2025_slam_pkgs/workspace/install/perception_bolide/lib/pkgconfig/perception_bolide.pc'
[3.543s] Level 1:colcon.colcon_core.environment:checking '/home/voiture/course_2025_slam_pkgs/workspace/install/perception_bolide/lib/python3.12/site-packages'
[3.543s] Level 1:colcon.colcon_core.shell:create_environment_hook('perception_bolide', 'pythonpath')
[3.543s] INFO:colcon.colcon_core.shell:Creating environment hook '/home/voiture/course_2025_slam_pkgs/workspace/install/perception_bolide/share/perception_bolide/hook/pythonpath.ps1'
[3.544s] INFO:colcon.colcon_core.shell:Creating environment descriptor '/home/voiture/course_2025_slam_pkgs/workspace/install/perception_bolide/share/perception_bolide/hook/pythonpath.dsv'
[3.546s] INFO:colcon.colcon_core.shell:Creating environment hook '/home/voiture/course_2025_slam_pkgs/workspace/install/perception_bolide/share/perception_bolide/hook/pythonpath.sh'
[3.548s] Level 1:colcon.colcon_core.environment:checking '/home/voiture/course_2025_slam_pkgs/workspace/install/perception_bolide/bin'
[3.548s] Level 1:colcon.colcon_core.environment:create_environment_scripts_only(perception_bolide)
[3.548s] INFO:colcon.colcon_core.shell:Creating package script '/home/voiture/course_2025_slam_pkgs/workspace/install/perception_bolide/share/perception_bolide/package.ps1'
[3.551s] INFO:colcon.colcon_core.shell:Creating package descriptor '/home/voiture/course_2025_slam_pkgs/workspace/install/perception_bolide/share/perception_bolide/package.dsv'
[3.553s] INFO:colcon.colcon_core.shell:Creating package script '/home/voiture/course_2025_slam_pkgs/workspace/install/perception_bolide/share/perception_bolide/package.sh'
[3.555s] INFO:colcon.colcon_core.shell:Creating package script '/home/voiture/course_2025_slam_pkgs/workspace/install/perception_bolide/share/perception_bolide/package.bash'
[3.558s] INFO:colcon.colcon_core.shell:Creating package script '/home/voiture/course_2025_slam_pkgs/workspace/install/perception_bolide/share/perception_bolide/package.zsh'
[3.561s] Level 1:colcon.colcon_core.environment:create_file_with_runtime_dependencies(/home/voiture/course_2025_slam_pkgs/workspace/install/perception_bolide/share/colcon-core/packages/perception_bolide)
[3.564s] Level 1:colcon.colcon_core.environment:checking '/home/voiture/course_2025_slam_pkgs/workspace/install/control_bolide' for CMake module files
[3.565s] DEBUG:colcon.colcon_core.event_handler.log_command:Invoked command in '/home/voiture/course_2025_slam_pkgs/workspace/src/control_bolide' returned '0': CMAKE_PREFIX_PATH=/home/voiture/course_2025_slam_pkgs/workspace/install/bolide_interfaces:/home/voiture/course_2025_slam_pkgs/workspace/install/sllidar_ros2:/opt/ros/jazzy/opt/gz_math_vendor:/opt/ros/jazzy/opt/gz_utils_vendor:/opt/ros/jazzy/opt/gz_cmake_vendor DEBUGINFOD_URLS=https://debuginfod.ubuntu.com PS1=\[\e]0;\u@\h: \w\a\]${debian_chroot:+($debian_chroot)}\[\033[01;32m\]\u@\h\[\033[00m\]:\[\033[01;34m\]\w\[\033[00m\]\$ PYTHONPATH=/home/voiture/course_2025_slam_pkgs/workspace/build/control_bolide/prefix_override:/usr/lib/python3/dist-packages/colcon_core/task/python/colcon_distutils_commands:/home/voiture/course_2025_slam_pkgs/workspace/install/control_bolide/lib/python3.12/site-packages:/home/voiture/course_2025_slam_pkgs/workspace/install/bolide_interfaces/lib/python3.12/site-packages:/home/voiture/course_2025_slam_pkgs/workspace/install/planning_bolide/lib/python3.12/site-packages:/home/voiture/course_2025_slam_pkgs/workspace/install/perception_bolide/lib/python3.12/site-packages:/home/voiture/course_2025_slam_pkgs/workspace/install/particle_filter/lib/python3.12/site-packages:/home/voiture/course_2025_slam_pkgs/workspace/install/control_bolide/lib/python3.12/site-packages:/opt/ros/jazzy/lib/python3.12/site-packages /usr/bin/python3 -W ignore:setup.py install is deprecated -W ignore:easy_install command is deprecated setup.py egg_info --egg-base ../../build/control_bolide build --build-base /home/voiture/course_2025_slam_pkgs/workspace/build/control_bolide/build install --record /home/voiture/course_2025_slam_pkgs/workspace/build/control_bolide/install.log --single-version-externally-managed install_data
[3.565s] Level 1:colcon.colcon_core.environment:checking '/home/voiture/course_2025_slam_pkgs/workspace/install/control_bolide' for CMake config files
[3.567s] Level 1:colcon.colcon_core.environment:checking '/home/voiture/course_2025_slam_pkgs/workspace/install/control_bolide/lib'
[3.567s] Level 1:colcon.colcon_core.environment:checking '/home/voiture/course_2025_slam_pkgs/workspace/install/control_bolide/bin'
[3.568s] Level 1:colcon.colcon_core.environment:checking '/home/voiture/course_2025_slam_pkgs/workspace/install/control_bolide/lib/pkgconfig/control_bolide.pc'
[3.568s] Level 1:colcon.colcon_core.environment:checking '/home/voiture/course_2025_slam_pkgs/workspace/install/control_bolide/lib/python3.12/site-packages'
[3.568s] Level 1:colcon.colcon_core.shell:create_environment_hook('control_bolide', 'pythonpath')
[3.568s] INFO:colcon.colcon_core.shell:Creating environment hook '/home/voiture/course_2025_slam_pkgs/workspace/install/control_bolide/share/control_bolide/hook/pythonpath.ps1'
[3.569s] INFO:colcon.colcon_core.shell:Creating environment descriptor '/home/voiture/course_2025_slam_pkgs/workspace/install/control_bolide/share/control_bolide/hook/pythonpath.dsv'
[3.571s] INFO:colcon.colcon_core.shell:Creating environment hook '/home/voiture/course_2025_slam_pkgs/workspace/install/control_bolide/share/control_bolide/hook/pythonpath.sh'
[3.572s] Level 1:colcon.colcon_core.environment:checking '/home/voiture/course_2025_slam_pkgs/workspace/install/control_bolide/bin'
[3.572s] Level 1:colcon.colcon_core.environment:create_environment_scripts_only(control_bolide)
[3.573s] INFO:colcon.colcon_core.shell:Creating package script '/home/voiture/course_2025_slam_pkgs/workspace/install/control_bolide/share/control_bolide/package.ps1'
[3.573s] INFO:colcon.colcon_core.shell:Creating package descriptor '/home/voiture/course_2025_slam_pkgs/workspace/install/control_bolide/share/control_bolide/package.dsv'
[3.574s] INFO:colcon.colcon_core.shell:Creating package script '/home/voiture/course_2025_slam_pkgs/workspace/install/control_bolide/share/control_bolide/package.sh'
[3.575s] INFO:colcon.colcon_core.shell:Creating package script '/home/voiture/course_2025_slam_pkgs/workspace/install/control_bolide/share/control_bolide/package.bash'
[3.576s] INFO:colcon.colcon_core.shell:Creating package script '/home/voiture/course_2025_slam_pkgs/workspace/install/control_bolide/share/control_bolide/package.zsh'
[3.578s] Level 1:colcon.colcon_core.environment:create_file_with_runtime_dependencies(/home/voiture/course_2025_slam_pkgs/workspace/install/control_bolide/share/colcon-core/packages/control_bolide)
[3.579s] DEBUG:colcon.colcon_parallel_executor.executor.parallel:closing loop
[3.580s] DEBUG:colcon.colcon_parallel_executor.executor.parallel:loop closed
[3.580s] DEBUG:colcon.colcon_parallel_executor.executor.parallel:run_until_complete finished with '0'
[3.580s] DEBUG:colcon.colcon_core.event_reactor:joining thread
[3.589s] INFO:colcon.colcon_core.plugin_system:Skipping extension 'colcon_notification.desktop_notification.terminal_notifier': Not used on non-Darwin systems
[3.589s] INFO:colcon.colcon_core.plugin_system:Skipping extension 'colcon_notification.desktop_notification.win32': Not used on non-Windows systems
[3.589s] INFO:colcon.colcon_notification.desktop_notification:Sending desktop notification using 'notify2'
[3.719s] DEBUG:colcon.colcon_core.event_reactor:joined thread
[3.720s] INFO:colcon.colcon_core.shell:Creating prefix script '/home/voiture/course_2025_slam_pkgs/workspace/install/local_setup.ps1'
[3.721s] INFO:colcon.colcon_core.shell:Creating prefix util module '/home/voiture/course_2025_slam_pkgs/workspace/install/_local_setup_util_ps1.py'
[3.722s] INFO:colcon.colcon_core.shell:Creating prefix chain script '/home/voiture/course_2025_slam_pkgs/workspace/install/setup.ps1'
[3.724s] INFO:colcon.colcon_core.shell:Creating prefix script '/home/voiture/course_2025_slam_pkgs/workspace/install/local_setup.sh'
[3.726s] INFO:colcon.colcon_core.shell:Creating prefix util module '/home/voiture/course_2025_slam_pkgs/workspace/install/_local_setup_util_sh.py'
[3.727s] INFO:colcon.colcon_core.shell:Creating prefix chain script '/home/voiture/course_2025_slam_pkgs/workspace/install/setup.sh'
[3.729s] INFO:colcon.colcon_core.shell:Creating prefix script '/home/voiture/course_2025_slam_pkgs/workspace/install/local_setup.bash'
[3.731s] INFO:colcon.colcon_core.shell:Creating prefix chain script '/home/voiture/course_2025_slam_pkgs/workspace/install/setup.bash'
[3.732s] INFO:colcon.colcon_core.shell:Creating prefix script '/home/voiture/course_2025_slam_pkgs/workspace/install/local_setup.zsh'
[3.734s] INFO:colcon.colcon_core.shell:Creating prefix chain script '/home/voiture/course_2025_slam_pkgs/workspace/install/setup.zsh'
