[0.000000] (-) TimerEvent: {}
[0.000483] (bolide_interfaces) JobQueued: {'identifier': 'bolide_interfaces', 'dependencies': OrderedDict()}
[0.001471] (sllidar_ros2) JobQueued: {'identifier': 'sllidar_ros2', 'dependencies': OrderedDict()}
[0.001595] (control_bolide) JobQueued: {'identifier': 'control_bolide', 'dependencies': OrderedDict({'bolide_interfaces': '/home/voiture/course_2025_slam_pkgs/workspace/install/bolide_interfaces'})}
[0.001725] (perception_bolide) JobQueued: {'identifier': 'perception_bolide', 'dependencies': OrderedDict({'bolide_interfaces': '/home/voiture/course_2025_slam_pkgs/workspace/install/bolide_interfaces'})}
[0.001811] (planning_bolide) JobQueued: {'identifier': 'planning_bolide', 'dependencies': OrderedDict({'bolide_interfaces': '/home/voiture/course_2025_slam_pkgs/workspace/install/bolide_interfaces'})}
[0.001884] (bolide_interfaces) JobStarted: {'identifier': 'bolide_interfaces'}
[0.028061] (sllidar_ros2) JobStarted: {'identifier': 'sllidar_ros2'}
[0.035378] (bolide_interfaces) JobProgress: {'identifier': 'bolide_interfaces', 'progress': 'cmake'}
[0.040116] (bolide_interfaces) JobProgress: {'identifier': 'bolide_interfaces', 'progress': 'build'}
[0.041213] (bolide_interfaces) Command: {'cmd': ['/usr/bin/cmake', '--build', '/home/voiture/course_2025_slam_pkgs/workspace/build/bolide_interfaces', '--', '-j4', '-l4'], 'cwd': '/home/voiture/course_2025_slam_pkgs/workspace/build/bolide_interfaces', 'env': OrderedDict({'LESSOPEN': '| /usr/bin/lesspipe %s', 'USER': 'voiture', 'XDG_SESSION_TYPE': 'wayland', 'SHLVL': '1', 'LD_LIBRARY_PATH': '/opt/ros/jazzy/opt/rviz_ogre_vendor/lib:/opt/ros/jazzy/lib/aarch64-linux-gnu:/opt/ros/jazzy/opt/gz_math_vendor/lib:/opt/ros/jazzy/opt/gz_utils_vendor/lib:/opt/ros/jazzy/opt/gz_cmake_vendor/lib:/opt/ros/jazzy/lib', 'HOME': '/home/voiture', 'OLDPWD': '/home/voiture/course_2025_slam_pkgs/workspace/src', 'DESKTOP_SESSION': 'ubuntu', 'ROS_PYTHON_VERSION': '3', 'GNOME_SHELL_SESSION_MODE': 'ubuntu', 'GTK_MODULES': 'gail:atk-bridge', 'SYSTEMD_EXEC_PID': '1686', 'GSM_SKIP_SSH_AGENT_WORKAROUND': 'true', 'DBUS_SESSION_BUS_ADDRESS': 'unix:path=/run/user/1002/bus', 'COLORTERM': 'truecolor', 'DEBUGINFOD_URLS': 'https://debuginfod.ubuntu.com', 'IM_CONFIG_PHASE': '1', 'WAYLAND_DISPLAY': 'wayland-0', 'ROS_DISTRO': 'jazzy', 'LOGNAME': 'voiture', '_': '/usr/bin/colcon', 'ROS_VERSION': '2', 'MEMORY_PRESSURE_WATCH': '/sys/fs/cgroup/user.slice/user-1002.slice/user@1002.service/session.slice/org.gnome.Shell@wayland.service/memory.pressure', 'XDG_SESSION_CLASS': 'user', 'USERNAME': 'voiture', 'TERM': 'xterm-256color', 'GNOME_DESKTOP_SESSION_ID': 'this-is-deprecated', 'PATH': '/opt/ros/jazzy/bin:/usr/local/sbin:/usr/local/bin:/usr/sbin:/usr/bin:/sbin:/bin:/usr/games:/usr/local/games:/snap/bin:/snap/bin', 'SESSION_MANAGER': 'local/voiture1:@/tmp/.ICE-unix/1646,unix/voiture1:/tmp/.ICE-unix/1646', 'XDG_MENU_PREFIX': 'gnome-', 'GNOME_TERMINAL_SCREEN': '/org/gnome/Terminal/screen/a24b5abc_ecb0_4c2b_ab75_9edd28611d98', 'GNOME_SETUP_DISPLAY': ':1', 'XDG_RUNTIME_DIR': '/run/user/1002', 'DISPLAY': ':0', 'LANG': 'C.UTF-8', 'XDG_CURRENT_DESKTOP': 'ubuntu:GNOME', 'XMODIFIERS': '@im=ibus', 'XDG_SESSION_DESKTOP': 'ubuntu', 'XAUTHORITY': '/run/user/1002/.mutter-Xwaylandauth.G78142', 'LS_COLORS': 'rs=0:di=01;34:ln=01;36:mh=00:pi=40;33:so=01;35:do=01;35:bd=40;33;01:cd=40;33;01:or=40;31;01:mi=00:su=37;41:sg=30;43:ca=00:tw=30;42:ow=34;42:st=37;44:ex=01;32:*.tar=01;31:*.tgz=01;31:*.arc=01;31:*.arj=01;31:*.taz=01;31:*.lha=01;31:*.lz4=01;31:*.lzh=01;31:*.lzma=01;31:*.tlz=01;31:*.txz=01;31:*.tzo=01;31:*.t7z=01;31:*.zip=01;31:*.z=01;31:*.dz=01;31:*.gz=01;31:*.lrz=01;31:*.lz=01;31:*.lzo=01;31:*.xz=01;31:*.zst=01;31:*.tzst=01;31:*.bz2=01;31:*.bz=01;31:*.tbz=01;31:*.tbz2=01;31:*.tz=01;31:*.deb=01;31:*.rpm=01;31:*.jar=01;31:*.war=01;31:*.ear=01;31:*.sar=01;31:*.rar=01;31:*.alz=01;31:*.ace=01;31:*.zoo=01;31:*.cpio=01;31:*.7z=01;31:*.rz=01;31:*.cab=01;31:*.wim=01;31:*.swm=01;31:*.dwm=01;31:*.esd=01;31:*.avif=01;35:*.jpg=01;35:*.jpeg=01;35:*.mjpg=01;35:*.mjpeg=01;35:*.gif=01;35:*.bmp=01;35:*.pbm=01;35:*.pgm=01;35:*.ppm=01;35:*.tga=01;35:*.xbm=01;35:*.xpm=01;35:*.tif=01;35:*.tiff=01;35:*.png=01;35:*.svg=01;35:*.svgz=01;35:*.mng=01;35:*.pcx=01;35:*.mov=01;35:*.mpg=01;35:*.mpeg=01;35:*.m2v=01;35:*.mkv=01;35:*.webm=01;35:*.webp=01;35:*.ogm=01;35:*.mp4=01;35:*.m4v=01;35:*.mp4v=01;35:*.vob=01;35:*.qt=01;35:*.nuv=01;35:*.wmv=01;35:*.asf=01;35:*.rm=01;35:*.rmvb=01;35:*.flc=01;35:*.avi=01;35:*.fli=01;35:*.flv=01;35:*.gl=01;35:*.dl=01;35:*.xcf=01;35:*.xwd=01;35:*.yuv=01;35:*.cgm=01;35:*.emf=01;35:*.ogv=01;35:*.ogx=01;35:*.aac=00;36:*.au=00;36:*.flac=00;36:*.m4a=00;36:*.mid=00;36:*.midi=00;36:*.mka=00;36:*.mp3=00;36:*.mpc=00;36:*.ogg=00;36:*.ra=00;36:*.wav=00;36:*.oga=00;36:*.opus=00;36:*.spx=00;36:*.xspf=00;36:*~=00;90:*#=00;90:*.bak=00;90:*.crdownload=00;90:*.dpkg-dist=00;90:*.dpkg-new=00;90:*.dpkg-old=00;90:*.dpkg-tmp=00;90:*.old=00;90:*.orig=00;90:*.part=00;90:*.rej=00;90:*.rpmnew=00;90:*.rpmorig=00;90:*.rpmsave=00;90:*.swp=00;90:*.tmp=00;90:*.ucf-dist=00;90:*.ucf-new=00;90:*.ucf-old=00;90:', 'GNOME_TERMINAL_SERVICE': ':1.106', 'SSH_AUTH_SOCK': '/run/user/1002/keyring/ssh', 'ROS_DOMAIN_ID': '10', 'AMENT_PREFIX_PATH': '/opt/ros/jazzy', 'SHELL': '/bin/bash', 'QT_ACCESSIBILITY': '1', 'GDMSESSION': 'ubuntu', 'LESSCLOSE': '/usr/bin/lesspipe %s %s', 'ROS_AUTOMATIC_DISCOVERY_RANGE': 'SUBNET', 'QT_IM_MODULE': 'ibus', 'PWD': '/home/voiture/course_2025_slam_pkgs/workspace/build/bolide_interfaces', 'XDG_CONFIG_DIRS': '/etc/xdg/xdg-ubuntu:/etc/xdg', 'XDG_DATA_DIRS': '/usr/share/ubuntu:/usr/share/gnome:/usr/local/share/:/usr/share/:/var/lib/snapd/desktop', 'PYTHONPATH': '/opt/ros/jazzy/lib/python3.12/site-packages', 'COLCON': '1', 'MEMORY_PRESSURE_WRITE': 'c29tZSAyMDAwMDAgMjAwMDAwMAA=', 'VTE_VERSION': '7600', 'CMAKE_PREFIX_PATH': '/opt/ros/jazzy/opt/gz_math_vendor:/opt/ros/jazzy/opt/gz_utils_vendor:/opt/ros/jazzy/opt/gz_cmake_vendor:/opt/ros/jazzy'}), 'shell': False}
[0.079565] (sllidar_ros2) JobProgress: {'identifier': 'sllidar_ros2', 'progress': 'cmake'}
[0.090046] (sllidar_ros2) JobProgress: {'identifier': 'sllidar_ros2', 'progress': 'build'}
[0.090197] (sllidar_ros2) Command: {'cmd': ['/usr/bin/cmake', '--build', '/home/voiture/course_2025_slam_pkgs/workspace/build/sllidar_ros2', '--', '-j4', '-l4'], 'cwd': '/home/voiture/course_2025_slam_pkgs/workspace/build/sllidar_ros2', 'env': OrderedDict({'LESSOPEN': '| /usr/bin/lesspipe %s', 'USER': 'voiture', 'XDG_SESSION_TYPE': 'wayland', 'SHLVL': '1', 'LD_LIBRARY_PATH': '/opt/ros/jazzy/opt/rviz_ogre_vendor/lib:/opt/ros/jazzy/lib/aarch64-linux-gnu:/opt/ros/jazzy/opt/gz_math_vendor/lib:/opt/ros/jazzy/opt/gz_utils_vendor/lib:/opt/ros/jazzy/opt/gz_cmake_vendor/lib:/opt/ros/jazzy/lib', 'HOME': '/home/voiture', 'OLDPWD': '/home/voiture/course_2025_slam_pkgs/workspace/src', 'DESKTOP_SESSION': 'ubuntu', 'ROS_PYTHON_VERSION': '3', 'GNOME_SHELL_SESSION_MODE': 'ubuntu', 'GTK_MODULES': 'gail:atk-bridge', 'SYSTEMD_EXEC_PID': '1686', 'GSM_SKIP_SSH_AGENT_WORKAROUND': 'true', 'DBUS_SESSION_BUS_ADDRESS': 'unix:path=/run/user/1002/bus', 'COLORTERM': 'truecolor', 'DEBUGINFOD_URLS': 'https://debuginfod.ubuntu.com', 'IM_CONFIG_PHASE': '1', 'WAYLAND_DISPLAY': 'wayland-0', 'ROS_DISTRO': 'jazzy', 'LOGNAME': 'voiture', '_': '/usr/bin/colcon', 'ROS_VERSION': '2', 'MEMORY_PRESSURE_WATCH': '/sys/fs/cgroup/user.slice/user-1002.slice/user@1002.service/session.slice/org.gnome.Shell@wayland.service/memory.pressure', 'XDG_SESSION_CLASS': 'user', 'USERNAME': 'voiture', 'TERM': 'xterm-256color', 'GNOME_DESKTOP_SESSION_ID': 'this-is-deprecated', 'PATH': '/opt/ros/jazzy/bin:/usr/local/sbin:/usr/local/bin:/usr/sbin:/usr/bin:/sbin:/bin:/usr/games:/usr/local/games:/snap/bin:/snap/bin', 'SESSION_MANAGER': 'local/voiture1:@/tmp/.ICE-unix/1646,unix/voiture1:/tmp/.ICE-unix/1646', 'XDG_MENU_PREFIX': 'gnome-', 'GNOME_TERMINAL_SCREEN': '/org/gnome/Terminal/screen/a24b5abc_ecb0_4c2b_ab75_9edd28611d98', 'GNOME_SETUP_DISPLAY': ':1', 'XDG_RUNTIME_DIR': '/run/user/1002', 'DISPLAY': ':0', 'LANG': 'C.UTF-8', 'XDG_CURRENT_DESKTOP': 'ubuntu:GNOME', 'XMODIFIERS': '@im=ibus', 'XDG_SESSION_DESKTOP': 'ubuntu', 'XAUTHORITY': '/run/user/1002/.mutter-Xwaylandauth.G78142', 'LS_COLORS': 'rs=0:di=01;34:ln=01;36:mh=00:pi=40;33:so=01;35:do=01;35:bd=40;33;01:cd=40;33;01:or=40;31;01:mi=00:su=37;41:sg=30;43:ca=00:tw=30;42:ow=34;42:st=37;44:ex=01;32:*.tar=01;31:*.tgz=01;31:*.arc=01;31:*.arj=01;31:*.taz=01;31:*.lha=01;31:*.lz4=01;31:*.lzh=01;31:*.lzma=01;31:*.tlz=01;31:*.txz=01;31:*.tzo=01;31:*.t7z=01;31:*.zip=01;31:*.z=01;31:*.dz=01;31:*.gz=01;31:*.lrz=01;31:*.lz=01;31:*.lzo=01;31:*.xz=01;31:*.zst=01;31:*.tzst=01;31:*.bz2=01;31:*.bz=01;31:*.tbz=01;31:*.tbz2=01;31:*.tz=01;31:*.deb=01;31:*.rpm=01;31:*.jar=01;31:*.war=01;31:*.ear=01;31:*.sar=01;31:*.rar=01;31:*.alz=01;31:*.ace=01;31:*.zoo=01;31:*.cpio=01;31:*.7z=01;31:*.rz=01;31:*.cab=01;31:*.wim=01;31:*.swm=01;31:*.dwm=01;31:*.esd=01;31:*.avif=01;35:*.jpg=01;35:*.jpeg=01;35:*.mjpg=01;35:*.mjpeg=01;35:*.gif=01;35:*.bmp=01;35:*.pbm=01;35:*.pgm=01;35:*.ppm=01;35:*.tga=01;35:*.xbm=01;35:*.xpm=01;35:*.tif=01;35:*.tiff=01;35:*.png=01;35:*.svg=01;35:*.svgz=01;35:*.mng=01;35:*.pcx=01;35:*.mov=01;35:*.mpg=01;35:*.mpeg=01;35:*.m2v=01;35:*.mkv=01;35:*.webm=01;35:*.webp=01;35:*.ogm=01;35:*.mp4=01;35:*.m4v=01;35:*.mp4v=01;35:*.vob=01;35:*.qt=01;35:*.nuv=01;35:*.wmv=01;35:*.asf=01;35:*.rm=01;35:*.rmvb=01;35:*.flc=01;35:*.avi=01;35:*.fli=01;35:*.flv=01;35:*.gl=01;35:*.dl=01;35:*.xcf=01;35:*.xwd=01;35:*.yuv=01;35:*.cgm=01;35:*.emf=01;35:*.ogv=01;35:*.ogx=01;35:*.aac=00;36:*.au=00;36:*.flac=00;36:*.m4a=00;36:*.mid=00;36:*.midi=00;36:*.mka=00;36:*.mp3=00;36:*.mpc=00;36:*.ogg=00;36:*.ra=00;36:*.wav=00;36:*.oga=00;36:*.opus=00;36:*.spx=00;36:*.xspf=00;36:*~=00;90:*#=00;90:*.bak=00;90:*.crdownload=00;90:*.dpkg-dist=00;90:*.dpkg-new=00;90:*.dpkg-old=00;90:*.dpkg-tmp=00;90:*.old=00;90:*.orig=00;90:*.part=00;90:*.rej=00;90:*.rpmnew=00;90:*.rpmorig=00;90:*.rpmsave=00;90:*.swp=00;90:*.tmp=00;90:*.ucf-dist=00;90:*.ucf-new=00;90:*.ucf-old=00;90:', 'GNOME_TERMINAL_SERVICE': ':1.106', 'SSH_AUTH_SOCK': '/run/user/1002/keyring/ssh', 'ROS_DOMAIN_ID': '10', 'AMENT_PREFIX_PATH': '/opt/ros/jazzy', 'SHELL': '/bin/bash', 'QT_ACCESSIBILITY': '1', 'GDMSESSION': 'ubuntu', 'LESSCLOSE': '/usr/bin/lesspipe %s %s', 'ROS_AUTOMATIC_DISCOVERY_RANGE': 'SUBNET', 'QT_IM_MODULE': 'ibus', 'PWD': '/home/voiture/course_2025_slam_pkgs/workspace/build/sllidar_ros2', 'XDG_CONFIG_DIRS': '/etc/xdg/xdg-ubuntu:/etc/xdg', 'XDG_DATA_DIRS': '/usr/share/ubuntu:/usr/share/gnome:/usr/local/share/:/usr/share/:/var/lib/snapd/desktop', 'PYTHONPATH': '/opt/ros/jazzy/lib/python3.12/site-packages', 'COLCON': '1', 'MEMORY_PRESSURE_WRITE': 'c29tZSAyMDAwMDAgMjAwMDAwMAA=', 'VTE_VERSION': '7600', 'CMAKE_PREFIX_PATH': '/opt/ros/jazzy/opt/gz_math_vendor:/opt/ros/jazzy/opt/gz_utils_vendor:/opt/ros/jazzy/opt/gz_cmake_vendor:/opt/ros/jazzy'}), 'shell': False}
[0.104430] (-) TimerEvent: {}
[0.206351] (-) TimerEvent: {}
[0.306919] (-) TimerEvent: {}
[0.407640] (-) TimerEvent: {}
[0.508176] (-) TimerEvent: {}
[0.608543] (-) TimerEvent: {}
[0.668454] (bolide_interfaces) StdoutLine: {'line': b'-- Found ament_cmake: 2.5.3 (/opt/ros/jazzy/share/ament_cmake/cmake)\n'}
[0.708673] (-) TimerEvent: {}
[0.750527] (bolide_interfaces) StdoutLine: {'line': b'-- Found Python3: /usr/bin/python3 (found version "3.12.3") found components: Interpreter \n'}
[0.808772] (-) TimerEvent: {}
[0.840572] (sllidar_ros2) StdoutLine: {'line': b'[ 10%] Built target sllidar_client\n'}
[0.853135] (sllidar_ros2) StdoutLine: {'line': b'[100%] Built target sllidar_node\n'}
[0.872912] (sllidar_ros2) CommandEnded: {'returncode': 0}
[0.874432] (sllidar_ros2) JobProgress: {'identifier': 'sllidar_ros2', 'progress': 'install'}
[0.893854] (sllidar_ros2) Command: {'cmd': ['/usr/bin/cmake', '--install', '/home/voiture/course_2025_slam_pkgs/workspace/build/sllidar_ros2'], 'cwd': '/home/voiture/course_2025_slam_pkgs/workspace/build/sllidar_ros2', 'env': OrderedDict({'LESSOPEN': '| /usr/bin/lesspipe %s', 'USER': 'voiture', 'XDG_SESSION_TYPE': 'wayland', 'SHLVL': '1', 'LD_LIBRARY_PATH': '/opt/ros/jazzy/opt/rviz_ogre_vendor/lib:/opt/ros/jazzy/lib/aarch64-linux-gnu:/opt/ros/jazzy/opt/gz_math_vendor/lib:/opt/ros/jazzy/opt/gz_utils_vendor/lib:/opt/ros/jazzy/opt/gz_cmake_vendor/lib:/opt/ros/jazzy/lib', 'HOME': '/home/voiture', 'OLDPWD': '/home/voiture/course_2025_slam_pkgs/workspace/src', 'DESKTOP_SESSION': 'ubuntu', 'ROS_PYTHON_VERSION': '3', 'GNOME_SHELL_SESSION_MODE': 'ubuntu', 'GTK_MODULES': 'gail:atk-bridge', 'SYSTEMD_EXEC_PID': '1686', 'GSM_SKIP_SSH_AGENT_WORKAROUND': 'true', 'DBUS_SESSION_BUS_ADDRESS': 'unix:path=/run/user/1002/bus', 'COLORTERM': 'truecolor', 'DEBUGINFOD_URLS': 'https://debuginfod.ubuntu.com', 'IM_CONFIG_PHASE': '1', 'WAYLAND_DISPLAY': 'wayland-0', 'ROS_DISTRO': 'jazzy', 'LOGNAME': 'voiture', '_': '/usr/bin/colcon', 'ROS_VERSION': '2', 'MEMORY_PRESSURE_WATCH': '/sys/fs/cgroup/user.slice/user-1002.slice/user@1002.service/session.slice/org.gnome.Shell@wayland.service/memory.pressure', 'XDG_SESSION_CLASS': 'user', 'USERNAME': 'voiture', 'TERM': 'xterm-256color', 'GNOME_DESKTOP_SESSION_ID': 'this-is-deprecated', 'PATH': '/opt/ros/jazzy/bin:/usr/local/sbin:/usr/local/bin:/usr/sbin:/usr/bin:/sbin:/bin:/usr/games:/usr/local/games:/snap/bin:/snap/bin', 'SESSION_MANAGER': 'local/voiture1:@/tmp/.ICE-unix/1646,unix/voiture1:/tmp/.ICE-unix/1646', 'XDG_MENU_PREFIX': 'gnome-', 'GNOME_TERMINAL_SCREEN': '/org/gnome/Terminal/screen/a24b5abc_ecb0_4c2b_ab75_9edd28611d98', 'GNOME_SETUP_DISPLAY': ':1', 'XDG_RUNTIME_DIR': '/run/user/1002', 'DISPLAY': ':0', 'LANG': 'C.UTF-8', 'XDG_CURRENT_DESKTOP': 'ubuntu:GNOME', 'XMODIFIERS': '@im=ibus', 'XDG_SESSION_DESKTOP': 'ubuntu', 'XAUTHORITY': '/run/user/1002/.mutter-Xwaylandauth.G78142', 'LS_COLORS': 'rs=0:di=01;34:ln=01;36:mh=00:pi=40;33:so=01;35:do=01;35:bd=40;33;01:cd=40;33;01:or=40;31;01:mi=00:su=37;41:sg=30;43:ca=00:tw=30;42:ow=34;42:st=37;44:ex=01;32:*.tar=01;31:*.tgz=01;31:*.arc=01;31:*.arj=01;31:*.taz=01;31:*.lha=01;31:*.lz4=01;31:*.lzh=01;31:*.lzma=01;31:*.tlz=01;31:*.txz=01;31:*.tzo=01;31:*.t7z=01;31:*.zip=01;31:*.z=01;31:*.dz=01;31:*.gz=01;31:*.lrz=01;31:*.lz=01;31:*.lzo=01;31:*.xz=01;31:*.zst=01;31:*.tzst=01;31:*.bz2=01;31:*.bz=01;31:*.tbz=01;31:*.tbz2=01;31:*.tz=01;31:*.deb=01;31:*.rpm=01;31:*.jar=01;31:*.war=01;31:*.ear=01;31:*.sar=01;31:*.rar=01;31:*.alz=01;31:*.ace=01;31:*.zoo=01;31:*.cpio=01;31:*.7z=01;31:*.rz=01;31:*.cab=01;31:*.wim=01;31:*.swm=01;31:*.dwm=01;31:*.esd=01;31:*.avif=01;35:*.jpg=01;35:*.jpeg=01;35:*.mjpg=01;35:*.mjpeg=01;35:*.gif=01;35:*.bmp=01;35:*.pbm=01;35:*.pgm=01;35:*.ppm=01;35:*.tga=01;35:*.xbm=01;35:*.xpm=01;35:*.tif=01;35:*.tiff=01;35:*.png=01;35:*.svg=01;35:*.svgz=01;35:*.mng=01;35:*.pcx=01;35:*.mov=01;35:*.mpg=01;35:*.mpeg=01;35:*.m2v=01;35:*.mkv=01;35:*.webm=01;35:*.webp=01;35:*.ogm=01;35:*.mp4=01;35:*.m4v=01;35:*.mp4v=01;35:*.vob=01;35:*.qt=01;35:*.nuv=01;35:*.wmv=01;35:*.asf=01;35:*.rm=01;35:*.rmvb=01;35:*.flc=01;35:*.avi=01;35:*.fli=01;35:*.flv=01;35:*.gl=01;35:*.dl=01;35:*.xcf=01;35:*.xwd=01;35:*.yuv=01;35:*.cgm=01;35:*.emf=01;35:*.ogv=01;35:*.ogx=01;35:*.aac=00;36:*.au=00;36:*.flac=00;36:*.m4a=00;36:*.mid=00;36:*.midi=00;36:*.mka=00;36:*.mp3=00;36:*.mpc=00;36:*.ogg=00;36:*.ra=00;36:*.wav=00;36:*.oga=00;36:*.opus=00;36:*.spx=00;36:*.xspf=00;36:*~=00;90:*#=00;90:*.bak=00;90:*.crdownload=00;90:*.dpkg-dist=00;90:*.dpkg-new=00;90:*.dpkg-old=00;90:*.dpkg-tmp=00;90:*.old=00;90:*.orig=00;90:*.part=00;90:*.rej=00;90:*.rpmnew=00;90:*.rpmorig=00;90:*.rpmsave=00;90:*.swp=00;90:*.tmp=00;90:*.ucf-dist=00;90:*.ucf-new=00;90:*.ucf-old=00;90:', 'GNOME_TERMINAL_SERVICE': ':1.106', 'SSH_AUTH_SOCK': '/run/user/1002/keyring/ssh', 'ROS_DOMAIN_ID': '10', 'AMENT_PREFIX_PATH': '/opt/ros/jazzy', 'SHELL': '/bin/bash', 'QT_ACCESSIBILITY': '1', 'GDMSESSION': 'ubuntu', 'LESSCLOSE': '/usr/bin/lesspipe %s %s', 'ROS_AUTOMATIC_DISCOVERY_RANGE': 'SUBNET', 'QT_IM_MODULE': 'ibus', 'PWD': '/home/voiture/course_2025_slam_pkgs/workspace/build/sllidar_ros2', 'XDG_CONFIG_DIRS': '/etc/xdg/xdg-ubuntu:/etc/xdg', 'XDG_DATA_DIRS': '/usr/share/ubuntu:/usr/share/gnome:/usr/local/share/:/usr/share/:/var/lib/snapd/desktop', 'PYTHONPATH': '/opt/ros/jazzy/lib/python3.12/site-packages', 'COLCON': '1', 'MEMORY_PRESSURE_WRITE': 'c29tZSAyMDAwMDAgMjAwMDAwMAA=', 'VTE_VERSION': '7600', 'CMAKE_PREFIX_PATH': '/opt/ros/jazzy/opt/gz_math_vendor:/opt/ros/jazzy/opt/gz_utils_vendor:/opt/ros/jazzy/opt/gz_cmake_vendor:/opt/ros/jazzy'}), 'shell': False}
[0.908926] (-) TimerEvent: {}
[0.915613] (sllidar_ros2) StdoutLine: {'line': b'-- Install configuration: ""\n'}
[0.919308] (sllidar_ros2) StdoutLine: {'line': b'-- Up-to-date: /home/voiture/course_2025_slam_pkgs/workspace/install/sllidar_ros2/share/sllidar_ros2/launch\n'}
[0.919590] (sllidar_ros2) StdoutLine: {'line': b'-- Up-to-date: /home/voiture/course_2025_slam_pkgs/workspace/install/sllidar_ros2/share/sllidar_ros2/launch/sllidar_s3_launch.py\n'}
[0.919689] (sllidar_ros2) StdoutLine: {'line': b'-- Up-to-date: /home/voiture/course_2025_slam_pkgs/workspace/install/sllidar_ros2/share/sllidar_ros2/launch/view_sllidar_t1_launch.py\n'}
[0.919782] (sllidar_ros2) StdoutLine: {'line': b'-- Up-to-date: /home/voiture/course_2025_slam_pkgs/workspace/install/sllidar_ros2/share/sllidar_ros2/launch/view_sllidar_s2e_launch.py\n'}
[0.919869] (sllidar_ros2) StdoutLine: {'line': b'-- Up-to-date: /home/voiture/course_2025_slam_pkgs/workspace/install/sllidar_ros2/share/sllidar_ros2/launch/sllidar_a2m8_launch.py\n'}
[0.919984] (sllidar_ros2) StdoutLine: {'line': b'-- Up-to-date: /home/voiture/course_2025_slam_pkgs/workspace/install/sllidar_ros2/share/sllidar_ros2/launch/view_sllidar_c1_launch.py\n'}
[0.920159] (sllidar_ros2) StdoutLine: {'line': b'-- Up-to-date: /home/voiture/course_2025_slam_pkgs/workspace/install/sllidar_ros2/share/sllidar_ros2/launch/view_sllidar_a2m12_launch.py\n'}
[0.920246] (sllidar_ros2) StdoutLine: {'line': b'-- Up-to-date: /home/voiture/course_2025_slam_pkgs/workspace/install/sllidar_ros2/share/sllidar_ros2/launch/view_sllidar_a2m7_launch.py\n'}
[0.920330] (sllidar_ros2) StdoutLine: {'line': b'-- Up-to-date: /home/voiture/course_2025_slam_pkgs/workspace/install/sllidar_ros2/share/sllidar_ros2/launch/sllidar_a2m7_launch.py\n'}
[0.920409] (sllidar_ros2) StdoutLine: {'line': b'-- Up-to-date: /home/voiture/course_2025_slam_pkgs/workspace/install/sllidar_ros2/share/sllidar_ros2/launch/view_sllidar_s1_launch.py\n'}
[0.920488] (sllidar_ros2) StdoutLine: {'line': b'-- Up-to-date: /home/voiture/course_2025_slam_pkgs/workspace/install/sllidar_ros2/share/sllidar_ros2/launch/sllidar_a3_launch.py\n'}
[0.920566] (sllidar_ros2) StdoutLine: {'line': b'-- Up-to-date: /home/voiture/course_2025_slam_pkgs/workspace/install/sllidar_ros2/share/sllidar_ros2/launch/sllidar_c1_launch.py\n'}
[0.920644] (sllidar_ros2) StdoutLine: {'line': b'-- Up-to-date: /home/voiture/course_2025_slam_pkgs/workspace/install/sllidar_ros2/share/sllidar_ros2/launch/sllidar_t1_launch.py\n'}
[0.920726] (sllidar_ros2) StdoutLine: {'line': b'-- Up-to-date: /home/voiture/course_2025_slam_pkgs/workspace/install/sllidar_ros2/share/sllidar_ros2/launch/view_sllidar_a1_launch.py\n'}
[0.920808] (sllidar_ros2) StdoutLine: {'line': b'-- Up-to-date: /home/voiture/course_2025_slam_pkgs/workspace/install/sllidar_ros2/share/sllidar_ros2/launch/view_sllidar_a3_launch.py\n'}
[0.920885] (sllidar_ros2) StdoutLine: {'line': b'-- Up-to-date: /home/voiture/course_2025_slam_pkgs/workspace/install/sllidar_ros2/share/sllidar_ros2/launch/view_sllidar_a2m8_launch.py\n'}
[0.920981] (sllidar_ros2) StdoutLine: {'line': b'-- Up-to-date: /home/voiture/course_2025_slam_pkgs/workspace/install/sllidar_ros2/share/sllidar_ros2/launch/sllidar_a2m12_launch .py\n'}
[0.921068] (sllidar_ros2) StdoutLine: {'line': b'-- Up-to-date: /home/voiture/course_2025_slam_pkgs/workspace/install/sllidar_ros2/share/sllidar_ros2/launch/view_sllidar_s1_tcp_launch.py\n'}
[0.921146] (sllidar_ros2) StdoutLine: {'line': b'-- Up-to-date: /home/voiture/course_2025_slam_pkgs/workspace/install/sllidar_ros2/share/sllidar_ros2/launch/sllidar_s2e_launch.py\n'}
[0.921225] (sllidar_ros2) StdoutLine: {'line': b'-- Up-to-date: /home/voiture/course_2025_slam_pkgs/workspace/install/sllidar_ros2/share/sllidar_ros2/launch/sllidar_a1_launch.py\n'}
[0.921310] (sllidar_ros2) StdoutLine: {'line': b'-- Up-to-date: /home/voiture/course_2025_slam_pkgs/workspace/install/sllidar_ros2/share/sllidar_ros2/launch/view_sllidar_s3_launch.py\n'}
[0.921391] (sllidar_ros2) StdoutLine: {'line': b'-- Up-to-date: /home/voiture/course_2025_slam_pkgs/workspace/install/sllidar_ros2/share/sllidar_ros2/launch/sllidar_s1_launch.py\n'}
[0.921500] (sllidar_ros2) StdoutLine: {'line': b'-- Up-to-date: /home/voiture/course_2025_slam_pkgs/workspace/install/sllidar_ros2/share/sllidar_ros2/launch/view_sllidar_s2_launch.py\n'}
[0.921581] (sllidar_ros2) StdoutLine: {'line': b'-- Up-to-date: /home/voiture/course_2025_slam_pkgs/workspace/install/sllidar_ros2/share/sllidar_ros2/launch/sllidar_s1_tcp_launch.py\n'}
[0.921658] (sllidar_ros2) StdoutLine: {'line': b'-- Up-to-date: /home/voiture/course_2025_slam_pkgs/workspace/install/sllidar_ros2/share/sllidar_ros2/launch/sllidar_s2_launch.py\n'}
[0.921738] (sllidar_ros2) StdoutLine: {'line': b'-- Up-to-date: /home/voiture/course_2025_slam_pkgs/workspace/install/sllidar_ros2/share/sllidar_ros2/rviz\n'}
[0.921817] (sllidar_ros2) StdoutLine: {'line': b'-- Up-to-date: /home/voiture/course_2025_slam_pkgs/workspace/install/sllidar_ros2/share/sllidar_ros2/rviz/sllidar_ros2.rviz\n'}
[0.921896] (sllidar_ros2) StdoutLine: {'line': b'-- Up-to-date: /home/voiture/course_2025_slam_pkgs/workspace/install/sllidar_ros2/lib/sllidar_ros2/sllidar_node\n'}
[0.923160] (sllidar_ros2) StdoutLine: {'line': b'-- Up-to-date: /home/voiture/course_2025_slam_pkgs/workspace/install/sllidar_ros2/lib/sllidar_ros2/sllidar_client\n'}
[0.923454] (sllidar_ros2) StdoutLine: {'line': b'-- Up-to-date: /home/voiture/course_2025_slam_pkgs/workspace/install/sllidar_ros2/share/ament_index/resource_index/package_run_dependencies/sllidar_ros2\n'}
[0.923623] (sllidar_ros2) StdoutLine: {'line': b'-- Up-to-date: /home/voiture/course_2025_slam_pkgs/workspace/install/sllidar_ros2/share/ament_index/resource_index/parent_prefix_path/sllidar_ros2\n'}
[0.923748] (sllidar_ros2) StdoutLine: {'line': b'-- Up-to-date: /home/voiture/course_2025_slam_pkgs/workspace/install/sllidar_ros2/share/sllidar_ros2/environment/ament_prefix_path.sh\n'}
[0.923896] (sllidar_ros2) StdoutLine: {'line': b'-- Up-to-date: /home/voiture/course_2025_slam_pkgs/workspace/install/sllidar_ros2/share/sllidar_ros2/environment/ament_prefix_path.dsv\n'}
[0.924029] (sllidar_ros2) StdoutLine: {'line': b'-- Up-to-date: /home/voiture/course_2025_slam_pkgs/workspace/install/sllidar_ros2/share/sllidar_ros2/environment/path.sh\n'}
[0.924135] (sllidar_ros2) StdoutLine: {'line': b'-- Up-to-date: /home/voiture/course_2025_slam_pkgs/workspace/install/sllidar_ros2/share/sllidar_ros2/environment/path.dsv\n'}
[0.924244] (sllidar_ros2) StdoutLine: {'line': b'-- Up-to-date: /home/voiture/course_2025_slam_pkgs/workspace/install/sllidar_ros2/share/sllidar_ros2/local_setup.bash\n'}
[0.924371] (sllidar_ros2) StdoutLine: {'line': b'-- Up-to-date: /home/voiture/course_2025_slam_pkgs/workspace/install/sllidar_ros2/share/sllidar_ros2/local_setup.sh\n'}
[0.924451] (sllidar_ros2) StdoutLine: {'line': b'-- Up-to-date: /home/voiture/course_2025_slam_pkgs/workspace/install/sllidar_ros2/share/sllidar_ros2/local_setup.zsh\n'}
[0.924530] (sllidar_ros2) StdoutLine: {'line': b'-- Up-to-date: /home/voiture/course_2025_slam_pkgs/workspace/install/sllidar_ros2/share/sllidar_ros2/local_setup.dsv\n'}
[0.924606] (sllidar_ros2) StdoutLine: {'line': b'-- Installing: /home/voiture/course_2025_slam_pkgs/workspace/install/sllidar_ros2/share/sllidar_ros2/package.dsv\n'}
[0.924863] (sllidar_ros2) StdoutLine: {'line': b'-- Up-to-date: /home/voiture/course_2025_slam_pkgs/workspace/install/sllidar_ros2/share/ament_index/resource_index/packages/sllidar_ros2\n'}
[0.925118] (sllidar_ros2) StdoutLine: {'line': b'-- Up-to-date: /home/voiture/course_2025_slam_pkgs/workspace/install/sllidar_ros2/share/sllidar_ros2/cmake/ament_cmake_export_dependencies-extras.cmake\n'}
[0.925233] (sllidar_ros2) StdoutLine: {'line': b'-- Up-to-date: /home/voiture/course_2025_slam_pkgs/workspace/install/sllidar_ros2/share/sllidar_ros2/cmake/ament_cmake_export_include_directories-extras.cmake\n'}
[0.925336] (sllidar_ros2) StdoutLine: {'line': b'-- Up-to-date: /home/voiture/course_2025_slam_pkgs/workspace/install/sllidar_ros2/share/sllidar_ros2/cmake/sllidar_ros2Config.cmake\n'}
[0.925672] (sllidar_ros2) StdoutLine: {'line': b'-- Up-to-date: /home/voiture/course_2025_slam_pkgs/workspace/install/sllidar_ros2/share/sllidar_ros2/cmake/sllidar_ros2Config-version.cmake\n'}
[0.925820] (sllidar_ros2) StdoutLine: {'line': b'-- Up-to-date: /home/voiture/course_2025_slam_pkgs/workspace/install/sllidar_ros2/share/sllidar_ros2/package.xml\n'}
[0.928008] (sllidar_ros2) CommandEnded: {'returncode': 0}
[0.977339] (sllidar_ros2) JobEnded: {'identifier': 'sllidar_ros2', 'rc': 0}
[1.003208] (bolide_interfaces) StdoutLine: {'line': b'-- Found std_msgs: 5.3.5 (/opt/ros/jazzy/share/std_msgs/cmake)\n'}
[1.009004] (-) TimerEvent: {}
[1.082643] (bolide_interfaces) StdoutLine: {'line': b'-- Found rosidl_generator_c: 4.6.5 (/opt/ros/jazzy/share/rosidl_generator_c/cmake)\n'}
[1.106121] (bolide_interfaces) StdoutLine: {'line': b'-- Found rosidl_generator_cpp: 4.6.5 (/opt/ros/jazzy/share/rosidl_generator_cpp/cmake)\n'}
[1.109103] (-) TimerEvent: {}
[1.144563] (bolide_interfaces) StdoutLine: {'line': b'-- Using all available rosidl_typesupport_c: rosidl_typesupport_fastrtps_c;rosidl_typesupport_introspection_c\n'}
[1.179713] (bolide_interfaces) StdoutLine: {'line': b'-- Using all available rosidl_typesupport_cpp: rosidl_typesupport_fastrtps_cpp;rosidl_typesupport_introspection_cpp\n'}
[1.209202] (-) TimerEvent: {}
[1.244697] (bolide_interfaces) StdoutLine: {'line': b'-- Found sensor_msgs: 5.3.5 (/opt/ros/jazzy/share/sensor_msgs/cmake)\n'}
[1.309323] (-) TimerEvent: {}
[1.359245] (bolide_interfaces) StdoutLine: {'line': b'-- Found rosidl_default_generators: 1.6.0 (/opt/ros/jazzy/share/rosidl_default_generators/cmake)\n'}
[1.380777] (bolide_interfaces) StdoutLine: {'line': b'-- Found rosidl_adapter: 4.6.5 (/opt/ros/jazzy/share/rosidl_adapter/cmake)\n'}
[1.409447] (-) TimerEvent: {}
[1.509837] (-) TimerEvent: {}
[1.610209] (-) TimerEvent: {}
[1.710534] (-) TimerEvent: {}
[1.810877] (-) TimerEvent: {}
[1.911239] (-) TimerEvent: {}
[1.960278] (bolide_interfaces) StdoutLine: {'line': b'-- Found ament_cmake_ros: 0.12.0 (/opt/ros/jazzy/share/ament_cmake_ros/cmake)\n'}
[2.011353] (-) TimerEvent: {}
[2.111676] (-) TimerEvent: {}
[2.212020] (-) TimerEvent: {}
[2.312391] (-) TimerEvent: {}
[2.412824] (-) TimerEvent: {}
[2.513211] (-) TimerEvent: {}
[2.545936] (bolide_interfaces) StdoutLine: {'line': b'-- Using all available rosidl_typesupport_c: rosidl_typesupport_fastrtps_c;rosidl_typesupport_introspection_c\n'}
[2.613322] (-) TimerEvent: {}
[2.713647] (-) TimerEvent: {}
[2.772626] (bolide_interfaces) StdoutLine: {'line': b'-- Using all available rosidl_typesupport_cpp: rosidl_typesupport_fastrtps_cpp;rosidl_typesupport_introspection_cpp\n'}
[2.776711] (bolide_interfaces) StdoutLine: {'line': b'-- Found python_cmake_module: 0.11.1 (/opt/ros/jazzy/share/python_cmake_module/cmake)\n'}
[2.813746] (-) TimerEvent: {}
[2.914149] (-) TimerEvent: {}
[3.014492] (-) TimerEvent: {}
[3.114882] (-) TimerEvent: {}
[3.215296] (-) TimerEvent: {}
[3.241841] (bolide_interfaces) StdoutLine: {'line': b'-- Found Python3: /usr/bin/python3 (found version "3.12.3") found components: Interpreter Development NumPy Development.Module Development.Embed \n'}
[3.315407] (-) TimerEvent: {}
[3.326011] (bolide_interfaces) StdoutLine: {'line': b'-- Found ament_lint_auto: 0.17.1 (/opt/ros/jazzy/share/ament_lint_auto/cmake)\n'}
[3.372145] (bolide_interfaces) StdoutLine: {'line': b"-- Added test 'lint_cmake' to check CMake code style\n"}
[3.375783] (bolide_interfaces) StdoutLine: {'line': b"-- Added test 'xmllint' to check XML markup files\n"}
[3.385394] (bolide_interfaces) StdoutLine: {'line': b'-- Configuring done (2.8s)\n'}
[3.415514] (-) TimerEvent: {}
[3.515891] (-) TimerEvent: {}
[3.616293] (-) TimerEvent: {}
[3.672783] (bolide_interfaces) StdoutLine: {'line': b'-- Generating done (0.2s)\n'}
[3.716412] (-) TimerEvent: {}
[3.744771] (bolide_interfaces) StdoutLine: {'line': b'-- Build files have been written to: /home/voiture/course_2025_slam_pkgs/workspace/build/bolide_interfaces\n'}
[3.817437] (-) TimerEvent: {}
[3.824200] (bolide_interfaces) StdoutLine: {'line': b'[  1%] Built target bolide_interfaces__rosidl_generator_type_description\n'}
[3.880017] (bolide_interfaces) StdoutLine: {'line': b'[  1%] Built target ament_cmake_python_copy_bolide_interfaces\n'}
[3.886300] (bolide_interfaces) StdoutLine: {'line': b'[  2%] Built target bolide_interfaces__cpp\n'}
[3.915378] (bolide_interfaces) StdoutLine: {'line': b'[ 25%] Built target bolide_interfaces__rosidl_generator_c\n'}
[3.917621] (-) TimerEvent: {}
[4.019391] (bolide_interfaces) StdoutLine: {'line': b'[ 35%] Built target bolide_interfaces__rosidl_typesupport_cpp\n'}
[4.019735] (-) TimerEvent: {}
[4.045128] (bolide_interfaces) StdoutLine: {'line': b'[ 44%] Built target bolide_interfaces__rosidl_typesupport_fastrtps_c\n'}
[4.048255] (bolide_interfaces) StdoutLine: {'line': b'[ 54%] Built target bolide_interfaces__rosidl_typesupport_fastrtps_cpp\n'}
[4.121023] (bolide_interfaces) StdoutLine: {'line': b'[ 63%] Built target bolide_interfaces__rosidl_typesupport_introspection_c\n'}
[4.121366] (-) TimerEvent: {}
[4.136772] (bolide_interfaces) StdoutLine: {'line': b'[ 72%] Built target bolide_interfaces__rosidl_typesupport_c\n'}
[4.154741] (bolide_interfaces) StdoutLine: {'line': b'[ 82%] Built target bolide_interfaces__rosidl_typesupport_introspection_cpp\n'}
[4.198018] (bolide_interfaces) StdoutLine: {'line': b'[ 82%] Built target bolide_interfaces\n'}
[4.221502] (-) TimerEvent: {}
[4.252248] (bolide_interfaces) StdoutLine: {'line': b'[ 83%] Built target bolide_interfaces__py\n'}
[4.323447] (-) TimerEvent: {}
[4.377385] (bolide_interfaces) StdoutLine: {'line': b'[ 91%] Built target bolide_interfaces__rosidl_generator_py\n'}
[4.425031] (-) TimerEvent: {}
[4.556685] (-) TimerEvent: {}
[4.559266] (bolide_interfaces) StdoutLine: {'line': b'[ 94%] Built target bolide_interfaces_s__rosidl_typesupport_fastrtps_c\n'}
[4.591930] (bolide_interfaces) StdoutLine: {'line': b'[ 97%] Built target bolide_interfaces_s__rosidl_typesupport_c\n'}
[4.593298] (bolide_interfaces) StdoutLine: {'line': b'[100%] Built target bolide_interfaces_s__rosidl_typesupport_introspection_c\n'}
[4.658372] (-) TimerEvent: {}
[4.695187] (bolide_interfaces) StdoutLine: {'line': b'running egg_info\n'}
[4.747473] (bolide_interfaces) StdoutLine: {'line': b'writing bolide_interfaces.egg-info/PKG-INFO\n'}
[4.759363] (-) TimerEvent: {}
[4.799151] (bolide_interfaces) StdoutLine: {'line': b'writing dependency_links to bolide_interfaces.egg-info/dependency_links.txt\n'}
[4.819755] (bolide_interfaces) StdoutLine: {'line': b'writing top-level names to bolide_interfaces.egg-info/top_level.txt\n'}
[4.863074] (-) TimerEvent: {}
[4.963637] (-) TimerEvent: {}
[5.064430] (-) TimerEvent: {}
[5.167062] (-) TimerEvent: {}
[5.237463] (bolide_interfaces) StdoutLine: {'line': b"reading manifest file 'bolide_interfaces.egg-info/SOURCES.txt'\n"}
[5.243073] (bolide_interfaces) StdoutLine: {'line': b"writing manifest file 'bolide_interfaces.egg-info/SOURCES.txt'\n"}
[5.270139] (-) TimerEvent: {}
[5.370795] (-) TimerEvent: {}
[5.427659] (bolide_interfaces) StdoutLine: {'line': b'[100%] Built target ament_cmake_python_build_bolide_interfaces_egg\n'}
[5.468373] (bolide_interfaces) CommandEnded: {'returncode': 0}
[5.473984] (-) TimerEvent: {}
[5.476890] (bolide_interfaces) JobProgress: {'identifier': 'bolide_interfaces', 'progress': 'install'}
[5.477088] (bolide_interfaces) Command: {'cmd': ['/usr/bin/cmake', '--install', '/home/voiture/course_2025_slam_pkgs/workspace/build/bolide_interfaces'], 'cwd': '/home/voiture/course_2025_slam_pkgs/workspace/build/bolide_interfaces', 'env': OrderedDict({'LESSOPEN': '| /usr/bin/lesspipe %s', 'USER': 'voiture', 'XDG_SESSION_TYPE': 'wayland', 'SHLVL': '1', 'LD_LIBRARY_PATH': '/opt/ros/jazzy/opt/rviz_ogre_vendor/lib:/opt/ros/jazzy/lib/aarch64-linux-gnu:/opt/ros/jazzy/opt/gz_math_vendor/lib:/opt/ros/jazzy/opt/gz_utils_vendor/lib:/opt/ros/jazzy/opt/gz_cmake_vendor/lib:/opt/ros/jazzy/lib', 'HOME': '/home/voiture', 'OLDPWD': '/home/voiture/course_2025_slam_pkgs/workspace/src', 'DESKTOP_SESSION': 'ubuntu', 'ROS_PYTHON_VERSION': '3', 'GNOME_SHELL_SESSION_MODE': 'ubuntu', 'GTK_MODULES': 'gail:atk-bridge', 'SYSTEMD_EXEC_PID': '1686', 'GSM_SKIP_SSH_AGENT_WORKAROUND': 'true', 'DBUS_SESSION_BUS_ADDRESS': 'unix:path=/run/user/1002/bus', 'COLORTERM': 'truecolor', 'DEBUGINFOD_URLS': 'https://debuginfod.ubuntu.com', 'IM_CONFIG_PHASE': '1', 'WAYLAND_DISPLAY': 'wayland-0', 'ROS_DISTRO': 'jazzy', 'LOGNAME': 'voiture', '_': '/usr/bin/colcon', 'ROS_VERSION': '2', 'MEMORY_PRESSURE_WATCH': '/sys/fs/cgroup/user.slice/user-1002.slice/user@1002.service/session.slice/org.gnome.Shell@wayland.service/memory.pressure', 'XDG_SESSION_CLASS': 'user', 'USERNAME': 'voiture', 'TERM': 'xterm-256color', 'GNOME_DESKTOP_SESSION_ID': 'this-is-deprecated', 'PATH': '/opt/ros/jazzy/bin:/usr/local/sbin:/usr/local/bin:/usr/sbin:/usr/bin:/sbin:/bin:/usr/games:/usr/local/games:/snap/bin:/snap/bin', 'SESSION_MANAGER': 'local/voiture1:@/tmp/.ICE-unix/1646,unix/voiture1:/tmp/.ICE-unix/1646', 'XDG_MENU_PREFIX': 'gnome-', 'GNOME_TERMINAL_SCREEN': '/org/gnome/Terminal/screen/a24b5abc_ecb0_4c2b_ab75_9edd28611d98', 'GNOME_SETUP_DISPLAY': ':1', 'XDG_RUNTIME_DIR': '/run/user/1002', 'DISPLAY': ':0', 'LANG': 'C.UTF-8', 'XDG_CURRENT_DESKTOP': 'ubuntu:GNOME', 'XMODIFIERS': '@im=ibus', 'XDG_SESSION_DESKTOP': 'ubuntu', 'XAUTHORITY': '/run/user/1002/.mutter-Xwaylandauth.G78142', 'LS_COLORS': 'rs=0:di=01;34:ln=01;36:mh=00:pi=40;33:so=01;35:do=01;35:bd=40;33;01:cd=40;33;01:or=40;31;01:mi=00:su=37;41:sg=30;43:ca=00:tw=30;42:ow=34;42:st=37;44:ex=01;32:*.tar=01;31:*.tgz=01;31:*.arc=01;31:*.arj=01;31:*.taz=01;31:*.lha=01;31:*.lz4=01;31:*.lzh=01;31:*.lzma=01;31:*.tlz=01;31:*.txz=01;31:*.tzo=01;31:*.t7z=01;31:*.zip=01;31:*.z=01;31:*.dz=01;31:*.gz=01;31:*.lrz=01;31:*.lz=01;31:*.lzo=01;31:*.xz=01;31:*.zst=01;31:*.tzst=01;31:*.bz2=01;31:*.bz=01;31:*.tbz=01;31:*.tbz2=01;31:*.tz=01;31:*.deb=01;31:*.rpm=01;31:*.jar=01;31:*.war=01;31:*.ear=01;31:*.sar=01;31:*.rar=01;31:*.alz=01;31:*.ace=01;31:*.zoo=01;31:*.cpio=01;31:*.7z=01;31:*.rz=01;31:*.cab=01;31:*.wim=01;31:*.swm=01;31:*.dwm=01;31:*.esd=01;31:*.avif=01;35:*.jpg=01;35:*.jpeg=01;35:*.mjpg=01;35:*.mjpeg=01;35:*.gif=01;35:*.bmp=01;35:*.pbm=01;35:*.pgm=01;35:*.ppm=01;35:*.tga=01;35:*.xbm=01;35:*.xpm=01;35:*.tif=01;35:*.tiff=01;35:*.png=01;35:*.svg=01;35:*.svgz=01;35:*.mng=01;35:*.pcx=01;35:*.mov=01;35:*.mpg=01;35:*.mpeg=01;35:*.m2v=01;35:*.mkv=01;35:*.webm=01;35:*.webp=01;35:*.ogm=01;35:*.mp4=01;35:*.m4v=01;35:*.mp4v=01;35:*.vob=01;35:*.qt=01;35:*.nuv=01;35:*.wmv=01;35:*.asf=01;35:*.rm=01;35:*.rmvb=01;35:*.flc=01;35:*.avi=01;35:*.fli=01;35:*.flv=01;35:*.gl=01;35:*.dl=01;35:*.xcf=01;35:*.xwd=01;35:*.yuv=01;35:*.cgm=01;35:*.emf=01;35:*.ogv=01;35:*.ogx=01;35:*.aac=00;36:*.au=00;36:*.flac=00;36:*.m4a=00;36:*.mid=00;36:*.midi=00;36:*.mka=00;36:*.mp3=00;36:*.mpc=00;36:*.ogg=00;36:*.ra=00;36:*.wav=00;36:*.oga=00;36:*.opus=00;36:*.spx=00;36:*.xspf=00;36:*~=00;90:*#=00;90:*.bak=00;90:*.crdownload=00;90:*.dpkg-dist=00;90:*.dpkg-new=00;90:*.dpkg-old=00;90:*.dpkg-tmp=00;90:*.old=00;90:*.orig=00;90:*.part=00;90:*.rej=00;90:*.rpmnew=00;90:*.rpmorig=00;90:*.rpmsave=00;90:*.swp=00;90:*.tmp=00;90:*.ucf-dist=00;90:*.ucf-new=00;90:*.ucf-old=00;90:', 'GNOME_TERMINAL_SERVICE': ':1.106', 'SSH_AUTH_SOCK': '/run/user/1002/keyring/ssh', 'ROS_DOMAIN_ID': '10', 'AMENT_PREFIX_PATH': '/opt/ros/jazzy', 'SHELL': '/bin/bash', 'QT_ACCESSIBILITY': '1', 'GDMSESSION': 'ubuntu', 'LESSCLOSE': '/usr/bin/lesspipe %s %s', 'ROS_AUTOMATIC_DISCOVERY_RANGE': 'SUBNET', 'QT_IM_MODULE': 'ibus', 'PWD': '/home/voiture/course_2025_slam_pkgs/workspace/build/bolide_interfaces', 'XDG_CONFIG_DIRS': '/etc/xdg/xdg-ubuntu:/etc/xdg', 'XDG_DATA_DIRS': '/usr/share/ubuntu:/usr/share/gnome:/usr/local/share/:/usr/share/:/var/lib/snapd/desktop', 'PYTHONPATH': '/opt/ros/jazzy/lib/python3.12/site-packages', 'COLCON': '1', 'MEMORY_PRESSURE_WRITE': 'c29tZSAyMDAwMDAgMjAwMDAwMAA=', 'VTE_VERSION': '7600', 'CMAKE_PREFIX_PATH': '/opt/ros/jazzy/opt/gz_math_vendor:/opt/ros/jazzy/opt/gz_utils_vendor:/opt/ros/jazzy/opt/gz_cmake_vendor:/opt/ros/jazzy'}), 'shell': False}
[5.513490] (bolide_interfaces) StdoutLine: {'line': b'-- Install configuration: ""\n'}
[5.514091] (bolide_interfaces) StdoutLine: {'line': b'-- Up-to-date: /home/voiture/course_2025_slam_pkgs/workspace/install/bolide_interfaces/share/ament_index/resource_index/rosidl_interfaces/bolide_interfaces\n'}
[5.514325] (bolide_interfaces) StdoutLine: {'line': b'-- Up-to-date: /home/voiture/course_2025_slam_pkgs/workspace/install/bolide_interfaces/share/bolide_interfaces/msg/CameraInfo.json\n'}
[5.516513] (bolide_interfaces) StdoutLine: {'line': b'-- Up-to-date: /home/voiture/course_2025_slam_pkgs/workspace/install/bolide_interfaces/share/bolide_interfaces/msg/ForkSpeed.json\n'}
[5.516885] (bolide_interfaces) StdoutLine: {'line': b'-- Up-to-date: /home/voiture/course_2025_slam_pkgs/workspace/install/bolide_interfaces/share/bolide_interfaces/msg/MultipleRange.json\n'}
[5.517237] (bolide_interfaces) StdoutLine: {'line': b'-- Up-to-date: /home/voiture/course_2025_slam_pkgs/workspace/install/bolide_interfaces/share/bolide_interfaces/msg/SpeedDirection.json\n'}
[5.517454] (bolide_interfaces) StdoutLine: {'line': b'-- Up-to-date: /home/voiture/course_2025_slam_pkgs/workspace/install/bolide_interfaces/share/bolide_interfaces/srv/LaunchEkf.json\n'}
[5.517632] (bolide_interfaces) StdoutLine: {'line': b'-- Up-to-date: /home/voiture/course_2025_slam_pkgs/workspace/install/bolide_interfaces/include/bolide_interfaces/bolide_interfaces\n'}
[5.517915] (bolide_interfaces) StdoutLine: {'line': b'-- Up-to-date: /home/voiture/course_2025_slam_pkgs/workspace/install/bolide_interfaces/include/bolide_interfaces/bolide_interfaces/srv\n'}
[5.518473] (bolide_interfaces) StdoutLine: {'line': b'-- Up-to-date: /home/voiture/course_2025_slam_pkgs/workspace/install/bolide_interfaces/include/bolide_interfaces/bolide_interfaces/srv/detail\n'}
[5.518714] (bolide_interfaces) StdoutLine: {'line': b'-- Up-to-date: /home/voiture/course_2025_slam_pkgs/workspace/install/bolide_interfaces/include/bolide_interfaces/bolide_interfaces/srv/detail/launch_ekf__type_support.c\n'}
[5.518876] (bolide_interfaces) StdoutLine: {'line': b'-- Up-to-date: /home/voiture/course_2025_slam_pkgs/workspace/install/bolide_interfaces/include/bolide_interfaces/bolide_interfaces/srv/detail/launch_ekf__functions.c\n'}
[5.519089] (bolide_interfaces) StdoutLine: {'line': b'-- Up-to-date: /home/voiture/course_2025_slam_pkgs/workspace/install/bolide_interfaces/include/bolide_interfaces/bolide_interfaces/srv/detail/launch_ekf__struct.h\n'}
[5.519270] (bolide_interfaces) StdoutLine: {'line': b'-- Up-to-date: /home/voiture/course_2025_slam_pkgs/workspace/install/bolide_interfaces/include/bolide_interfaces/bolide_interfaces/srv/detail/launch_ekf__type_support.h\n'}
[5.519409] (bolide_interfaces) StdoutLine: {'line': b'-- Up-to-date: /home/voiture/course_2025_slam_pkgs/workspace/install/bolide_interfaces/include/bolide_interfaces/bolide_interfaces/srv/detail/launch_ekf__functions.h\n'}
[5.519536] (bolide_interfaces) StdoutLine: {'line': b'-- Up-to-date: /home/voiture/course_2025_slam_pkgs/workspace/install/bolide_interfaces/include/bolide_interfaces/bolide_interfaces/srv/detail/launch_ekf__description.c\n'}
[5.519670] (bolide_interfaces) StdoutLine: {'line': b'-- Up-to-date: /home/voiture/course_2025_slam_pkgs/workspace/install/bolide_interfaces/include/bolide_interfaces/bolide_interfaces/srv/launch_ekf.h\n'}
[5.519784] (bolide_interfaces) StdoutLine: {'line': b'-- Up-to-date: /home/voiture/course_2025_slam_pkgs/workspace/install/bolide_interfaces/include/bolide_interfaces/bolide_interfaces/msg\n'}
[5.519918] (bolide_interfaces) StdoutLine: {'line': b'-- Up-to-date: /home/voiture/course_2025_slam_pkgs/workspace/install/bolide_interfaces/include/bolide_interfaces/bolide_interfaces/msg/camera_info.h\n'}
[5.520121] (bolide_interfaces) StdoutLine: {'line': b'-- Up-to-date: /home/voiture/course_2025_slam_pkgs/workspace/install/bolide_interfaces/include/bolide_interfaces/bolide_interfaces/msg/rosidl_generator_c__visibility_control.h\n'}
[5.520246] (bolide_interfaces) StdoutLine: {'line': b'-- Up-to-date: /home/voiture/course_2025_slam_pkgs/workspace/install/bolide_interfaces/include/bolide_interfaces/bolide_interfaces/msg/detail\n'}
[5.520431] (bolide_interfaces) StdoutLine: {'line': b'-- Up-to-date: /home/voiture/course_2025_slam_pkgs/workspace/install/bolide_interfaces/include/bolide_interfaces/bolide_interfaces/msg/detail/multiple_range__functions.h\n'}
[5.520550] (bolide_interfaces) StdoutLine: {'line': b'-- Up-to-date: /home/voiture/course_2025_slam_pkgs/workspace/install/bolide_interfaces/include/bolide_interfaces/bolide_interfaces/msg/detail/multiple_range__type_support.c\n'}
[5.520654] (bolide_interfaces) StdoutLine: {'line': b'-- Up-to-date: /home/voiture/course_2025_slam_pkgs/workspace/install/bolide_interfaces/include/bolide_interfaces/bolide_interfaces/msg/detail/camera_info__type_support.h\n'}
[5.520770] (bolide_interfaces) StdoutLine: {'line': b'-- Up-to-date: /home/voiture/course_2025_slam_pkgs/workspace/install/bolide_interfaces/include/bolide_interfaces/bolide_interfaces/msg/detail/multiple_range__struct.h\n'}
[5.520912] (bolide_interfaces) StdoutLine: {'line': b'-- Up-to-date: /home/voiture/course_2025_slam_pkgs/workspace/install/bolide_interfaces/include/bolide_interfaces/bolide_interfaces/msg/detail/fork_speed__type_support.h\n'}
[5.521099] (bolide_interfaces) StdoutLine: {'line': b'-- Up-to-date: /home/voiture/course_2025_slam_pkgs/workspace/install/bolide_interfaces/include/bolide_interfaces/bolide_interfaces/msg/detail/multiple_range__description.c\n'}
[5.521226] (bolide_interfaces) StdoutLine: {'line': b'-- Up-to-date: /home/voiture/course_2025_slam_pkgs/workspace/install/bolide_interfaces/include/bolide_interfaces/bolide_interfaces/msg/detail/speed_direction__type_support.h\n'}
[5.521368] (bolide_interfaces) StdoutLine: {'line': b'-- Up-to-date: /home/voiture/course_2025_slam_pkgs/workspace/install/bolide_interfaces/include/bolide_interfaces/bolide_interfaces/msg/detail/fork_speed__type_support.c\n'}
[5.521513] (bolide_interfaces) StdoutLine: {'line': b'-- Up-to-date: /home/voiture/course_2025_slam_pkgs/workspace/install/bolide_interfaces/include/bolide_interfaces/bolide_interfaces/msg/detail/camera_info__type_support.c\n'}
[5.521625] (bolide_interfaces) StdoutLine: {'line': b'-- Up-to-date: /home/voiture/course_2025_slam_pkgs/workspace/install/bolide_interfaces/include/bolide_interfaces/bolide_interfaces/msg/detail/fork_speed__functions.c\n'}
[5.521746] (bolide_interfaces) StdoutLine: {'line': b'-- Up-to-date: /home/voiture/course_2025_slam_pkgs/workspace/install/bolide_interfaces/include/bolide_interfaces/bolide_interfaces/msg/detail/fork_speed__struct.h\n'}
[5.521864] (bolide_interfaces) StdoutLine: {'line': b'-- Up-to-date: /home/voiture/course_2025_slam_pkgs/workspace/install/bolide_interfaces/include/bolide_interfaces/bolide_interfaces/msg/detail/speed_direction__type_support.c\n'}
[5.522043] (bolide_interfaces) StdoutLine: {'line': b'-- Up-to-date: /home/voiture/course_2025_slam_pkgs/workspace/install/bolide_interfaces/include/bolide_interfaces/bolide_interfaces/msg/detail/fork_speed__description.c\n'}
[5.522270] (bolide_interfaces) StdoutLine: {'line': b'-- Up-to-date: /home/voiture/course_2025_slam_pkgs/workspace/install/bolide_interfaces/include/bolide_interfaces/bolide_interfaces/msg/detail/camera_info__functions.c\n'}
[5.522410] (bolide_interfaces) StdoutLine: {'line': b'-- Up-to-date: /home/voiture/course_2025_slam_pkgs/workspace/install/bolide_interfaces/include/bolide_interfaces/bolide_interfaces/msg/detail/speed_direction__functions.h\n'}
[5.522525] (bolide_interfaces) StdoutLine: {'line': b'-- Up-to-date: /home/voiture/course_2025_slam_pkgs/workspace/install/bolide_interfaces/include/bolide_interfaces/bolide_interfaces/msg/detail/fork_speed__functions.h\n'}
[5.522634] (bolide_interfaces) StdoutLine: {'line': b'-- Up-to-date: /home/voiture/course_2025_slam_pkgs/workspace/install/bolide_interfaces/include/bolide_interfaces/bolide_interfaces/msg/detail/speed_direction__functions.c\n'}
[5.522729] (bolide_interfaces) StdoutLine: {'line': b'-- Up-to-date: /home/voiture/course_2025_slam_pkgs/workspace/install/bolide_interfaces/include/bolide_interfaces/bolide_interfaces/msg/detail/camera_info__struct.h\n'}
[5.522870] (bolide_interfaces) StdoutLine: {'line': b'-- Up-to-date: /home/voiture/course_2025_slam_pkgs/workspace/install/bolide_interfaces/include/bolide_interfaces/bolide_interfaces/msg/detail/speed_direction__description.c\n'}
[5.523031] (bolide_interfaces) StdoutLine: {'line': b'-- Up-to-date: /home/voiture/course_2025_slam_pkgs/workspace/install/bolide_interfaces/include/bolide_interfaces/bolide_interfaces/msg/detail/camera_info__description.c\n'}
[5.523168] (bolide_interfaces) StdoutLine: {'line': b'-- Up-to-date: /home/voiture/course_2025_slam_pkgs/workspace/install/bolide_interfaces/include/bolide_interfaces/bolide_interfaces/msg/detail/speed_direction__struct.h\n'}
[5.523274] (bolide_interfaces) StdoutLine: {'line': b'-- Up-to-date: /home/voiture/course_2025_slam_pkgs/workspace/install/bolide_interfaces/include/bolide_interfaces/bolide_interfaces/msg/detail/camera_info__functions.h\n'}
[5.523370] (bolide_interfaces) StdoutLine: {'line': b'-- Up-to-date: /home/voiture/course_2025_slam_pkgs/workspace/install/bolide_interfaces/include/bolide_interfaces/bolide_interfaces/msg/detail/multiple_range__functions.c\n'}
[5.523472] (bolide_interfaces) StdoutLine: {'line': b'-- Up-to-date: /home/voiture/course_2025_slam_pkgs/workspace/install/bolide_interfaces/include/bolide_interfaces/bolide_interfaces/msg/detail/multiple_range__type_support.h\n'}
[5.523591] (bolide_interfaces) StdoutLine: {'line': b'-- Up-to-date: /home/voiture/course_2025_slam_pkgs/workspace/install/bolide_interfaces/include/bolide_interfaces/bolide_interfaces/msg/speed_direction.h\n'}
[5.523709] (bolide_interfaces) StdoutLine: {'line': b'-- Up-to-date: /home/voiture/course_2025_slam_pkgs/workspace/install/bolide_interfaces/include/bolide_interfaces/bolide_interfaces/msg/multiple_range.h\n'}
[5.523825] (bolide_interfaces) StdoutLine: {'line': b'-- Up-to-date: /home/voiture/course_2025_slam_pkgs/workspace/install/bolide_interfaces/include/bolide_interfaces/bolide_interfaces/msg/fork_speed.h\n'}
[5.524024] (bolide_interfaces) StdoutLine: {'line': b'-- Up-to-date: /home/voiture/course_2025_slam_pkgs/workspace/install/bolide_interfaces/share/bolide_interfaces/environment/library_path.sh\n'}
[5.524175] (bolide_interfaces) StdoutLine: {'line': b'-- Up-to-date: /home/voiture/course_2025_slam_pkgs/workspace/install/bolide_interfaces/share/bolide_interfaces/environment/library_path.dsv\n'}
[5.561836] (bolide_interfaces) StdoutLine: {'line': b'-- Up-to-date: /home/voiture/course_2025_slam_pkgs/workspace/install/bolide_interfaces/lib/libbolide_interfaces__rosidl_generator_c.so\n'}
[5.566136] (bolide_interfaces) StdoutLine: {'line': b'-- Up-to-date: /home/voiture/course_2025_slam_pkgs/workspace/install/bolide_interfaces/include/bolide_interfaces/bolide_interfaces\n'}
[5.566804] (bolide_interfaces) StdoutLine: {'line': b'-- Up-to-date: /home/voiture/course_2025_slam_pkgs/workspace/install/bolide_interfaces/include/bolide_interfaces/bolide_interfaces/srv\n'}
[5.567019] (bolide_interfaces) StdoutLine: {'line': b'-- Up-to-date: /home/voiture/course_2025_slam_pkgs/workspace/install/bolide_interfaces/include/bolide_interfaces/bolide_interfaces/srv/detail\n'}
[5.567203] (bolide_interfaces) StdoutLine: {'line': b'-- Up-to-date: /home/voiture/course_2025_slam_pkgs/workspace/install/bolide_interfaces/include/bolide_interfaces/bolide_interfaces/srv/detail/launch_ekf__rosidl_typesupport_fastrtps_c.h\n'}
[5.567336] (bolide_interfaces) StdoutLine: {'line': b'-- Up-to-date: /home/voiture/course_2025_slam_pkgs/workspace/install/bolide_interfaces/include/bolide_interfaces/bolide_interfaces/msg\n'}
[5.567449] (bolide_interfaces) StdoutLine: {'line': b'-- Up-to-date: /home/voiture/course_2025_slam_pkgs/workspace/install/bolide_interfaces/include/bolide_interfaces/bolide_interfaces/msg/rosidl_typesupport_fastrtps_c__visibility_control.h\n'}
[5.567567] (bolide_interfaces) StdoutLine: {'line': b'-- Up-to-date: /home/voiture/course_2025_slam_pkgs/workspace/install/bolide_interfaces/include/bolide_interfaces/bolide_interfaces/msg/detail\n'}
[5.567716] (bolide_interfaces) StdoutLine: {'line': b'-- Up-to-date: /home/voiture/course_2025_slam_pkgs/workspace/install/bolide_interfaces/include/bolide_interfaces/bolide_interfaces/msg/detail/fork_speed__rosidl_typesupport_fastrtps_c.h\n'}
[5.567921] (bolide_interfaces) StdoutLine: {'line': b'-- Up-to-date: /home/voiture/course_2025_slam_pkgs/workspace/install/bolide_interfaces/include/bolide_interfaces/bolide_interfaces/msg/detail/speed_direction__rosidl_typesupport_fastrtps_c.h\n'}
[5.568155] (bolide_interfaces) StdoutLine: {'line': b'-- Up-to-date: /home/voiture/course_2025_slam_pkgs/workspace/install/bolide_interfaces/include/bolide_interfaces/bolide_interfaces/msg/detail/camera_info__rosidl_typesupport_fastrtps_c.h\n'}
[5.568284] (bolide_interfaces) StdoutLine: {'line': b'-- Up-to-date: /home/voiture/course_2025_slam_pkgs/workspace/install/bolide_interfaces/include/bolide_interfaces/bolide_interfaces/msg/detail/multiple_range__rosidl_typesupport_fastrtps_c.h\n'}
[5.575041] (-) TimerEvent: {}
[5.605832] (bolide_interfaces) StdoutLine: {'line': b'-- Up-to-date: /home/voiture/course_2025_slam_pkgs/workspace/install/bolide_interfaces/lib/libbolide_interfaces__rosidl_typesupport_fastrtps_c.so\n'}
[5.607340] (bolide_interfaces) StdoutLine: {'line': b'-- Up-to-date: /home/voiture/course_2025_slam_pkgs/workspace/install/bolide_interfaces/include/bolide_interfaces/bolide_interfaces\n'}
[5.608183] (bolide_interfaces) StdoutLine: {'line': b'-- Up-to-date: /home/voiture/course_2025_slam_pkgs/workspace/install/bolide_interfaces/include/bolide_interfaces/bolide_interfaces/srv\n'}
[5.609360] (bolide_interfaces) StdoutLine: {'line': b'-- Up-to-date: /home/voiture/course_2025_slam_pkgs/workspace/install/bolide_interfaces/include/bolide_interfaces/bolide_interfaces/srv/launch_ekf.hpp\n'}
[5.609507] (bolide_interfaces) StdoutLine: {'line': b'-- Up-to-date: /home/voiture/course_2025_slam_pkgs/workspace/install/bolide_interfaces/include/bolide_interfaces/bolide_interfaces/srv/detail\n'}
[5.609622] (bolide_interfaces) StdoutLine: {'line': b'-- Up-to-date: /home/voiture/course_2025_slam_pkgs/workspace/install/bolide_interfaces/include/bolide_interfaces/bolide_interfaces/srv/detail/launch_ekf__type_support.hpp\n'}
[5.609736] (bolide_interfaces) StdoutLine: {'line': b'-- Up-to-date: /home/voiture/course_2025_slam_pkgs/workspace/install/bolide_interfaces/include/bolide_interfaces/bolide_interfaces/srv/detail/launch_ekf__builder.hpp\n'}
[5.609840] (bolide_interfaces) StdoutLine: {'line': b'-- Up-to-date: /home/voiture/course_2025_slam_pkgs/workspace/install/bolide_interfaces/include/bolide_interfaces/bolide_interfaces/srv/detail/launch_ekf__struct.hpp\n'}
[5.609972] (bolide_interfaces) StdoutLine: {'line': b'-- Up-to-date: /home/voiture/course_2025_slam_pkgs/workspace/install/bolide_interfaces/include/bolide_interfaces/bolide_interfaces/srv/detail/launch_ekf__traits.hpp\n'}
[5.610114] (bolide_interfaces) StdoutLine: {'line': b'-- Up-to-date: /home/voiture/course_2025_slam_pkgs/workspace/install/bolide_interfaces/include/bolide_interfaces/bolide_interfaces/msg\n'}
[5.610227] (bolide_interfaces) StdoutLine: {'line': b'-- Up-to-date: /home/voiture/course_2025_slam_pkgs/workspace/install/bolide_interfaces/include/bolide_interfaces/bolide_interfaces/msg/speed_direction.hpp\n'}
[5.610378] (bolide_interfaces) StdoutLine: {'line': b'-- Up-to-date: /home/voiture/course_2025_slam_pkgs/workspace/install/bolide_interfaces/include/bolide_interfaces/bolide_interfaces/msg/multiple_range.hpp\n'}
[5.610499] (bolide_interfaces) StdoutLine: {'line': b'-- Up-to-date: /home/voiture/course_2025_slam_pkgs/workspace/install/bolide_interfaces/include/bolide_interfaces/bolide_interfaces/msg/detail\n'}
[5.610592] (bolide_interfaces) StdoutLine: {'line': b'-- Up-to-date: /home/voiture/course_2025_slam_pkgs/workspace/install/bolide_interfaces/include/bolide_interfaces/bolide_interfaces/msg/detail/multiple_range__traits.hpp\n'}
[5.610682] (bolide_interfaces) StdoutLine: {'line': b'-- Up-to-date: /home/voiture/course_2025_slam_pkgs/workspace/install/bolide_interfaces/include/bolide_interfaces/bolide_interfaces/msg/detail/multiple_range__builder.hpp\n'}
[5.610823] (bolide_interfaces) StdoutLine: {'line': b'-- Up-to-date: /home/voiture/course_2025_slam_pkgs/workspace/install/bolide_interfaces/include/bolide_interfaces/bolide_interfaces/msg/detail/camera_info__struct.hpp\n'}
[5.614965] (bolide_interfaces) StdoutLine: {'line': b'-- Up-to-date: /home/voiture/course_2025_slam_pkgs/workspace/install/bolide_interfaces/include/bolide_interfaces/bolide_interfaces/msg/detail/fork_speed__struct.hpp\n'}
[5.615323] (bolide_interfaces) StdoutLine: {'line': b'-- Up-to-date: /home/voiture/course_2025_slam_pkgs/workspace/install/bolide_interfaces/include/bolide_interfaces/bolide_interfaces/msg/detail/speed_direction__traits.hpp\n'}
[5.615436] (bolide_interfaces) StdoutLine: {'line': b'-- Up-to-date: /home/voiture/course_2025_slam_pkgs/workspace/install/bolide_interfaces/include/bolide_interfaces/bolide_interfaces/msg/detail/multiple_range__type_support.hpp\n'}
[5.615530] (bolide_interfaces) StdoutLine: {'line': b'-- Up-to-date: /home/voiture/course_2025_slam_pkgs/workspace/install/bolide_interfaces/include/bolide_interfaces/bolide_interfaces/msg/detail/speed_direction__type_support.hpp\n'}
[5.615616] (bolide_interfaces) StdoutLine: {'line': b'-- Up-to-date: /home/voiture/course_2025_slam_pkgs/workspace/install/bolide_interfaces/include/bolide_interfaces/bolide_interfaces/msg/detail/speed_direction__struct.hpp\n'}
[5.615704] (bolide_interfaces) StdoutLine: {'line': b'-- Up-to-date: /home/voiture/course_2025_slam_pkgs/workspace/install/bolide_interfaces/include/bolide_interfaces/bolide_interfaces/msg/detail/camera_info__builder.hpp\n'}
[5.615789] (bolide_interfaces) StdoutLine: {'line': b'-- Up-to-date: /home/voiture/course_2025_slam_pkgs/workspace/install/bolide_interfaces/include/bolide_interfaces/bolide_interfaces/msg/detail/camera_info__traits.hpp\n'}
[5.615934] (bolide_interfaces) StdoutLine: {'line': b'-- Up-to-date: /home/voiture/course_2025_slam_pkgs/workspace/install/bolide_interfaces/include/bolide_interfaces/bolide_interfaces/msg/detail/fork_speed__builder.hpp\n'}
[5.620499] (bolide_interfaces) StdoutLine: {'line': b'-- Up-to-date: /home/voiture/course_2025_slam_pkgs/workspace/install/bolide_interfaces/include/bolide_interfaces/bolide_interfaces/msg/detail/fork_speed__traits.hpp\n'}
[5.620772] (bolide_interfaces) StdoutLine: {'line': b'-- Up-to-date: /home/voiture/course_2025_slam_pkgs/workspace/install/bolide_interfaces/include/bolide_interfaces/bolide_interfaces/msg/detail/camera_info__type_support.hpp\n'}
[5.621717] (bolide_interfaces) StdoutLine: {'line': b'-- Up-to-date: /home/voiture/course_2025_slam_pkgs/workspace/install/bolide_interfaces/include/bolide_interfaces/bolide_interfaces/msg/detail/speed_direction__builder.hpp\n'}
[5.622130] (bolide_interfaces) StdoutLine: {'line': b'-- Up-to-date: /home/voiture/course_2025_slam_pkgs/workspace/install/bolide_interfaces/include/bolide_interfaces/bolide_interfaces/msg/detail/fork_speed__type_support.hpp\n'}
[5.622285] (bolide_interfaces) StdoutLine: {'line': b'-- Up-to-date: /home/voiture/course_2025_slam_pkgs/workspace/install/bolide_interfaces/include/bolide_interfaces/bolide_interfaces/msg/detail/multiple_range__struct.hpp\n'}
[5.622401] (bolide_interfaces) StdoutLine: {'line': b'-- Up-to-date: /home/voiture/course_2025_slam_pkgs/workspace/install/bolide_interfaces/include/bolide_interfaces/bolide_interfaces/msg/rosidl_generator_cpp__visibility_control.hpp\n'}
[5.622503] (bolide_interfaces) StdoutLine: {'line': b'-- Up-to-date: /home/voiture/course_2025_slam_pkgs/workspace/install/bolide_interfaces/include/bolide_interfaces/bolide_interfaces/msg/fork_speed.hpp\n'}
[5.622611] (bolide_interfaces) StdoutLine: {'line': b'-- Up-to-date: /home/voiture/course_2025_slam_pkgs/workspace/install/bolide_interfaces/include/bolide_interfaces/bolide_interfaces/msg/camera_info.hpp\n'}
[5.622710] (bolide_interfaces) StdoutLine: {'line': b'-- Up-to-date: /home/voiture/course_2025_slam_pkgs/workspace/install/bolide_interfaces/include/bolide_interfaces/bolide_interfaces\n'}
[5.622887] (bolide_interfaces) StdoutLine: {'line': b'-- Up-to-date: /home/voiture/course_2025_slam_pkgs/workspace/install/bolide_interfaces/include/bolide_interfaces/bolide_interfaces/srv\n'}
[5.623055] (bolide_interfaces) StdoutLine: {'line': b'-- Up-to-date: /home/voiture/course_2025_slam_pkgs/workspace/install/bolide_interfaces/include/bolide_interfaces/bolide_interfaces/srv/detail\n'}
[5.623195] (bolide_interfaces) StdoutLine: {'line': b'-- Up-to-date: /home/voiture/course_2025_slam_pkgs/workspace/install/bolide_interfaces/include/bolide_interfaces/bolide_interfaces/srv/detail/dds_fastrtps\n'}
[5.623300] (bolide_interfaces) StdoutLine: {'line': b'-- Up-to-date: /home/voiture/course_2025_slam_pkgs/workspace/install/bolide_interfaces/include/bolide_interfaces/bolide_interfaces/srv/detail/launch_ekf__rosidl_typesupport_fastrtps_cpp.hpp\n'}
[5.623398] (bolide_interfaces) StdoutLine: {'line': b'-- Up-to-date: /home/voiture/course_2025_slam_pkgs/workspace/install/bolide_interfaces/include/bolide_interfaces/bolide_interfaces/msg\n'}
[5.623500] (bolide_interfaces) StdoutLine: {'line': b'-- Up-to-date: /home/voiture/course_2025_slam_pkgs/workspace/install/bolide_interfaces/include/bolide_interfaces/bolide_interfaces/msg/detail\n'}
[5.623599] (bolide_interfaces) StdoutLine: {'line': b'-- Up-to-date: /home/voiture/course_2025_slam_pkgs/workspace/install/bolide_interfaces/include/bolide_interfaces/bolide_interfaces/msg/detail/multiple_range__rosidl_typesupport_fastrtps_cpp.hpp\n'}
[5.623689] (bolide_interfaces) StdoutLine: {'line': b'-- Up-to-date: /home/voiture/course_2025_slam_pkgs/workspace/install/bolide_interfaces/include/bolide_interfaces/bolide_interfaces/msg/detail/dds_fastrtps\n'}
[5.623782] (bolide_interfaces) StdoutLine: {'line': b'-- Up-to-date: /home/voiture/course_2025_slam_pkgs/workspace/install/bolide_interfaces/include/bolide_interfaces/bolide_interfaces/msg/detail/speed_direction__rosidl_typesupport_fastrtps_cpp.hpp\n'}
[5.623887] (bolide_interfaces) StdoutLine: {'line': b'-- Up-to-date: /home/voiture/course_2025_slam_pkgs/workspace/install/bolide_interfaces/include/bolide_interfaces/bolide_interfaces/msg/detail/camera_info__rosidl_typesupport_fastrtps_cpp.hpp\n'}
[5.627632] (bolide_interfaces) StdoutLine: {'line': b'-- Up-to-date: /home/voiture/course_2025_slam_pkgs/workspace/install/bolide_interfaces/include/bolide_interfaces/bolide_interfaces/msg/detail/fork_speed__rosidl_typesupport_fastrtps_cpp.hpp\n'}
[5.627985] (bolide_interfaces) StdoutLine: {'line': b'-- Up-to-date: /home/voiture/course_2025_slam_pkgs/workspace/install/bolide_interfaces/include/bolide_interfaces/bolide_interfaces/msg/rosidl_typesupport_fastrtps_cpp__visibility_control.h\n'}
[5.644225] (bolide_interfaces) StdoutLine: {'line': b'-- Up-to-date: /home/voiture/course_2025_slam_pkgs/workspace/install/bolide_interfaces/lib/libbolide_interfaces__rosidl_typesupport_fastrtps_cpp.so\n'}
[5.645079] (bolide_interfaces) StdoutLine: {'line': b'-- Up-to-date: /home/voiture/course_2025_slam_pkgs/workspace/install/bolide_interfaces/include/bolide_interfaces/bolide_interfaces\n'}
[5.645529] (bolide_interfaces) StdoutLine: {'line': b'-- Up-to-date: /home/voiture/course_2025_slam_pkgs/workspace/install/bolide_interfaces/include/bolide_interfaces/bolide_interfaces/srv\n'}
[5.645852] (bolide_interfaces) StdoutLine: {'line': b'-- Up-to-date: /home/voiture/course_2025_slam_pkgs/workspace/install/bolide_interfaces/include/bolide_interfaces/bolide_interfaces/srv/detail\n'}
[5.646056] (bolide_interfaces) StdoutLine: {'line': b'-- Up-to-date: /home/voiture/course_2025_slam_pkgs/workspace/install/bolide_interfaces/include/bolide_interfaces/bolide_interfaces/srv/detail/launch_ekf__type_support.c\n'}
[5.646206] (bolide_interfaces) StdoutLine: {'line': b'-- Up-to-date: /home/voiture/course_2025_slam_pkgs/workspace/install/bolide_interfaces/include/bolide_interfaces/bolide_interfaces/srv/detail/launch_ekf__rosidl_typesupport_introspection_c.h\n'}
[5.646344] (bolide_interfaces) StdoutLine: {'line': b'-- Up-to-date: /home/voiture/course_2025_slam_pkgs/workspace/install/bolide_interfaces/include/bolide_interfaces/bolide_interfaces/msg\n'}
[5.646501] (bolide_interfaces) StdoutLine: {'line': b'-- Up-to-date: /home/voiture/course_2025_slam_pkgs/workspace/install/bolide_interfaces/include/bolide_interfaces/bolide_interfaces/msg/detail\n'}
[5.646609] (bolide_interfaces) StdoutLine: {'line': b'-- Up-to-date: /home/voiture/course_2025_slam_pkgs/workspace/install/bolide_interfaces/include/bolide_interfaces/bolide_interfaces/msg/detail/multiple_range__type_support.c\n'}
[5.646697] (bolide_interfaces) StdoutLine: {'line': b'-- Up-to-date: /home/voiture/course_2025_slam_pkgs/workspace/install/bolide_interfaces/include/bolide_interfaces/bolide_interfaces/msg/detail/fork_speed__rosidl_typesupport_introspection_c.h\n'}
[5.646783] (bolide_interfaces) StdoutLine: {'line': b'-- Up-to-date: /home/voiture/course_2025_slam_pkgs/workspace/install/bolide_interfaces/include/bolide_interfaces/bolide_interfaces/msg/detail/multiple_range__rosidl_typesupport_introspection_c.h\n'}
[5.646906] (bolide_interfaces) StdoutLine: {'line': b'-- Up-to-date: /home/voiture/course_2025_slam_pkgs/workspace/install/bolide_interfaces/include/bolide_interfaces/bolide_interfaces/msg/detail/fork_speed__type_support.c\n'}
[5.650590] (bolide_interfaces) StdoutLine: {'line': b'-- Up-to-date: /home/voiture/course_2025_slam_pkgs/workspace/install/bolide_interfaces/include/bolide_interfaces/bolide_interfaces/msg/detail/camera_info__type_support.c\n'}
[5.652113] (bolide_interfaces) StdoutLine: {'line': b'-- Up-to-date: /home/voiture/course_2025_slam_pkgs/workspace/install/bolide_interfaces/include/bolide_interfaces/bolide_interfaces/msg/detail/speed_direction__type_support.c\n'}
[5.652531] (bolide_interfaces) StdoutLine: {'line': b'-- Up-to-date: /home/voiture/course_2025_slam_pkgs/workspace/install/bolide_interfaces/include/bolide_interfaces/bolide_interfaces/msg/detail/camera_info__rosidl_typesupport_introspection_c.h\n'}
[5.652736] (bolide_interfaces) StdoutLine: {'line': b'-- Up-to-date: /home/voiture/course_2025_slam_pkgs/workspace/install/bolide_interfaces/include/bolide_interfaces/bolide_interfaces/msg/detail/speed_direction__rosidl_typesupport_introspection_c.h\n'}
[5.652961] (bolide_interfaces) StdoutLine: {'line': b'-- Up-to-date: /home/voiture/course_2025_slam_pkgs/workspace/install/bolide_interfaces/include/bolide_interfaces/bolide_interfaces/msg/rosidl_typesupport_introspection_c__visibility_control.h\n'}
[5.676099] (-) TimerEvent: {}
[5.686740] (bolide_interfaces) StdoutLine: {'line': b'-- Up-to-date: /home/voiture/course_2025_slam_pkgs/workspace/install/bolide_interfaces/lib/libbolide_interfaces__rosidl_typesupport_introspection_c.so\n'}
[5.732499] (bolide_interfaces) StdoutLine: {'line': b'-- Up-to-date: /home/voiture/course_2025_slam_pkgs/workspace/install/bolide_interfaces/lib/libbolide_interfaces__rosidl_typesupport_c.so\n'}
[5.737392] (bolide_interfaces) StdoutLine: {'line': b'-- Up-to-date: /home/voiture/course_2025_slam_pkgs/workspace/install/bolide_interfaces/include/bolide_interfaces/bolide_interfaces\n'}
[5.738020] (bolide_interfaces) StdoutLine: {'line': b'-- Up-to-date: /home/voiture/course_2025_slam_pkgs/workspace/install/bolide_interfaces/include/bolide_interfaces/bolide_interfaces/srv\n'}
[5.741876] (bolide_interfaces) StdoutLine: {'line': b'-- Up-to-date: /home/voiture/course_2025_slam_pkgs/workspace/install/bolide_interfaces/include/bolide_interfaces/bolide_interfaces/srv/detail\n'}
[5.742443] (bolide_interfaces) StdoutLine: {'line': b'-- Up-to-date: /home/voiture/course_2025_slam_pkgs/workspace/install/bolide_interfaces/include/bolide_interfaces/bolide_interfaces/srv/detail/launch_ekf__rosidl_typesupport_introspection_cpp.hpp\n'}
[5.742664] (bolide_interfaces) StdoutLine: {'line': b'-- Up-to-date: /home/voiture/course_2025_slam_pkgs/workspace/install/bolide_interfaces/include/bolide_interfaces/bolide_interfaces/srv/detail/launch_ekf__type_support.cpp\n'}
[5.742849] (bolide_interfaces) StdoutLine: {'line': b'-- Up-to-date: /home/voiture/course_2025_slam_pkgs/workspace/install/bolide_interfaces/include/bolide_interfaces/bolide_interfaces/msg\n'}
[5.743347] (bolide_interfaces) StdoutLine: {'line': b'-- Up-to-date: /home/voiture/course_2025_slam_pkgs/workspace/install/bolide_interfaces/include/bolide_interfaces/bolide_interfaces/msg/detail\n'}
[5.743509] (bolide_interfaces) StdoutLine: {'line': b'-- Up-to-date: /home/voiture/course_2025_slam_pkgs/workspace/install/bolide_interfaces/include/bolide_interfaces/bolide_interfaces/msg/detail/multiple_range__rosidl_typesupport_introspection_cpp.hpp\n'}
[5.743631] (bolide_interfaces) StdoutLine: {'line': b'-- Up-to-date: /home/voiture/course_2025_slam_pkgs/workspace/install/bolide_interfaces/include/bolide_interfaces/bolide_interfaces/msg/detail/speed_direction__type_support.cpp\n'}
[5.743787] (bolide_interfaces) StdoutLine: {'line': b'-- Up-to-date: /home/voiture/course_2025_slam_pkgs/workspace/install/bolide_interfaces/include/bolide_interfaces/bolide_interfaces/msg/detail/speed_direction__rosidl_typesupport_introspection_cpp.hpp\n'}
[5.743899] (bolide_interfaces) StdoutLine: {'line': b'-- Up-to-date: /home/voiture/course_2025_slam_pkgs/workspace/install/bolide_interfaces/include/bolide_interfaces/bolide_interfaces/msg/detail/camera_info__type_support.cpp\n'}
[5.744317] (bolide_interfaces) StdoutLine: {'line': b'-- Up-to-date: /home/voiture/course_2025_slam_pkgs/workspace/install/bolide_interfaces/include/bolide_interfaces/bolide_interfaces/msg/detail/fork_speed__type_support.cpp\n'}
[5.744501] (bolide_interfaces) StdoutLine: {'line': b'-- Up-to-date: /home/voiture/course_2025_slam_pkgs/workspace/install/bolide_interfaces/include/bolide_interfaces/bolide_interfaces/msg/detail/camera_info__rosidl_typesupport_introspection_cpp.hpp\n'}
[5.744854] (bolide_interfaces) StdoutLine: {'line': b'-- Up-to-date: /home/voiture/course_2025_slam_pkgs/workspace/install/bolide_interfaces/include/bolide_interfaces/bolide_interfaces/msg/detail/fork_speed__rosidl_typesupport_introspection_cpp.hpp\n'}
[5.745059] (bolide_interfaces) StdoutLine: {'line': b'-- Up-to-date: /home/voiture/course_2025_slam_pkgs/workspace/install/bolide_interfaces/include/bolide_interfaces/bolide_interfaces/msg/detail/multiple_range__type_support.cpp\n'}
[5.745877] (bolide_interfaces) StdoutLine: {'line': b'-- Up-to-date: /home/voiture/course_2025_slam_pkgs/workspace/install/bolide_interfaces/lib/libbolide_interfaces__rosidl_typesupport_introspection_cpp.so\n'}
[5.752325] (bolide_interfaces) StdoutLine: {'line': b'-- Up-to-date: /home/voiture/course_2025_slam_pkgs/workspace/install/bolide_interfaces/lib/libbolide_interfaces__rosidl_typesupport_cpp.so\n'}
[5.752824] (bolide_interfaces) StdoutLine: {'line': b'-- Up-to-date: /home/voiture/course_2025_slam_pkgs/workspace/install/bolide_interfaces/share/bolide_interfaces/environment/pythonpath.sh\n'}
[5.753034] (bolide_interfaces) StdoutLine: {'line': b'-- Up-to-date: /home/voiture/course_2025_slam_pkgs/workspace/install/bolide_interfaces/share/bolide_interfaces/environment/pythonpath.dsv\n'}
[5.753170] (bolide_interfaces) StdoutLine: {'line': b'-- Installing: /home/voiture/course_2025_slam_pkgs/workspace/install/bolide_interfaces/lib/python3.12/site-packages/bolide_interfaces-0.1.0-py3.12.egg-info\n'}
[5.753323] (bolide_interfaces) StdoutLine: {'line': b'-- Installing: /home/voiture/course_2025_slam_pkgs/workspace/install/bolide_interfaces/lib/python3.12/site-packages/bolide_interfaces-0.1.0-py3.12.egg-info/dependency_links.txt\n'}
[5.753736] (bolide_interfaces) StdoutLine: {'line': b'-- Installing: /home/voiture/course_2025_slam_pkgs/workspace/install/bolide_interfaces/lib/python3.12/site-packages/bolide_interfaces-0.1.0-py3.12.egg-info/PKG-INFO\n'}
[5.753911] (bolide_interfaces) StdoutLine: {'line': b'-- Installing: /home/voiture/course_2025_slam_pkgs/workspace/install/bolide_interfaces/lib/python3.12/site-packages/bolide_interfaces-0.1.0-py3.12.egg-info/top_level.txt\n'}
[5.754069] (bolide_interfaces) StdoutLine: {'line': b'-- Installing: /home/voiture/course_2025_slam_pkgs/workspace/install/bolide_interfaces/lib/python3.12/site-packages/bolide_interfaces-0.1.0-py3.12.egg-info/SOURCES.txt\n'}
[5.754216] (bolide_interfaces) StdoutLine: {'line': b'-- Up-to-date: /home/voiture/course_2025_slam_pkgs/workspace/install/bolide_interfaces/lib/python3.12/site-packages/bolide_interfaces\n'}
[5.754318] (bolide_interfaces) StdoutLine: {'line': b'-- Up-to-date: /home/voiture/course_2025_slam_pkgs/workspace/install/bolide_interfaces/lib/python3.12/site-packages/bolide_interfaces/_bolide_interfaces_s.ep.rosidl_typesupport_introspection_c.c\n'}
[5.754419] (bolide_interfaces) StdoutLine: {'line': b'-- Up-to-date: /home/voiture/course_2025_slam_pkgs/workspace/install/bolide_interfaces/lib/python3.12/site-packages/bolide_interfaces/srv\n'}
[5.754509] (bolide_interfaces) StdoutLine: {'line': b'-- Up-to-date: /home/voiture/course_2025_slam_pkgs/workspace/install/bolide_interfaces/lib/python3.12/site-packages/bolide_interfaces/srv/_launch_ekf.py\n'}
[5.754650] (bolide_interfaces) StdoutLine: {'line': b'-- Up-to-date: /home/voiture/course_2025_slam_pkgs/workspace/install/bolide_interfaces/lib/python3.12/site-packages/bolide_interfaces/srv/_launch_ekf_s.c\n'}
[5.754755] (bolide_interfaces) StdoutLine: {'line': b'-- Up-to-date: /home/voiture/course_2025_slam_pkgs/workspace/install/bolide_interfaces/lib/python3.12/site-packages/bolide_interfaces/srv/__init__.py\n'}
[5.754847] (bolide_interfaces) StdoutLine: {'line': b'-- Up-to-date: /home/voiture/course_2025_slam_pkgs/workspace/install/bolide_interfaces/lib/python3.12/site-packages/bolide_interfaces/_bolide_interfaces_s.ep.rosidl_typesupport_c.c\n'}
[5.754953] (bolide_interfaces) StdoutLine: {'line': b'-- Installing: /home/voiture/course_2025_slam_pkgs/workspace/install/bolide_interfaces/lib/python3.12/site-packages/bolide_interfaces/__init__.py\n'}
[5.755111] (bolide_interfaces) StdoutLine: {'line': b'-- Up-to-date: /home/voiture/course_2025_slam_pkgs/workspace/install/bolide_interfaces/lib/python3.12/site-packages/bolide_interfaces/bolide_interfaces_s__rosidl_typesupport_c.so\n'}
[5.755251] (bolide_interfaces) StdoutLine: {'line': b'-- Up-to-date: /home/voiture/course_2025_slam_pkgs/workspace/install/bolide_interfaces/lib/python3.12/site-packages/bolide_interfaces/msg\n'}
[5.755468] (bolide_interfaces) StdoutLine: {'line': b'-- Up-to-date: /home/voiture/course_2025_slam_pkgs/workspace/install/bolide_interfaces/lib/python3.12/site-packages/bolide_interfaces/msg/_multiple_range_s.c\n'}
[5.755601] (bolide_interfaces) StdoutLine: {'line': b'-- Up-to-date: /home/voiture/course_2025_slam_pkgs/workspace/install/bolide_interfaces/lib/python3.12/site-packages/bolide_interfaces/msg/_camera_info_s.c\n'}
[5.755700] (bolide_interfaces) StdoutLine: {'line': b'-- Up-to-date: /home/voiture/course_2025_slam_pkgs/workspace/install/bolide_interfaces/lib/python3.12/site-packages/bolide_interfaces/msg/_fork_speed_s.c\n'}
[5.755794] (bolide_interfaces) StdoutLine: {'line': b'-- Up-to-date: /home/voiture/course_2025_slam_pkgs/workspace/install/bolide_interfaces/lib/python3.12/site-packages/bolide_interfaces/msg/_camera_info.py\n'}
[5.755892] (bolide_interfaces) StdoutLine: {'line': b'-- Up-to-date: /home/voiture/course_2025_slam_pkgs/workspace/install/bolide_interfaces/lib/python3.12/site-packages/bolide_interfaces/msg/_fork_speed.py\n'}
[5.756079] (bolide_interfaces) StdoutLine: {'line': b'-- Up-to-date: /home/voiture/course_2025_slam_pkgs/workspace/install/bolide_interfaces/lib/python3.12/site-packages/bolide_interfaces/msg/_speed_direction_s.c\n'}
[5.756193] (bolide_interfaces) StdoutLine: {'line': b'-- Up-to-date: /home/voiture/course_2025_slam_pkgs/workspace/install/bolide_interfaces/lib/python3.12/site-packages/bolide_interfaces/msg/_speed_direction.py\n'}
[5.756290] (bolide_interfaces) StdoutLine: {'line': b'-- Up-to-date: /home/voiture/course_2025_slam_pkgs/workspace/install/bolide_interfaces/lib/python3.12/site-packages/bolide_interfaces/msg/__init__.py\n'}
[5.756403] (bolide_interfaces) StdoutLine: {'line': b'-- Up-to-date: /home/voiture/course_2025_slam_pkgs/workspace/install/bolide_interfaces/lib/python3.12/site-packages/bolide_interfaces/msg/_multiple_range.py\n'}
[5.756521] (bolide_interfaces) StdoutLine: {'line': b'-- Up-to-date: /home/voiture/course_2025_slam_pkgs/workspace/install/bolide_interfaces/lib/python3.12/site-packages/bolide_interfaces/bolide_interfaces_s__rosidl_typesupport_fastrtps_c.so\n'}
[5.756639] (bolide_interfaces) StdoutLine: {'line': b'-- Up-to-date: /home/voiture/course_2025_slam_pkgs/workspace/install/bolide_interfaces/lib/python3.12/site-packages/bolide_interfaces/_bolide_interfaces_s.ep.rosidl_typesupport_fastrtps_c.c\n'}
[5.756742] (bolide_interfaces) StdoutLine: {'line': b'-- Up-to-date: /home/voiture/course_2025_slam_pkgs/workspace/install/bolide_interfaces/lib/python3.12/site-packages/bolide_interfaces/bolide_interfaces_s__rosidl_typesupport_introspection_c.so\n'}
[5.776230] (-) TimerEvent: {}
[5.855499] (bolide_interfaces) StdoutLine: {'line': b"Listing '/home/voiture/course_2025_slam_pkgs/workspace/install/bolide_interfaces/lib/python3.12/site-packages/bolide_interfaces'...\n"}
[5.855981] (bolide_interfaces) StdoutLine: {'line': b"Compiling '/home/voiture/course_2025_slam_pkgs/workspace/install/bolide_interfaces/lib/python3.12/site-packages/bolide_interfaces/__init__.py'...\n"}
[5.856210] (bolide_interfaces) StdoutLine: {'line': b"Listing '/home/voiture/course_2025_slam_pkgs/workspace/install/bolide_interfaces/lib/python3.12/site-packages/bolide_interfaces/msg'...\n"}
[5.856380] (bolide_interfaces) StdoutLine: {'line': b"Listing '/home/voiture/course_2025_slam_pkgs/workspace/install/bolide_interfaces/lib/python3.12/site-packages/bolide_interfaces/srv'...\n"}
[5.876418] (-) TimerEvent: {}
[5.885382] (bolide_interfaces) StdoutLine: {'line': b'-- Up-to-date: /home/voiture/course_2025_slam_pkgs/workspace/install/bolide_interfaces/lib/python3.12/site-packages/bolide_interfaces/bolide_interfaces_s__rosidl_typesupport_fastrtps_c.so\n'}
[5.888863] (bolide_interfaces) StdoutLine: {'line': b'-- Up-to-date: /home/voiture/course_2025_slam_pkgs/workspace/install/bolide_interfaces/lib/python3.12/site-packages/bolide_interfaces/bolide_interfaces_s__rosidl_typesupport_introspection_c.so\n'}
[5.891654] (bolide_interfaces) StdoutLine: {'line': b'-- Up-to-date: /home/voiture/course_2025_slam_pkgs/workspace/install/bolide_interfaces/lib/python3.12/site-packages/bolide_interfaces/bolide_interfaces_s__rosidl_typesupport_c.so\n'}
[5.895853] (bolide_interfaces) StdoutLine: {'line': b'-- Up-to-date: /home/voiture/course_2025_slam_pkgs/workspace/install/bolide_interfaces/lib/libbolide_interfaces__rosidl_generator_py.so\n'}
[5.896269] (bolide_interfaces) StdoutLine: {'line': b'-- Up-to-date: /home/voiture/course_2025_slam_pkgs/workspace/install/bolide_interfaces/share/bolide_interfaces/msg/CameraInfo.idl\n'}
[5.896438] (bolide_interfaces) StdoutLine: {'line': b'-- Up-to-date: /home/voiture/course_2025_slam_pkgs/workspace/install/bolide_interfaces/share/bolide_interfaces/msg/ForkSpeed.idl\n'}
[5.896584] (bolide_interfaces) StdoutLine: {'line': b'-- Up-to-date: /home/voiture/course_2025_slam_pkgs/workspace/install/bolide_interfaces/share/bolide_interfaces/msg/MultipleRange.idl\n'}
[5.896704] (bolide_interfaces) StdoutLine: {'line': b'-- Up-to-date: /home/voiture/course_2025_slam_pkgs/workspace/install/bolide_interfaces/share/bolide_interfaces/msg/SpeedDirection.idl\n'}
[5.896837] (bolide_interfaces) StdoutLine: {'line': b'-- Up-to-date: /home/voiture/course_2025_slam_pkgs/workspace/install/bolide_interfaces/share/bolide_interfaces/srv/LaunchEkf.idl\n'}
[5.896976] (bolide_interfaces) StdoutLine: {'line': b'-- Up-to-date: /home/voiture/course_2025_slam_pkgs/workspace/install/bolide_interfaces/share/bolide_interfaces/msg/CameraInfo.msg\n'}
[5.897469] (bolide_interfaces) StdoutLine: {'line': b'-- Up-to-date: /home/voiture/course_2025_slam_pkgs/workspace/install/bolide_interfaces/share/bolide_interfaces/msg/ForkSpeed.msg\n'}
[5.897599] (bolide_interfaces) StdoutLine: {'line': b'-- Up-to-date: /home/voiture/course_2025_slam_pkgs/workspace/install/bolide_interfaces/share/bolide_interfaces/msg/MultipleRange.msg\n'}
[5.897703] (bolide_interfaces) StdoutLine: {'line': b'-- Up-to-date: /home/voiture/course_2025_slam_pkgs/workspace/install/bolide_interfaces/share/bolide_interfaces/msg/SpeedDirection.msg\n'}
[5.897830] (bolide_interfaces) StdoutLine: {'line': b'-- Up-to-date: /home/voiture/course_2025_slam_pkgs/workspace/install/bolide_interfaces/share/bolide_interfaces/srv/LaunchEkf.srv\n'}
[5.897930] (bolide_interfaces) StdoutLine: {'line': b'-- Up-to-date: /home/voiture/course_2025_slam_pkgs/workspace/install/bolide_interfaces/share/ament_index/resource_index/package_run_dependencies/bolide_interfaces\n'}
[5.898101] (bolide_interfaces) StdoutLine: {'line': b'-- Up-to-date: /home/voiture/course_2025_slam_pkgs/workspace/install/bolide_interfaces/share/ament_index/resource_index/parent_prefix_path/bolide_interfaces\n'}
[5.898232] (bolide_interfaces) StdoutLine: {'line': b'-- Up-to-date: /home/voiture/course_2025_slam_pkgs/workspace/install/bolide_interfaces/share/bolide_interfaces/environment/ament_prefix_path.sh\n'}
[5.898349] (bolide_interfaces) StdoutLine: {'line': b'-- Up-to-date: /home/voiture/course_2025_slam_pkgs/workspace/install/bolide_interfaces/share/bolide_interfaces/environment/ament_prefix_path.dsv\n'}
[5.898489] (bolide_interfaces) StdoutLine: {'line': b'-- Up-to-date: /home/voiture/course_2025_slam_pkgs/workspace/install/bolide_interfaces/share/bolide_interfaces/environment/path.sh\n'}
[5.898616] (bolide_interfaces) StdoutLine: {'line': b'-- Up-to-date: /home/voiture/course_2025_slam_pkgs/workspace/install/bolide_interfaces/share/bolide_interfaces/environment/path.dsv\n'}
[5.898730] (bolide_interfaces) StdoutLine: {'line': b'-- Up-to-date: /home/voiture/course_2025_slam_pkgs/workspace/install/bolide_interfaces/share/bolide_interfaces/local_setup.bash\n'}
[5.898834] (bolide_interfaces) StdoutLine: {'line': b'-- Up-to-date: /home/voiture/course_2025_slam_pkgs/workspace/install/bolide_interfaces/share/bolide_interfaces/local_setup.sh\n'}
[5.899013] (bolide_interfaces) StdoutLine: {'line': b'-- Up-to-date: /home/voiture/course_2025_slam_pkgs/workspace/install/bolide_interfaces/share/bolide_interfaces/local_setup.zsh\n'}
[5.903422] (bolide_interfaces) StdoutLine: {'line': b'-- Up-to-date: /home/voiture/course_2025_slam_pkgs/workspace/install/bolide_interfaces/share/bolide_interfaces/local_setup.dsv\n'}
[5.903698] (bolide_interfaces) StdoutLine: {'line': b'-- Installing: /home/voiture/course_2025_slam_pkgs/workspace/install/bolide_interfaces/share/bolide_interfaces/package.dsv\n'}
[5.903908] (bolide_interfaces) StdoutLine: {'line': b'-- Up-to-date: /home/voiture/course_2025_slam_pkgs/workspace/install/bolide_interfaces/share/ament_index/resource_index/packages/bolide_interfaces\n'}
[5.904138] (bolide_interfaces) StdoutLine: {'line': b'-- Up-to-date: /home/voiture/course_2025_slam_pkgs/workspace/install/bolide_interfaces/share/bolide_interfaces/cmake/export_bolide_interfaces__rosidl_generator_cExport.cmake\n'}
[5.904354] (bolide_interfaces) StdoutLine: {'line': b'-- Up-to-date: /home/voiture/course_2025_slam_pkgs/workspace/install/bolide_interfaces/share/bolide_interfaces/cmake/export_bolide_interfaces__rosidl_generator_cExport-noconfig.cmake\n'}
[5.904732] (bolide_interfaces) StdoutLine: {'line': b'-- Up-to-date: /home/voiture/course_2025_slam_pkgs/workspace/install/bolide_interfaces/share/bolide_interfaces/cmake/export_bolide_interfaces__rosidl_typesupport_fastrtps_cExport.cmake\n'}
[5.905497] (bolide_interfaces) StdoutLine: {'line': b'-- Up-to-date: /home/voiture/course_2025_slam_pkgs/workspace/install/bolide_interfaces/share/bolide_interfaces/cmake/export_bolide_interfaces__rosidl_typesupport_fastrtps_cExport-noconfig.cmake\n'}
[5.906776] (bolide_interfaces) StdoutLine: {'line': b'-- Up-to-date: /home/voiture/course_2025_slam_pkgs/workspace/install/bolide_interfaces/share/bolide_interfaces/cmake/export_bolide_interfaces__rosidl_generator_cppExport.cmake\n'}
[5.906976] (bolide_interfaces) StdoutLine: {'line': b'-- Up-to-date: /home/voiture/course_2025_slam_pkgs/workspace/install/bolide_interfaces/share/bolide_interfaces/cmake/export_bolide_interfaces__rosidl_typesupport_fastrtps_cppExport.cmake\n'}
[5.907144] (bolide_interfaces) StdoutLine: {'line': b'-- Up-to-date: /home/voiture/course_2025_slam_pkgs/workspace/install/bolide_interfaces/share/bolide_interfaces/cmake/export_bolide_interfaces__rosidl_typesupport_fastrtps_cppExport-noconfig.cmake\n'}
[5.907234] (bolide_interfaces) StdoutLine: {'line': b'-- Up-to-date: /home/voiture/course_2025_slam_pkgs/workspace/install/bolide_interfaces/share/bolide_interfaces/cmake/bolide_interfaces__rosidl_typesupport_introspection_cExport.cmake\n'}
[5.907365] (bolide_interfaces) StdoutLine: {'line': b'-- Up-to-date: /home/voiture/course_2025_slam_pkgs/workspace/install/bolide_interfaces/share/bolide_interfaces/cmake/bolide_interfaces__rosidl_typesupport_introspection_cExport-noconfig.cmake\n'}
[5.907591] (bolide_interfaces) StdoutLine: {'line': b'-- Up-to-date: /home/voiture/course_2025_slam_pkgs/workspace/install/bolide_interfaces/share/bolide_interfaces/cmake/bolide_interfaces__rosidl_typesupport_cExport.cmake\n'}
[5.907858] (bolide_interfaces) StdoutLine: {'line': b'-- Up-to-date: /home/voiture/course_2025_slam_pkgs/workspace/install/bolide_interfaces/share/bolide_interfaces/cmake/bolide_interfaces__rosidl_typesupport_cExport-noconfig.cmake\n'}
[5.908695] (bolide_interfaces) StdoutLine: {'line': b'-- Up-to-date: /home/voiture/course_2025_slam_pkgs/workspace/install/bolide_interfaces/share/bolide_interfaces/cmake/bolide_interfaces__rosidl_typesupport_introspection_cppExport.cmake\n'}
[5.909018] (bolide_interfaces) StdoutLine: {'line': b'-- Up-to-date: /home/voiture/course_2025_slam_pkgs/workspace/install/bolide_interfaces/share/bolide_interfaces/cmake/bolide_interfaces__rosidl_typesupport_introspection_cppExport-noconfig.cmake\n'}
[5.911212] (bolide_interfaces) StdoutLine: {'line': b'-- Up-to-date: /home/voiture/course_2025_slam_pkgs/workspace/install/bolide_interfaces/share/bolide_interfaces/cmake/bolide_interfaces__rosidl_typesupport_cppExport.cmake\n'}
[5.911658] (bolide_interfaces) StdoutLine: {'line': b'-- Up-to-date: /home/voiture/course_2025_slam_pkgs/workspace/install/bolide_interfaces/share/bolide_interfaces/cmake/bolide_interfaces__rosidl_typesupport_cppExport-noconfig.cmake\n'}
[5.911871] (bolide_interfaces) StdoutLine: {'line': b'-- Up-to-date: /home/voiture/course_2025_slam_pkgs/workspace/install/bolide_interfaces/share/bolide_interfaces/cmake/export_bolide_interfaces__rosidl_generator_pyExport.cmake\n'}
[5.912100] (bolide_interfaces) StdoutLine: {'line': b'-- Up-to-date: /home/voiture/course_2025_slam_pkgs/workspace/install/bolide_interfaces/share/bolide_interfaces/cmake/export_bolide_interfaces__rosidl_generator_pyExport-noconfig.cmake\n'}
[5.913495] (bolide_interfaces) StdoutLine: {'line': b'-- Up-to-date: /home/voiture/course_2025_slam_pkgs/workspace/install/bolide_interfaces/share/bolide_interfaces/cmake/rosidl_cmake-extras.cmake\n'}
[5.913891] (bolide_interfaces) StdoutLine: {'line': b'-- Up-to-date: /home/voiture/course_2025_slam_pkgs/workspace/install/bolide_interfaces/share/bolide_interfaces/cmake/ament_cmake_export_dependencies-extras.cmake\n'}
[5.914095] (bolide_interfaces) StdoutLine: {'line': b'-- Up-to-date: /home/voiture/course_2025_slam_pkgs/workspace/install/bolide_interfaces/share/bolide_interfaces/cmake/ament_cmake_export_include_directories-extras.cmake\n'}
[5.914210] (bolide_interfaces) StdoutLine: {'line': b'-- Up-to-date: /home/voiture/course_2025_slam_pkgs/workspace/install/bolide_interfaces/share/bolide_interfaces/cmake/ament_cmake_export_libraries-extras.cmake\n'}
[5.914322] (bolide_interfaces) StdoutLine: {'line': b'-- Up-to-date: /home/voiture/course_2025_slam_pkgs/workspace/install/bolide_interfaces/share/bolide_interfaces/cmake/ament_cmake_export_targets-extras.cmake\n'}
[5.914429] (bolide_interfaces) StdoutLine: {'line': b'-- Up-to-date: /home/voiture/course_2025_slam_pkgs/workspace/install/bolide_interfaces/share/bolide_interfaces/cmake/rosidl_cmake_export_typesupport_targets-extras.cmake\n'}
[5.914542] (bolide_interfaces) StdoutLine: {'line': b'-- Up-to-date: /home/voiture/course_2025_slam_pkgs/workspace/install/bolide_interfaces/share/bolide_interfaces/cmake/rosidl_cmake_export_typesupport_libraries-extras.cmake\n'}
[5.916026] (bolide_interfaces) StdoutLine: {'line': b'-- Installing: /home/voiture/course_2025_slam_pkgs/workspace/install/bolide_interfaces/share/bolide_interfaces/cmake/bolide_interfacesConfig.cmake\n'}
[5.916353] (bolide_interfaces) StdoutLine: {'line': b'-- Installing: /home/voiture/course_2025_slam_pkgs/workspace/install/bolide_interfaces/share/bolide_interfaces/cmake/bolide_interfacesConfig-version.cmake\n'}
[5.917018] (bolide_interfaces) StdoutLine: {'line': b'-- Installing: /home/voiture/course_2025_slam_pkgs/workspace/install/bolide_interfaces/share/bolide_interfaces/package.xml\n'}
[5.924475] (bolide_interfaces) CommandEnded: {'returncode': 0}
[5.976808] (-) TimerEvent: {}
[6.001388] (bolide_interfaces) JobEnded: {'identifier': 'bolide_interfaces', 'rc': 0}
[6.004192] (control_bolide) JobStarted: {'identifier': 'control_bolide'}
[6.019529] (perception_bolide) JobStarted: {'identifier': 'perception_bolide'}
[6.045067] (planning_bolide) JobStarted: {'identifier': 'planning_bolide'}
[6.077025] (-) TimerEvent: {}
[6.178648] (-) TimerEvent: {}
[6.281101] (-) TimerEvent: {}
[6.381736] (-) TimerEvent: {}
[6.482739] (-) TimerEvent: {}
[6.585059] (-) TimerEvent: {}
[6.686175] (-) TimerEvent: {}
[6.789543] (-) TimerEvent: {}
[6.891851] (-) TimerEvent: {}
[6.993077] (-) TimerEvent: {}
[7.094058] (-) TimerEvent: {}
[7.195064] (-) TimerEvent: {}
[7.298563] (-) TimerEvent: {}
[7.400024] (-) TimerEvent: {}
[7.502687] (-) TimerEvent: {}
[7.606299] (-) TimerEvent: {}
[7.707049] (-) TimerEvent: {}
[7.811012] (-) TimerEvent: {}
[7.911475] (-) TimerEvent: {}
[8.014819] (-) TimerEvent: {}
[8.115282] (-) TimerEvent: {}
[8.215766] (-) TimerEvent: {}
[8.316208] (-) TimerEvent: {}
[8.416844] (-) TimerEvent: {}
[8.522702] (-) TimerEvent: {}
[8.623594] (-) TimerEvent: {}
[8.723969] (-) TimerEvent: {}
[8.825038] (-) TimerEvent: {}
[8.925474] (-) TimerEvent: {}
[9.025960] (-) TimerEvent: {}
[9.129213] (-) TimerEvent: {}
[9.232170] (-) TimerEvent: {}
[9.332530] (-) TimerEvent: {}
[9.435000] (-) TimerEvent: {}
[9.535760] (-) TimerEvent: {}
[9.636140] (-) TimerEvent: {}
[9.736507] (-) TimerEvent: {}
[9.836918] (-) TimerEvent: {}
[9.937316] (-) TimerEvent: {}
[10.037779] (-) TimerEvent: {}
[10.140040] (-) TimerEvent: {}
[10.207393] (control_bolide) Command: {'cmd': ['/usr/bin/python3', '-W', 'ignore:setup.py install is deprecated', '-W', 'ignore:easy_install command is deprecated', 'setup.py', 'egg_info', '--egg-base', '../../build/control_bolide', 'build', '--build-base', '/home/voiture/course_2025_slam_pkgs/workspace/build/control_bolide/build', 'install', '--record', '/home/voiture/course_2025_slam_pkgs/workspace/build/control_bolide/install.log', '--single-version-externally-managed', 'install_data'], 'cwd': '/home/voiture/course_2025_slam_pkgs/workspace/src/control_bolide', 'env': {'LESSOPEN': '| /usr/bin/lesspipe %s', 'USER': 'voiture', 'XDG_SESSION_TYPE': 'wayland', 'SHLVL': '1', 'LD_LIBRARY_PATH': '/home/voiture/course_2025_slam_pkgs/workspace/install/bolide_interfaces/lib:/opt/ros/jazzy/opt/rviz_ogre_vendor/lib:/opt/ros/jazzy/lib/aarch64-linux-gnu:/opt/ros/jazzy/opt/gz_math_vendor/lib:/opt/ros/jazzy/opt/gz_utils_vendor/lib:/opt/ros/jazzy/opt/gz_cmake_vendor/lib:/opt/ros/jazzy/lib', 'HOME': '/home/voiture', 'OLDPWD': '/home/voiture/course_2025_slam_pkgs/workspace/src', 'DESKTOP_SESSION': 'ubuntu', 'ROS_PYTHON_VERSION': '3', 'GNOME_SHELL_SESSION_MODE': 'ubuntu', 'GTK_MODULES': 'gail:atk-bridge', 'SYSTEMD_EXEC_PID': '1686', 'GSM_SKIP_SSH_AGENT_WORKAROUND': 'true', 'DBUS_SESSION_BUS_ADDRESS': 'unix:path=/run/user/1002/bus', 'COLORTERM': 'truecolor', 'DEBUGINFOD_URLS': 'https://debuginfod.ubuntu.com', 'IM_CONFIG_PHASE': '1', 'WAYLAND_DISPLAY': 'wayland-0', 'ROS_DISTRO': 'jazzy', 'LOGNAME': 'voiture', '_': '/usr/bin/colcon', 'ROS_VERSION': '2', 'MEMORY_PRESSURE_WATCH': '/sys/fs/cgroup/user.slice/user-1002.slice/user@1002.service/session.slice/org.gnome.Shell@wayland.service/memory.pressure', 'XDG_SESSION_CLASS': 'user', 'USERNAME': 'voiture', 'TERM': 'xterm-256color', 'GNOME_DESKTOP_SESSION_ID': 'this-is-deprecated', 'PATH': '/opt/ros/jazzy/bin:/usr/local/sbin:/usr/local/bin:/usr/sbin:/usr/bin:/sbin:/bin:/usr/games:/usr/local/games:/snap/bin:/snap/bin', 'SESSION_MANAGER': 'local/voiture1:@/tmp/.ICE-unix/1646,unix/voiture1:/tmp/.ICE-unix/1646', 'XDG_MENU_PREFIX': 'gnome-', 'GNOME_TERMINAL_SCREEN': '/org/gnome/Terminal/screen/a24b5abc_ecb0_4c2b_ab75_9edd28611d98', 'GNOME_SETUP_DISPLAY': ':1', 'XDG_RUNTIME_DIR': '/run/user/1002', 'DISPLAY': ':0', 'LANG': 'C.UTF-8', 'XDG_CURRENT_DESKTOP': 'ubuntu:GNOME', 'XMODIFIERS': '@im=ibus', 'XDG_SESSION_DESKTOP': 'ubuntu', 'XAUTHORITY': '/run/user/1002/.mutter-Xwaylandauth.G78142', 'LS_COLORS': 'rs=0:di=01;34:ln=01;36:mh=00:pi=40;33:so=01;35:do=01;35:bd=40;33;01:cd=40;33;01:or=40;31;01:mi=00:su=37;41:sg=30;43:ca=00:tw=30;42:ow=34;42:st=37;44:ex=01;32:*.tar=01;31:*.tgz=01;31:*.arc=01;31:*.arj=01;31:*.taz=01;31:*.lha=01;31:*.lz4=01;31:*.lzh=01;31:*.lzma=01;31:*.tlz=01;31:*.txz=01;31:*.tzo=01;31:*.t7z=01;31:*.zip=01;31:*.z=01;31:*.dz=01;31:*.gz=01;31:*.lrz=01;31:*.lz=01;31:*.lzo=01;31:*.xz=01;31:*.zst=01;31:*.tzst=01;31:*.bz2=01;31:*.bz=01;31:*.tbz=01;31:*.tbz2=01;31:*.tz=01;31:*.deb=01;31:*.rpm=01;31:*.jar=01;31:*.war=01;31:*.ear=01;31:*.sar=01;31:*.rar=01;31:*.alz=01;31:*.ace=01;31:*.zoo=01;31:*.cpio=01;31:*.7z=01;31:*.rz=01;31:*.cab=01;31:*.wim=01;31:*.swm=01;31:*.dwm=01;31:*.esd=01;31:*.avif=01;35:*.jpg=01;35:*.jpeg=01;35:*.mjpg=01;35:*.mjpeg=01;35:*.gif=01;35:*.bmp=01;35:*.pbm=01;35:*.pgm=01;35:*.ppm=01;35:*.tga=01;35:*.xbm=01;35:*.xpm=01;35:*.tif=01;35:*.tiff=01;35:*.png=01;35:*.svg=01;35:*.svgz=01;35:*.mng=01;35:*.pcx=01;35:*.mov=01;35:*.mpg=01;35:*.mpeg=01;35:*.m2v=01;35:*.mkv=01;35:*.webm=01;35:*.webp=01;35:*.ogm=01;35:*.mp4=01;35:*.m4v=01;35:*.mp4v=01;35:*.vob=01;35:*.qt=01;35:*.nuv=01;35:*.wmv=01;35:*.asf=01;35:*.rm=01;35:*.rmvb=01;35:*.flc=01;35:*.avi=01;35:*.fli=01;35:*.flv=01;35:*.gl=01;35:*.dl=01;35:*.xcf=01;35:*.xwd=01;35:*.yuv=01;35:*.cgm=01;35:*.emf=01;35:*.ogv=01;35:*.ogx=01;35:*.aac=00;36:*.au=00;36:*.flac=00;36:*.m4a=00;36:*.mid=00;36:*.midi=00;36:*.mka=00;36:*.mp3=00;36:*.mpc=00;36:*.ogg=00;36:*.ra=00;36:*.wav=00;36:*.oga=00;36:*.opus=00;36:*.spx=00;36:*.xspf=00;36:*~=00;90:*#=00;90:*.bak=00;90:*.crdownload=00;90:*.dpkg-dist=00;90:*.dpkg-new=00;90:*.dpkg-old=00;90:*.dpkg-tmp=00;90:*.old=00;90:*.orig=00;90:*.part=00;90:*.rej=00;90:*.rpmnew=00;90:*.rpmorig=00;90:*.rpmsave=00;90:*.swp=00;90:*.tmp=00;90:*.ucf-dist=00;90:*.ucf-new=00;90:*.ucf-old=00;90:', 'GNOME_TERMINAL_SERVICE': ':1.106', 'SSH_AUTH_SOCK': '/run/user/1002/keyring/ssh', 'ROS_DOMAIN_ID': '10', 'AMENT_PREFIX_PATH': '/home/voiture/course_2025_slam_pkgs/workspace/install/bolide_interfaces:/opt/ros/jazzy', 'SHELL': '/bin/bash', 'QT_ACCESSIBILITY': '1', 'GDMSESSION': 'ubuntu', 'LESSCLOSE': '/usr/bin/lesspipe %s %s', 'ROS_AUTOMATIC_DISCOVERY_RANGE': 'SUBNET', 'QT_IM_MODULE': 'ibus', 'PWD': '/home/voiture/course_2025_slam_pkgs/workspace/build/control_bolide', 'XDG_CONFIG_DIRS': '/etc/xdg/xdg-ubuntu:/etc/xdg', 'XDG_DATA_DIRS': '/usr/share/ubuntu:/usr/share/gnome:/usr/local/share/:/usr/share/:/var/lib/snapd/desktop', 'PYTHONPATH': '/home/voiture/course_2025_slam_pkgs/workspace/build/control_bolide/prefix_override:/usr/lib/python3/dist-packages/colcon_core/task/python/colcon_distutils_commands:/home/voiture/course_2025_slam_pkgs/workspace/install/control_bolide/lib/python3.12/site-packages:/home/voiture/course_2025_slam_pkgs/workspace/install/bolide_interfaces/lib/python3.12/site-packages:/opt/ros/jazzy/lib/python3.12/site-packages', 'COLCON': '1', 'MEMORY_PRESSURE_WRITE': 'c29tZSAyMDAwMDAgMjAwMDAwMAA=', 'VTE_VERSION': '7600', 'CMAKE_PREFIX_PATH': '/home/voiture/course_2025_slam_pkgs/workspace/install/bolide_interfaces:/opt/ros/jazzy/opt/gz_math_vendor:/opt/ros/jazzy/opt/gz_utils_vendor:/opt/ros/jazzy/opt/gz_cmake_vendor'}, 'shell': False}
[10.213181] (planning_bolide) Command: {'cmd': ['/usr/bin/python3', '-W', 'ignore:setup.py install is deprecated', '-W', 'ignore:easy_install command is deprecated', 'setup.py', 'egg_info', '--egg-base', '../../build/planning_bolide', 'build', '--build-base', '/home/voiture/course_2025_slam_pkgs/workspace/build/planning_bolide/build', 'install', '--record', '/home/voiture/course_2025_slam_pkgs/workspace/build/planning_bolide/install.log', '--single-version-externally-managed', 'install_data'], 'cwd': '/home/voiture/course_2025_slam_pkgs/workspace/src/planning_bolide', 'env': {'LESSOPEN': '| /usr/bin/lesspipe %s', 'USER': 'voiture', 'XDG_SESSION_TYPE': 'wayland', 'SHLVL': '1', 'LD_LIBRARY_PATH': '/home/voiture/course_2025_slam_pkgs/workspace/install/bolide_interfaces/lib:/opt/ros/jazzy/opt/rviz_ogre_vendor/lib:/opt/ros/jazzy/lib/aarch64-linux-gnu:/opt/ros/jazzy/opt/gz_math_vendor/lib:/opt/ros/jazzy/opt/gz_utils_vendor/lib:/opt/ros/jazzy/opt/gz_cmake_vendor/lib:/opt/ros/jazzy/lib', 'HOME': '/home/voiture', 'OLDPWD': '/home/voiture/course_2025_slam_pkgs/workspace/src', 'DESKTOP_SESSION': 'ubuntu', 'ROS_PYTHON_VERSION': '3', 'GNOME_SHELL_SESSION_MODE': 'ubuntu', 'GTK_MODULES': 'gail:atk-bridge', 'SYSTEMD_EXEC_PID': '1686', 'GSM_SKIP_SSH_AGENT_WORKAROUND': 'true', 'DBUS_SESSION_BUS_ADDRESS': 'unix:path=/run/user/1002/bus', 'COLORTERM': 'truecolor', 'DEBUGINFOD_URLS': 'https://debuginfod.ubuntu.com', 'IM_CONFIG_PHASE': '1', 'WAYLAND_DISPLAY': 'wayland-0', 'ROS_DISTRO': 'jazzy', 'LOGNAME': 'voiture', '_': '/usr/bin/colcon', 'ROS_VERSION': '2', 'MEMORY_PRESSURE_WATCH': '/sys/fs/cgroup/user.slice/user-1002.slice/user@1002.service/session.slice/org.gnome.Shell@wayland.service/memory.pressure', 'XDG_SESSION_CLASS': 'user', 'USERNAME': 'voiture', 'TERM': 'xterm-256color', 'GNOME_DESKTOP_SESSION_ID': 'this-is-deprecated', 'PATH': '/opt/ros/jazzy/bin:/usr/local/sbin:/usr/local/bin:/usr/sbin:/usr/bin:/sbin:/bin:/usr/games:/usr/local/games:/snap/bin:/snap/bin', 'SESSION_MANAGER': 'local/voiture1:@/tmp/.ICE-unix/1646,unix/voiture1:/tmp/.ICE-unix/1646', 'XDG_MENU_PREFIX': 'gnome-', 'GNOME_TERMINAL_SCREEN': '/org/gnome/Terminal/screen/a24b5abc_ecb0_4c2b_ab75_9edd28611d98', 'GNOME_SETUP_DISPLAY': ':1', 'XDG_RUNTIME_DIR': '/run/user/1002', 'DISPLAY': ':0', 'LANG': 'C.UTF-8', 'XDG_CURRENT_DESKTOP': 'ubuntu:GNOME', 'XMODIFIERS': '@im=ibus', 'XDG_SESSION_DESKTOP': 'ubuntu', 'XAUTHORITY': '/run/user/1002/.mutter-Xwaylandauth.G78142', 'LS_COLORS': 'rs=0:di=01;34:ln=01;36:mh=00:pi=40;33:so=01;35:do=01;35:bd=40;33;01:cd=40;33;01:or=40;31;01:mi=00:su=37;41:sg=30;43:ca=00:tw=30;42:ow=34;42:st=37;44:ex=01;32:*.tar=01;31:*.tgz=01;31:*.arc=01;31:*.arj=01;31:*.taz=01;31:*.lha=01;31:*.lz4=01;31:*.lzh=01;31:*.lzma=01;31:*.tlz=01;31:*.txz=01;31:*.tzo=01;31:*.t7z=01;31:*.zip=01;31:*.z=01;31:*.dz=01;31:*.gz=01;31:*.lrz=01;31:*.lz=01;31:*.lzo=01;31:*.xz=01;31:*.zst=01;31:*.tzst=01;31:*.bz2=01;31:*.bz=01;31:*.tbz=01;31:*.tbz2=01;31:*.tz=01;31:*.deb=01;31:*.rpm=01;31:*.jar=01;31:*.war=01;31:*.ear=01;31:*.sar=01;31:*.rar=01;31:*.alz=01;31:*.ace=01;31:*.zoo=01;31:*.cpio=01;31:*.7z=01;31:*.rz=01;31:*.cab=01;31:*.wim=01;31:*.swm=01;31:*.dwm=01;31:*.esd=01;31:*.avif=01;35:*.jpg=01;35:*.jpeg=01;35:*.mjpg=01;35:*.mjpeg=01;35:*.gif=01;35:*.bmp=01;35:*.pbm=01;35:*.pgm=01;35:*.ppm=01;35:*.tga=01;35:*.xbm=01;35:*.xpm=01;35:*.tif=01;35:*.tiff=01;35:*.png=01;35:*.svg=01;35:*.svgz=01;35:*.mng=01;35:*.pcx=01;35:*.mov=01;35:*.mpg=01;35:*.mpeg=01;35:*.m2v=01;35:*.mkv=01;35:*.webm=01;35:*.webp=01;35:*.ogm=01;35:*.mp4=01;35:*.m4v=01;35:*.mp4v=01;35:*.vob=01;35:*.qt=01;35:*.nuv=01;35:*.wmv=01;35:*.asf=01;35:*.rm=01;35:*.rmvb=01;35:*.flc=01;35:*.avi=01;35:*.fli=01;35:*.flv=01;35:*.gl=01;35:*.dl=01;35:*.xcf=01;35:*.xwd=01;35:*.yuv=01;35:*.cgm=01;35:*.emf=01;35:*.ogv=01;35:*.ogx=01;35:*.aac=00;36:*.au=00;36:*.flac=00;36:*.m4a=00;36:*.mid=00;36:*.midi=00;36:*.mka=00;36:*.mp3=00;36:*.mpc=00;36:*.ogg=00;36:*.ra=00;36:*.wav=00;36:*.oga=00;36:*.opus=00;36:*.spx=00;36:*.xspf=00;36:*~=00;90:*#=00;90:*.bak=00;90:*.crdownload=00;90:*.dpkg-dist=00;90:*.dpkg-new=00;90:*.dpkg-old=00;90:*.dpkg-tmp=00;90:*.old=00;90:*.orig=00;90:*.part=00;90:*.rej=00;90:*.rpmnew=00;90:*.rpmorig=00;90:*.rpmsave=00;90:*.swp=00;90:*.tmp=00;90:*.ucf-dist=00;90:*.ucf-new=00;90:*.ucf-old=00;90:', 'GNOME_TERMINAL_SERVICE': ':1.106', 'SSH_AUTH_SOCK': '/run/user/1002/keyring/ssh', 'ROS_DOMAIN_ID': '10', 'AMENT_PREFIX_PATH': '/home/voiture/course_2025_slam_pkgs/workspace/install/bolide_interfaces:/opt/ros/jazzy', 'SHELL': '/bin/bash', 'QT_ACCESSIBILITY': '1', 'GDMSESSION': 'ubuntu', 'LESSCLOSE': '/usr/bin/lesspipe %s %s', 'ROS_AUTOMATIC_DISCOVERY_RANGE': 'SUBNET', 'QT_IM_MODULE': 'ibus', 'PWD': '/home/voiture/course_2025_slam_pkgs/workspace/build/planning_bolide', 'XDG_CONFIG_DIRS': '/etc/xdg/xdg-ubuntu:/etc/xdg', 'XDG_DATA_DIRS': '/usr/share/ubuntu:/usr/share/gnome:/usr/local/share/:/usr/share/:/var/lib/snapd/desktop', 'PYTHONPATH': '/home/voiture/course_2025_slam_pkgs/workspace/build/planning_bolide/prefix_override:/usr/lib/python3/dist-packages/colcon_core/task/python/colcon_distutils_commands:/home/voiture/course_2025_slam_pkgs/workspace/install/planning_bolide/lib/python3.12/site-packages:/home/voiture/course_2025_slam_pkgs/workspace/install/bolide_interfaces/lib/python3.12/site-packages:/opt/ros/jazzy/lib/python3.12/site-packages', 'COLCON': '1', 'MEMORY_PRESSURE_WRITE': 'c29tZSAyMDAwMDAgMjAwMDAwMAA=', 'VTE_VERSION': '7600', 'CMAKE_PREFIX_PATH': '/home/voiture/course_2025_slam_pkgs/workspace/install/bolide_interfaces:/opt/ros/jazzy/opt/gz_math_vendor:/opt/ros/jazzy/opt/gz_utils_vendor:/opt/ros/jazzy/opt/gz_cmake_vendor'}, 'shell': False}
[10.216295] (perception_bolide) Command: {'cmd': ['/usr/bin/python3', '-W', 'ignore:setup.py install is deprecated', '-W', 'ignore:easy_install command is deprecated', 'setup.py', 'develop', '--uninstall', '--editable', '--build-directory', '/home/voiture/course_2025_slam_pkgs/workspace/build/perception_bolide/build'], 'cwd': '/home/voiture/course_2025_slam_pkgs/workspace/build/perception_bolide', 'env': {'LESSOPEN': '| /usr/bin/lesspipe %s', 'USER': 'voiture', 'XDG_SESSION_TYPE': 'wayland', 'SHLVL': '1', 'LD_LIBRARY_PATH': '/home/voiture/course_2025_slam_pkgs/workspace/install/bolide_interfaces/lib:/opt/ros/jazzy/opt/rviz_ogre_vendor/lib:/opt/ros/jazzy/lib/aarch64-linux-gnu:/opt/ros/jazzy/opt/gz_math_vendor/lib:/opt/ros/jazzy/opt/gz_utils_vendor/lib:/opt/ros/jazzy/opt/gz_cmake_vendor/lib:/opt/ros/jazzy/lib', 'HOME': '/home/voiture', 'OLDPWD': '/home/voiture/course_2025_slam_pkgs/workspace/src', 'DESKTOP_SESSION': 'ubuntu', 'ROS_PYTHON_VERSION': '3', 'GNOME_SHELL_SESSION_MODE': 'ubuntu', 'GTK_MODULES': 'gail:atk-bridge', 'SYSTEMD_EXEC_PID': '1686', 'GSM_SKIP_SSH_AGENT_WORKAROUND': 'true', 'DBUS_SESSION_BUS_ADDRESS': 'unix:path=/run/user/1002/bus', 'COLORTERM': 'truecolor', 'DEBUGINFOD_URLS': 'https://debuginfod.ubuntu.com', 'IM_CONFIG_PHASE': '1', 'WAYLAND_DISPLAY': 'wayland-0', 'ROS_DISTRO': 'jazzy', 'LOGNAME': 'voiture', '_': '/usr/bin/colcon', 'ROS_VERSION': '2', 'MEMORY_PRESSURE_WATCH': '/sys/fs/cgroup/user.slice/user-1002.slice/user@1002.service/session.slice/org.gnome.Shell@wayland.service/memory.pressure', 'XDG_SESSION_CLASS': 'user', 'USERNAME': 'voiture', 'TERM': 'xterm-256color', 'GNOME_DESKTOP_SESSION_ID': 'this-is-deprecated', 'PATH': '/opt/ros/jazzy/bin:/usr/local/sbin:/usr/local/bin:/usr/sbin:/usr/bin:/sbin:/bin:/usr/games:/usr/local/games:/snap/bin:/snap/bin', 'SESSION_MANAGER': 'local/voiture1:@/tmp/.ICE-unix/1646,unix/voiture1:/tmp/.ICE-unix/1646', 'XDG_MENU_PREFIX': 'gnome-', 'GNOME_TERMINAL_SCREEN': '/org/gnome/Terminal/screen/a24b5abc_ecb0_4c2b_ab75_9edd28611d98', 'GNOME_SETUP_DISPLAY': ':1', 'XDG_RUNTIME_DIR': '/run/user/1002', 'DISPLAY': ':0', 'LANG': 'C.UTF-8', 'XDG_CURRENT_DESKTOP': 'ubuntu:GNOME', 'XMODIFIERS': '@im=ibus', 'XDG_SESSION_DESKTOP': 'ubuntu', 'XAUTHORITY': '/run/user/1002/.mutter-Xwaylandauth.G78142', 'LS_COLORS': 'rs=0:di=01;34:ln=01;36:mh=00:pi=40;33:so=01;35:do=01;35:bd=40;33;01:cd=40;33;01:or=40;31;01:mi=00:su=37;41:sg=30;43:ca=00:tw=30;42:ow=34;42:st=37;44:ex=01;32:*.tar=01;31:*.tgz=01;31:*.arc=01;31:*.arj=01;31:*.taz=01;31:*.lha=01;31:*.lz4=01;31:*.lzh=01;31:*.lzma=01;31:*.tlz=01;31:*.txz=01;31:*.tzo=01;31:*.t7z=01;31:*.zip=01;31:*.z=01;31:*.dz=01;31:*.gz=01;31:*.lrz=01;31:*.lz=01;31:*.lzo=01;31:*.xz=01;31:*.zst=01;31:*.tzst=01;31:*.bz2=01;31:*.bz=01;31:*.tbz=01;31:*.tbz2=01;31:*.tz=01;31:*.deb=01;31:*.rpm=01;31:*.jar=01;31:*.war=01;31:*.ear=01;31:*.sar=01;31:*.rar=01;31:*.alz=01;31:*.ace=01;31:*.zoo=01;31:*.cpio=01;31:*.7z=01;31:*.rz=01;31:*.cab=01;31:*.wim=01;31:*.swm=01;31:*.dwm=01;31:*.esd=01;31:*.avif=01;35:*.jpg=01;35:*.jpeg=01;35:*.mjpg=01;35:*.mjpeg=01;35:*.gif=01;35:*.bmp=01;35:*.pbm=01;35:*.pgm=01;35:*.ppm=01;35:*.tga=01;35:*.xbm=01;35:*.xpm=01;35:*.tif=01;35:*.tiff=01;35:*.png=01;35:*.svg=01;35:*.svgz=01;35:*.mng=01;35:*.pcx=01;35:*.mov=01;35:*.mpg=01;35:*.mpeg=01;35:*.m2v=01;35:*.mkv=01;35:*.webm=01;35:*.webp=01;35:*.ogm=01;35:*.mp4=01;35:*.m4v=01;35:*.mp4v=01;35:*.vob=01;35:*.qt=01;35:*.nuv=01;35:*.wmv=01;35:*.asf=01;35:*.rm=01;35:*.rmvb=01;35:*.flc=01;35:*.avi=01;35:*.fli=01;35:*.flv=01;35:*.gl=01;35:*.dl=01;35:*.xcf=01;35:*.xwd=01;35:*.yuv=01;35:*.cgm=01;35:*.emf=01;35:*.ogv=01;35:*.ogx=01;35:*.aac=00;36:*.au=00;36:*.flac=00;36:*.m4a=00;36:*.mid=00;36:*.midi=00;36:*.mka=00;36:*.mp3=00;36:*.mpc=00;36:*.ogg=00;36:*.ra=00;36:*.wav=00;36:*.oga=00;36:*.opus=00;36:*.spx=00;36:*.xspf=00;36:*~=00;90:*#=00;90:*.bak=00;90:*.crdownload=00;90:*.dpkg-dist=00;90:*.dpkg-new=00;90:*.dpkg-old=00;90:*.dpkg-tmp=00;90:*.old=00;90:*.orig=00;90:*.part=00;90:*.rej=00;90:*.rpmnew=00;90:*.rpmorig=00;90:*.rpmsave=00;90:*.swp=00;90:*.tmp=00;90:*.ucf-dist=00;90:*.ucf-new=00;90:*.ucf-old=00;90:', 'GNOME_TERMINAL_SERVICE': ':1.106', 'SSH_AUTH_SOCK': '/run/user/1002/keyring/ssh', 'ROS_DOMAIN_ID': '10', 'AMENT_PREFIX_PATH': '/home/voiture/course_2025_slam_pkgs/workspace/install/bolide_interfaces:/opt/ros/jazzy', 'SHELL': '/bin/bash', 'QT_ACCESSIBILITY': '1', 'GDMSESSION': 'ubuntu', 'LESSCLOSE': '/usr/bin/lesspipe %s %s', 'ROS_AUTOMATIC_DISCOVERY_RANGE': 'SUBNET', 'QT_IM_MODULE': 'ibus', 'PWD': '/home/voiture/course_2025_slam_pkgs/workspace/build/perception_bolide', 'XDG_CONFIG_DIRS': '/etc/xdg/xdg-ubuntu:/etc/xdg', 'XDG_DATA_DIRS': '/usr/share/ubuntu:/usr/share/gnome:/usr/local/share/:/usr/share/:/var/lib/snapd/desktop', 'PYTHONPATH': '/home/voiture/course_2025_slam_pkgs/workspace/build/perception_bolide/prefix_override:/usr/lib/python3/dist-packages/colcon_core/task/python/colcon_distutils_commands:/home/voiture/course_2025_slam_pkgs/workspace/install/perception_bolide/lib/python3.12/site-packages:/home/voiture/course_2025_slam_pkgs/workspace/install/bolide_interfaces/lib/python3.12/site-packages:/opt/ros/jazzy/lib/python3.12/site-packages', 'COLCON': '1', 'MEMORY_PRESSURE_WRITE': 'c29tZSAyMDAwMDAgMjAwMDAwMAA=', 'VTE_VERSION': '7600', 'CMAKE_PREFIX_PATH': '/home/voiture/course_2025_slam_pkgs/workspace/install/bolide_interfaces:/opt/ros/jazzy/opt/gz_math_vendor:/opt/ros/jazzy/opt/gz_utils_vendor:/opt/ros/jazzy/opt/gz_cmake_vendor'}, 'shell': False}
[10.240174] (-) TimerEvent: {}
[10.343315] (-) TimerEvent: {}
[10.443883] (-) TimerEvent: {}
[10.547203] (-) TimerEvent: {}
[10.645881] (control_bolide) StdoutLine: {'line': b'running egg_info\n'}
[10.647242] (-) TimerEvent: {}
[10.647879] (planning_bolide) StdoutLine: {'line': b'running egg_info\n'}
[10.677591] (control_bolide) StdoutLine: {'line': b'writing ../../build/control_bolide/control_bolide.egg-info/PKG-INFO\n'}
[10.678675] (control_bolide) StdoutLine: {'line': b'writing dependency_links to ../../build/control_bolide/control_bolide.egg-info/dependency_links.txt\n'}
[10.679145] (planning_bolide) StdoutLine: {'line': b'writing ../../build/planning_bolide/planning_bolide.egg-info/PKG-INFO\n'}
[10.679584] (planning_bolide) StdoutLine: {'line': b'writing dependency_links to ../../build/planning_bolide/planning_bolide.egg-info/dependency_links.txt\n'}
[10.679689] (planning_bolide) StdoutLine: {'line': b'writing entry points to ../../build/planning_bolide/planning_bolide.egg-info/entry_points.txt\n'}
[10.679777] (planning_bolide) StdoutLine: {'line': b'writing requirements to ../../build/planning_bolide/planning_bolide.egg-info/requires.txt\n'}
[10.679870] (planning_bolide) StdoutLine: {'line': b'writing top-level names to ../../build/planning_bolide/planning_bolide.egg-info/top_level.txt\n'}
[10.680772] (control_bolide) StdoutLine: {'line': b'writing entry points to ../../build/control_bolide/control_bolide.egg-info/entry_points.txt\n'}
[10.681551] (control_bolide) StdoutLine: {'line': b'writing requirements to ../../build/control_bolide/control_bolide.egg-info/requires.txt\n'}
[10.683302] (control_bolide) StdoutLine: {'line': b'writing top-level names to ../../build/control_bolide/control_bolide.egg-info/top_level.txt\n'}
[10.713880] (perception_bolide) StdoutLine: {'line': b'running develop\n'}
[10.737422] (planning_bolide) StdoutLine: {'line': b"reading manifest file '../../build/planning_bolide/planning_bolide.egg-info/SOURCES.txt'\n"}
[10.738457] (planning_bolide) StdoutLine: {'line': b"adding license file 'LICENSE'\n"}
[10.739610] (planning_bolide) StdoutLine: {'line': b"writing manifest file '../../build/planning_bolide/planning_bolide.egg-info/SOURCES.txt'\n"}
[10.739881] (planning_bolide) StdoutLine: {'line': b'running build\n'}
[10.741843] (planning_bolide) StdoutLine: {'line': b'running build_py\n'}
[10.742662] (planning_bolide) StdoutLine: {'line': b'copying planning_bolide/teleop_keyboard.py -> /home/voiture/course_2025_slam_pkgs/workspace/build/planning_bolide/build/lib/planning_bolide\n'}
[10.742906] (planning_bolide) StdoutLine: {'line': b'running install\n'}
[10.743040] (control_bolide) StdoutLine: {'line': b"reading manifest file '../../build/control_bolide/control_bolide.egg-info/SOURCES.txt'\n"}
[10.743157] (control_bolide) StdoutLine: {'line': b"adding license file 'LICENSE'\n"}
[10.743885] (control_bolide) StdoutLine: {'line': b"writing manifest file '../../build/control_bolide/control_bolide.egg-info/SOURCES.txt'\n"}
[10.744256] (control_bolide) StdoutLine: {'line': b'running build\n'}
[10.744470] (control_bolide) StdoutLine: {'line': b'running build_py\n'}
[10.745122] (control_bolide) StdoutLine: {'line': b'copying control_bolide/cmd_vel.py -> /home/voiture/course_2025_slam_pkgs/workspace/build/control_bolide/build/lib/control_bolide\n'}
[10.745958] (control_bolide) StdoutLine: {'line': b'running install\n'}
[10.747335] (-) TimerEvent: {}
[10.753129] (planning_bolide) StdoutLine: {'line': b'running install_lib\n'}
[10.759131] (control_bolide) StdoutLine: {'line': b'running install_lib\n'}
[10.784470] (planning_bolide) StdoutLine: {'line': b'copying /home/voiture/course_2025_slam_pkgs/workspace/build/planning_bolide/build/lib/planning_bolide/teleop_keyboard.py -> /home/voiture/course_2025_slam_pkgs/workspace/install/planning_bolide/lib/python3.12/site-packages/planning_bolide\n'}
[10.786043] (planning_bolide) StdoutLine: {'line': b'byte-compiling /home/voiture/course_2025_slam_pkgs/workspace/install/planning_bolide/lib/python3.12/site-packages/planning_bolide/teleop_keyboard.py to teleop_keyboard.cpython-312.pyc\n'}
[10.787746] (control_bolide) StdoutLine: {'line': b'copying /home/voiture/course_2025_slam_pkgs/workspace/build/control_bolide/build/lib/control_bolide/cmd_vel.py -> /home/voiture/course_2025_slam_pkgs/workspace/install/control_bolide/lib/python3.12/site-packages/control_bolide\n'}
[10.789338] (planning_bolide) StdoutLine: {'line': b'running install_data\n'}
[10.789553] (planning_bolide) StdoutLine: {'line': b'running install_egg_info\n'}
[10.790448] (control_bolide) StdoutLine: {'line': b'byte-compiling /home/voiture/course_2025_slam_pkgs/workspace/install/control_bolide/lib/python3.12/site-packages/control_bolide/cmd_vel.py to cmd_vel.cpython-312.pyc\n'}
[10.791490] (control_bolide) StdoutLine: {'line': b'running install_data\n'}
[10.791988] (control_bolide) StdoutLine: {'line': b'running install_egg_info\n'}
[10.821746] (control_bolide) StdoutLine: {'line': b"removing '/home/voiture/course_2025_slam_pkgs/workspace/install/control_bolide/lib/python3.12/site-packages/control_bolide-0.1.0-py3.12.egg-info' (and everything under it)\n"}
[10.824212] (planning_bolide) StdoutLine: {'line': b"removing '/home/voiture/course_2025_slam_pkgs/workspace/install/planning_bolide/lib/python3.12/site-packages/planning_bolide-0.1.0-py3.12.egg-info' (and everything under it)\n"}
[10.824396] (control_bolide) StdoutLine: {'line': b'Copying ../../build/control_bolide/control_bolide.egg-info to /home/voiture/course_2025_slam_pkgs/workspace/install/control_bolide/lib/python3.12/site-packages/control_bolide-0.1.0-py3.12.egg-info\n'}
[10.825074] (planning_bolide) StdoutLine: {'line': b'Copying ../../build/planning_bolide/planning_bolide.egg-info to /home/voiture/course_2025_slam_pkgs/workspace/install/planning_bolide/lib/python3.12/site-packages/planning_bolide-0.1.0-py3.12.egg-info\n'}
[10.827358] (control_bolide) StdoutLine: {'line': b'running install_scripts\n'}
[10.828650] (planning_bolide) StdoutLine: {'line': b'running install_scripts\n'}
[10.847457] (-) TimerEvent: {}
[10.950296] (-) TimerEvent: {}
[11.050706] (-) TimerEvent: {}
[11.072175] (perception_bolide) StdoutLine: {'line': b'Removing /home/voiture/course_2025_slam_pkgs/workspace/install/perception_bolide/lib/python3.12/site-packages/perception-bolide.egg-link (link to .)\n'}
[11.078598] (control_bolide) StdoutLine: {'line': b'Installing ackermann_controller script to /home/voiture/course_2025_slam_pkgs/workspace/install/control_bolide/lib/control_bolide\n'}
[11.078963] (control_bolide) StdoutLine: {'line': b'Installing calibration_direction script to /home/voiture/course_2025_slam_pkgs/workspace/install/control_bolide/lib/control_bolide\n'}
[11.079161] (control_bolide) StdoutLine: {'line': b'Installing calibration_direction_copy script to /home/voiture/course_2025_slam_pkgs/workspace/install/control_bolide/lib/control_bolide\n'}
[11.080425] (control_bolide) StdoutLine: {'line': b'Installing cmd_dir script to /home/voiture/course_2025_slam_pkgs/workspace/install/control_bolide/lib/control_bolide\n'}
[11.083233] (control_bolide) StdoutLine: {'line': b'Installing cmd_vel_vizu script to /home/voiture/course_2025_slam_pkgs/workspace/install/control_bolide/lib/control_bolide\n'}
[11.083613] (control_bolide) StdoutLine: {'line': b'Installing obstacle_detection script to /home/voiture/course_2025_slam_pkgs/workspace/install/control_bolide/lib/control_bolide\n'}
[11.085251] (control_bolide) StdoutLine: {'line': b'Installing speed_direction_controller script to /home/voiture/course_2025_slam_pkgs/workspace/install/control_bolide/lib/control_bolide\n'}
[11.088073] (control_bolide) StdoutLine: {'line': b'Installing stanley_controller script to /home/voiture/course_2025_slam_pkgs/workspace/install/control_bolide/lib/control_bolide\n'}
[11.090441] (control_bolide) StdoutLine: {'line': b"writing list of installed files to '/home/voiture/course_2025_slam_pkgs/workspace/build/control_bolide/install.log'\n"}
[11.095030] (planning_bolide) StdoutLine: {'line': b'Installing speed_direction_controller script to /home/voiture/course_2025_slam_pkgs/workspace/install/planning_bolide/lib/planning_bolide\n'}
[11.098017] (planning_bolide) StdoutLine: {'line': b'Installing teleop_node script to /home/voiture/course_2025_slam_pkgs/workspace/install/planning_bolide/lib/planning_bolide\n'}
[11.099277] (planning_bolide) StdoutLine: {'line': b"writing list of installed files to '/home/voiture/course_2025_slam_pkgs/workspace/build/planning_bolide/install.log'\n"}
[11.152249] (-) TimerEvent: {}
[11.256488] (perception_bolide) CommandEnded: {'returncode': 0}
[11.257360] (-) TimerEvent: {}
[11.258902] (perception_bolide) Command: {'cmd': ['/usr/bin/python3', '-W', 'ignore:setup.py install is deprecated', '-W', 'ignore:easy_install command is deprecated', 'setup.py', 'egg_info', '--egg-base', '../../build/perception_bolide', 'build', '--build-base', '/home/voiture/course_2025_slam_pkgs/workspace/build/perception_bolide/build', 'install', '--record', '/home/voiture/course_2025_slam_pkgs/workspace/build/perception_bolide/install.log', '--single-version-externally-managed', 'install_data', '--force'], 'cwd': '/home/voiture/course_2025_slam_pkgs/workspace/src/perception_bolide', 'env': {'LESSOPEN': '| /usr/bin/lesspipe %s', 'USER': 'voiture', 'XDG_SESSION_TYPE': 'wayland', 'SHLVL': '1', 'LD_LIBRARY_PATH': '/home/voiture/course_2025_slam_pkgs/workspace/install/bolide_interfaces/lib:/opt/ros/jazzy/opt/rviz_ogre_vendor/lib:/opt/ros/jazzy/lib/aarch64-linux-gnu:/opt/ros/jazzy/opt/gz_math_vendor/lib:/opt/ros/jazzy/opt/gz_utils_vendor/lib:/opt/ros/jazzy/opt/gz_cmake_vendor/lib:/opt/ros/jazzy/lib', 'HOME': '/home/voiture', 'OLDPWD': '/home/voiture/course_2025_slam_pkgs/workspace/src', 'DESKTOP_SESSION': 'ubuntu', 'ROS_PYTHON_VERSION': '3', 'GNOME_SHELL_SESSION_MODE': 'ubuntu', 'GTK_MODULES': 'gail:atk-bridge', 'SYSTEMD_EXEC_PID': '1686', 'GSM_SKIP_SSH_AGENT_WORKAROUND': 'true', 'DBUS_SESSION_BUS_ADDRESS': 'unix:path=/run/user/1002/bus', 'COLORTERM': 'truecolor', 'DEBUGINFOD_URLS': 'https://debuginfod.ubuntu.com', 'IM_CONFIG_PHASE': '1', 'WAYLAND_DISPLAY': 'wayland-0', 'ROS_DISTRO': 'jazzy', 'LOGNAME': 'voiture', '_': '/usr/bin/colcon', 'ROS_VERSION': '2', 'MEMORY_PRESSURE_WATCH': '/sys/fs/cgroup/user.slice/user-1002.slice/user@1002.service/session.slice/org.gnome.Shell@wayland.service/memory.pressure', 'XDG_SESSION_CLASS': 'user', 'USERNAME': 'voiture', 'TERM': 'xterm-256color', 'GNOME_DESKTOP_SESSION_ID': 'this-is-deprecated', 'PATH': '/opt/ros/jazzy/bin:/usr/local/sbin:/usr/local/bin:/usr/sbin:/usr/bin:/sbin:/bin:/usr/games:/usr/local/games:/snap/bin:/snap/bin', 'SESSION_MANAGER': 'local/voiture1:@/tmp/.ICE-unix/1646,unix/voiture1:/tmp/.ICE-unix/1646', 'XDG_MENU_PREFIX': 'gnome-', 'GNOME_TERMINAL_SCREEN': '/org/gnome/Terminal/screen/a24b5abc_ecb0_4c2b_ab75_9edd28611d98', 'GNOME_SETUP_DISPLAY': ':1', 'XDG_RUNTIME_DIR': '/run/user/1002', 'DISPLAY': ':0', 'LANG': 'C.UTF-8', 'XDG_CURRENT_DESKTOP': 'ubuntu:GNOME', 'XMODIFIERS': '@im=ibus', 'XDG_SESSION_DESKTOP': 'ubuntu', 'XAUTHORITY': '/run/user/1002/.mutter-Xwaylandauth.G78142', 'LS_COLORS': 'rs=0:di=01;34:ln=01;36:mh=00:pi=40;33:so=01;35:do=01;35:bd=40;33;01:cd=40;33;01:or=40;31;01:mi=00:su=37;41:sg=30;43:ca=00:tw=30;42:ow=34;42:st=37;44:ex=01;32:*.tar=01;31:*.tgz=01;31:*.arc=01;31:*.arj=01;31:*.taz=01;31:*.lha=01;31:*.lz4=01;31:*.lzh=01;31:*.lzma=01;31:*.tlz=01;31:*.txz=01;31:*.tzo=01;31:*.t7z=01;31:*.zip=01;31:*.z=01;31:*.dz=01;31:*.gz=01;31:*.lrz=01;31:*.lz=01;31:*.lzo=01;31:*.xz=01;31:*.zst=01;31:*.tzst=01;31:*.bz2=01;31:*.bz=01;31:*.tbz=01;31:*.tbz2=01;31:*.tz=01;31:*.deb=01;31:*.rpm=01;31:*.jar=01;31:*.war=01;31:*.ear=01;31:*.sar=01;31:*.rar=01;31:*.alz=01;31:*.ace=01;31:*.zoo=01;31:*.cpio=01;31:*.7z=01;31:*.rz=01;31:*.cab=01;31:*.wim=01;31:*.swm=01;31:*.dwm=01;31:*.esd=01;31:*.avif=01;35:*.jpg=01;35:*.jpeg=01;35:*.mjpg=01;35:*.mjpeg=01;35:*.gif=01;35:*.bmp=01;35:*.pbm=01;35:*.pgm=01;35:*.ppm=01;35:*.tga=01;35:*.xbm=01;35:*.xpm=01;35:*.tif=01;35:*.tiff=01;35:*.png=01;35:*.svg=01;35:*.svgz=01;35:*.mng=01;35:*.pcx=01;35:*.mov=01;35:*.mpg=01;35:*.mpeg=01;35:*.m2v=01;35:*.mkv=01;35:*.webm=01;35:*.webp=01;35:*.ogm=01;35:*.mp4=01;35:*.m4v=01;35:*.mp4v=01;35:*.vob=01;35:*.qt=01;35:*.nuv=01;35:*.wmv=01;35:*.asf=01;35:*.rm=01;35:*.rmvb=01;35:*.flc=01;35:*.avi=01;35:*.fli=01;35:*.flv=01;35:*.gl=01;35:*.dl=01;35:*.xcf=01;35:*.xwd=01;35:*.yuv=01;35:*.cgm=01;35:*.emf=01;35:*.ogv=01;35:*.ogx=01;35:*.aac=00;36:*.au=00;36:*.flac=00;36:*.m4a=00;36:*.mid=00;36:*.midi=00;36:*.mka=00;36:*.mp3=00;36:*.mpc=00;36:*.ogg=00;36:*.ra=00;36:*.wav=00;36:*.oga=00;36:*.opus=00;36:*.spx=00;36:*.xspf=00;36:*~=00;90:*#=00;90:*.bak=00;90:*.crdownload=00;90:*.dpkg-dist=00;90:*.dpkg-new=00;90:*.dpkg-old=00;90:*.dpkg-tmp=00;90:*.old=00;90:*.orig=00;90:*.part=00;90:*.rej=00;90:*.rpmnew=00;90:*.rpmorig=00;90:*.rpmsave=00;90:*.swp=00;90:*.tmp=00;90:*.ucf-dist=00;90:*.ucf-new=00;90:*.ucf-old=00;90:', 'GNOME_TERMINAL_SERVICE': ':1.106', 'SSH_AUTH_SOCK': '/run/user/1002/keyring/ssh', 'ROS_DOMAIN_ID': '10', 'AMENT_PREFIX_PATH': '/home/voiture/course_2025_slam_pkgs/workspace/install/bolide_interfaces:/opt/ros/jazzy', 'SHELL': '/bin/bash', 'QT_ACCESSIBILITY': '1', 'GDMSESSION': 'ubuntu', 'LESSCLOSE': '/usr/bin/lesspipe %s %s', 'ROS_AUTOMATIC_DISCOVERY_RANGE': 'SUBNET', 'QT_IM_MODULE': 'ibus', 'PWD': '/home/voiture/course_2025_slam_pkgs/workspace/build/perception_bolide', 'XDG_CONFIG_DIRS': '/etc/xdg/xdg-ubuntu:/etc/xdg', 'XDG_DATA_DIRS': '/usr/share/ubuntu:/usr/share/gnome:/usr/local/share/:/usr/share/:/var/lib/snapd/desktop', 'PYTHONPATH': '/home/voiture/course_2025_slam_pkgs/workspace/build/perception_bolide/prefix_override:/usr/lib/python3/dist-packages/colcon_core/task/python/colcon_distutils_commands:/home/voiture/course_2025_slam_pkgs/workspace/install/perception_bolide/lib/python3.12/site-packages:/home/voiture/course_2025_slam_pkgs/workspace/install/bolide_interfaces/lib/python3.12/site-packages:/opt/ros/jazzy/lib/python3.12/site-packages', 'COLCON': '1', 'MEMORY_PRESSURE_WRITE': 'c29tZSAyMDAwMDAgMjAwMDAwMAA=', 'VTE_VERSION': '7600', 'CMAKE_PREFIX_PATH': '/home/voiture/course_2025_slam_pkgs/workspace/install/bolide_interfaces:/opt/ros/jazzy/opt/gz_math_vendor:/opt/ros/jazzy/opt/gz_utils_vendor:/opt/ros/jazzy/opt/gz_cmake_vendor'}, 'shell': False}
[11.279232] (control_bolide) CommandEnded: {'returncode': 0}
[11.302936] (control_bolide) JobEnded: {'identifier': 'control_bolide', 'rc': 0}
[11.304989] (planning_bolide) CommandEnded: {'returncode': 0}
[11.327433] (planning_bolide) JobEnded: {'identifier': 'planning_bolide', 'rc': 0}
[11.357494] (-) TimerEvent: {}
[11.459029] (-) TimerEvent: {}
[11.559445] (-) TimerEvent: {}
[11.659845] (-) TimerEvent: {}
[11.762590] (-) TimerEvent: {}
[11.803301] (perception_bolide) StdoutLine: {'line': b'running egg_info\n'}
[11.848049] (perception_bolide) StdoutLine: {'line': b'writing ../../build/perception_bolide/perception_bolide.egg-info/PKG-INFO\n'}
[11.848398] (perception_bolide) StdoutLine: {'line': b'writing dependency_links to ../../build/perception_bolide/perception_bolide.egg-info/dependency_links.txt\n'}
[11.851618] (perception_bolide) StdoutLine: {'line': b'writing entry points to ../../build/perception_bolide/perception_bolide.egg-info/entry_points.txt\n'}
[11.851917] (perception_bolide) StdoutLine: {'line': b'writing requirements to ../../build/perception_bolide/perception_bolide.egg-info/requires.txt\n'}
[11.852537] (perception_bolide) StdoutLine: {'line': b'writing top-level names to ../../build/perception_bolide/perception_bolide.egg-info/top_level.txt\n'}
[11.862707] (-) TimerEvent: {}
[11.961889] (perception_bolide) StdoutLine: {'line': b"reading manifest file '../../build/perception_bolide/perception_bolide.egg-info/SOURCES.txt'\n"}
[11.962734] (perception_bolide) StdoutLine: {'line': b"adding license file 'LICENSE'\n"}
[11.962952] (-) TimerEvent: {}
[11.968049] (perception_bolide) StdoutLine: {'line': b"writing manifest file '../../build/perception_bolide/perception_bolide.egg-info/SOURCES.txt'\n"}
[11.968405] (perception_bolide) StdoutLine: {'line': b'running build\n'}
[11.968560] (perception_bolide) StdoutLine: {'line': b'running build_py\n'}
[11.968694] (perception_bolide) StdoutLine: {'line': b'copying perception_bolide/calibrate_color.py -> /home/voiture/course_2025_slam_pkgs/workspace/build/perception_bolide/build/lib/perception_bolide\n'}
[11.968930] (perception_bolide) StdoutLine: {'line': b'copying perception_bolide/camera_info.py -> /home/voiture/course_2025_slam_pkgs/workspace/build/perception_bolide/build/lib/perception_bolide\n'}
[11.969092] (perception_bolide) StdoutLine: {'line': b'running install\n'}
[11.984233] (perception_bolide) StdoutLine: {'line': b'running install_lib\n'}
[12.019134] (perception_bolide) StdoutLine: {'line': b'creating /home/voiture/course_2025_slam_pkgs/workspace/install/perception_bolide/lib/python3.12/site-packages/perception_bolide\n'}
[12.022209] (perception_bolide) StdoutLine: {'line': b'copying /home/voiture/course_2025_slam_pkgs/workspace/build/perception_bolide/build/lib/perception_bolide/odom_fork_imu.py -> /home/voiture/course_2025_slam_pkgs/workspace/install/perception_bolide/lib/python3.12/site-packages/perception_bolide\n'}
[12.022367] (perception_bolide) StdoutLine: {'line': b'copying /home/voiture/course_2025_slam_pkgs/workspace/build/perception_bolide/build/lib/perception_bolide/camera_publisher.py -> /home/voiture/course_2025_slam_pkgs/workspace/install/perception_bolide/lib/python3.12/site-packages/perception_bolide\n'}
[12.022476] (perception_bolide) StdoutLine: {'line': b'copying /home/voiture/course_2025_slam_pkgs/workspace/build/perception_bolide/build/lib/perception_bolide/processing_dbscan.py -> /home/voiture/course_2025_slam_pkgs/workspace/install/perception_bolide/lib/python3.12/site-packages/perception_bolide\n'}
[12.022596] (perception_bolide) StdoutLine: {'line': b'copying /home/voiture/course_2025_slam_pkgs/workspace/build/perception_bolide/build/lib/perception_bolide/calibrate_color.py -> /home/voiture/course_2025_slam_pkgs/workspace/install/perception_bolide/lib/python3.12/site-packages/perception_bolide\n'}
[12.022689] (perception_bolide) StdoutLine: {'line': b'copying /home/voiture/course_2025_slam_pkgs/workspace/build/perception_bolide/build/lib/perception_bolide/lidar_publisher.py -> /home/voiture/course_2025_slam_pkgs/workspace/install/perception_bolide/lib/python3.12/site-packages/perception_bolide\n'}
[12.022779] (perception_bolide) StdoutLine: {'line': b'copying /home/voiture/course_2025_slam_pkgs/workspace/build/perception_bolide/build/lib/perception_bolide/rear_ranges_publisher.py -> /home/voiture/course_2025_slam_pkgs/workspace/install/perception_bolide/lib/python3.12/site-packages/perception_bolide\n'}
[12.022870] (perception_bolide) StdoutLine: {'line': b'copying /home/voiture/course_2025_slam_pkgs/workspace/build/perception_bolide/build/lib/perception_bolide/db_scan.py -> /home/voiture/course_2025_slam_pkgs/workspace/install/perception_bolide/lib/python3.12/site-packages/perception_bolide\n'}
[12.022994] (perception_bolide) StdoutLine: {'line': b'copying /home/voiture/course_2025_slam_pkgs/workspace/build/perception_bolide/build/lib/perception_bolide/lidar_process.py -> /home/voiture/course_2025_slam_pkgs/workspace/install/perception_bolide/lib/python3.12/site-packages/perception_bolide\n'}
[12.023108] (perception_bolide) StdoutLine: {'line': b'copying /home/voiture/course_2025_slam_pkgs/workspace/build/perception_bolide/build/lib/perception_bolide/odom_fork_imu_sim.py -> /home/voiture/course_2025_slam_pkgs/workspace/install/perception_bolide/lib/python3.12/site-packages/perception_bolide\n'}
[12.023207] (perception_bolide) StdoutLine: {'line': b'copying /home/voiture/course_2025_slam_pkgs/workspace/build/perception_bolide/build/lib/perception_bolide/lidar_vizu.py -> /home/voiture/course_2025_slam_pkgs/workspace/install/perception_bolide/lib/python3.12/site-packages/perception_bolide\n'}
[12.023307] (perception_bolide) StdoutLine: {'line': b'copying /home/voiture/course_2025_slam_pkgs/workspace/build/perception_bolide/build/lib/perception_bolide/stm32_publisher.py -> /home/voiture/course_2025_slam_pkgs/workspace/install/perception_bolide/lib/python3.12/site-packages/perception_bolide\n'}
[12.023404] (perception_bolide) StdoutLine: {'line': b'copying /home/voiture/course_2025_slam_pkgs/workspace/build/perception_bolide/build/lib/perception_bolide/__init__.py -> /home/voiture/course_2025_slam_pkgs/workspace/install/perception_bolide/lib/python3.12/site-packages/perception_bolide\n'}
[12.023540] (perception_bolide) StdoutLine: {'line': b'copying /home/voiture/course_2025_slam_pkgs/workspace/build/perception_bolide/build/lib/perception_bolide/fork_publisher.py -> /home/voiture/course_2025_slam_pkgs/workspace/install/perception_bolide/lib/python3.12/site-packages/perception_bolide\n'}
[12.023653] (perception_bolide) StdoutLine: {'line': b'copying /home/voiture/course_2025_slam_pkgs/workspace/build/perception_bolide/build/lib/perception_bolide/camera_opencv.py -> /home/voiture/course_2025_slam_pkgs/workspace/install/perception_bolide/lib/python3.12/site-packages/perception_bolide\n'}
[12.023750] (perception_bolide) StdoutLine: {'line': b'copying /home/voiture/course_2025_slam_pkgs/workspace/build/perception_bolide/build/lib/perception_bolide/launch_ekf_map.py -> /home/voiture/course_2025_slam_pkgs/workspace/install/perception_bolide/lib/python3.12/site-packages/perception_bolide\n'}
[12.023996] (perception_bolide) StdoutLine: {'line': b'copying /home/voiture/course_2025_slam_pkgs/workspace/build/perception_bolide/build/lib/perception_bolide/imu_publisher.py -> /home/voiture/course_2025_slam_pkgs/workspace/install/perception_bolide/lib/python3.12/site-packages/perception_bolide\n'}
[12.024167] (perception_bolide) StdoutLine: {'line': b'copying /home/voiture/course_2025_slam_pkgs/workspace/build/perception_bolide/build/lib/perception_bolide/camera_info.py -> /home/voiture/course_2025_slam_pkgs/workspace/install/perception_bolide/lib/python3.12/site-packages/perception_bolide\n'}
[12.024286] (perception_bolide) StdoutLine: {'line': b'byte-compiling /home/voiture/course_2025_slam_pkgs/workspace/install/perception_bolide/lib/python3.12/site-packages/perception_bolide/odom_fork_imu.py to odom_fork_imu.cpython-312.pyc\n'}
[12.025611] (perception_bolide) StdoutLine: {'line': b'byte-compiling /home/voiture/course_2025_slam_pkgs/workspace/install/perception_bolide/lib/python3.12/site-packages/perception_bolide/camera_publisher.py to camera_publisher.cpython-312.pyc\n'}
[12.026906] (perception_bolide) StdoutLine: {'line': b'byte-compiling /home/voiture/course_2025_slam_pkgs/workspace/install/perception_bolide/lib/python3.12/site-packages/perception_bolide/processing_dbscan.py to processing_dbscan.cpython-312.pyc\n'}
[12.029078] (perception_bolide) StdoutLine: {'line': b'byte-compiling /home/voiture/course_2025_slam_pkgs/workspace/install/perception_bolide/lib/python3.12/site-packages/perception_bolide/calibrate_color.py to calibrate_color.cpython-312.pyc\n'}
[12.031049] (perception_bolide) StdoutLine: {'line': b'byte-compiling /home/voiture/course_2025_slam_pkgs/workspace/install/perception_bolide/lib/python3.12/site-packages/perception_bolide/lidar_publisher.py to lidar_publisher.cpython-312.pyc\n'}
[12.032789] (perception_bolide) StdoutLine: {'line': b'byte-compiling /home/voiture/course_2025_slam_pkgs/workspace/install/perception_bolide/lib/python3.12/site-packages/perception_bolide/rear_ranges_publisher.py to rear_ranges_publisher.cpython-312.pyc\n'}
[12.034427] (perception_bolide) StdoutLine: {'line': b'byte-compiling /home/voiture/course_2025_slam_pkgs/workspace/install/perception_bolide/lib/python3.12/site-packages/perception_bolide/db_scan.py to db_scan.cpython-312.pyc\n'}
[12.035834] (perception_bolide) StdoutLine: {'line': b'byte-compiling /home/voiture/course_2025_slam_pkgs/workspace/install/perception_bolide/lib/python3.12/site-packages/perception_bolide/lidar_process.py to lidar_process.cpython-312.pyc\n'}
[12.044313] (perception_bolide) StdoutLine: {'line': b'byte-compiling /home/voiture/course_2025_slam_pkgs/workspace/install/perception_bolide/lib/python3.12/site-packages/perception_bolide/odom_fork_imu_sim.py to odom_fork_imu_sim.cpython-312.pyc\n'}
[12.044657] (perception_bolide) StdoutLine: {'line': b'byte-compiling /home/voiture/course_2025_slam_pkgs/workspace/install/perception_bolide/lib/python3.12/site-packages/perception_bolide/lidar_vizu.py to lidar_vizu.cpython-312.pyc\n'}
[12.044821] (perception_bolide) StdoutLine: {'line': b'byte-compiling /home/voiture/course_2025_slam_pkgs/workspace/install/perception_bolide/lib/python3.12/site-packages/perception_bolide/stm32_publisher.py to stm32_publisher.cpython-312.pyc\n'}
[12.050047] (perception_bolide) StdoutLine: {'line': b'byte-compiling /home/voiture/course_2025_slam_pkgs/workspace/install/perception_bolide/lib/python3.12/site-packages/perception_bolide/__init__.py to __init__.cpython-312.pyc\n'}
[12.050453] (perception_bolide) StdoutLine: {'line': b'byte-compiling /home/voiture/course_2025_slam_pkgs/workspace/install/perception_bolide/lib/python3.12/site-packages/perception_bolide/fork_publisher.py to fork_publisher.cpython-312.pyc\n'}
[12.050654] (perception_bolide) StdoutLine: {'line': b'byte-compiling /home/voiture/course_2025_slam_pkgs/workspace/install/perception_bolide/lib/python3.12/site-packages/perception_bolide/camera_opencv.py to camera_opencv.cpython-312.pyc\n'}
[12.051346] (perception_bolide) StdoutLine: {'line': b'byte-compiling /home/voiture/course_2025_slam_pkgs/workspace/install/perception_bolide/lib/python3.12/site-packages/perception_bolide/launch_ekf_map.py to launch_ekf_map.cpython-312.pyc\n'}
[12.053988] (perception_bolide) StdoutLine: {'line': b'byte-compiling /home/voiture/course_2025_slam_pkgs/workspace/install/perception_bolide/lib/python3.12/site-packages/perception_bolide/imu_publisher.py to imu_publisher.cpython-312.pyc\n'}
[12.054374] (perception_bolide) StdoutLine: {'line': b'byte-compiling /home/voiture/course_2025_slam_pkgs/workspace/install/perception_bolide/lib/python3.12/site-packages/perception_bolide/camera_info.py to camera_info.cpython-312.pyc\n'}
[12.057074] (perception_bolide) StdoutLine: {'line': b'running install_data\n'}
[12.058347] (perception_bolide) StdoutLine: {'line': b'copying resource/perception_bolide -> /home/voiture/course_2025_slam_pkgs/workspace/install/perception_bolide/share/ament_index/resource_index/packages\n'}
[12.058641] (perception_bolide) StdoutLine: {'line': b'copying package.xml -> /home/voiture/course_2025_slam_pkgs/workspace/install/perception_bolide/share/perception_bolide\n'}
[12.058792] (perception_bolide) StdoutLine: {'line': b'copying launch/perception.launch.py -> /home/voiture/course_2025_slam_pkgs/workspace/install/perception_bolide/share/perception_bolide/launch\n'}
[12.059050] (perception_bolide) StdoutLine: {'line': b'copying launch/process.launch.py -> /home/voiture/course_2025_slam_pkgs/workspace/install/perception_bolide/share/perception_bolide/launch\n'}
[12.059240] (perception_bolide) StdoutLine: {'line': b'copying launch/main_publisher.launch.py -> /home/voiture/course_2025_slam_pkgs/workspace/install/perception_bolide/share/perception_bolide/launch\n'}
[12.059452] (perception_bolide) StdoutLine: {'line': b'running install_egg_info\n'}
[12.064249] (-) TimerEvent: {}
[12.123643] (perception_bolide) StdoutLine: {'line': b'Copying ../../build/perception_bolide/perception_bolide.egg-info to /home/voiture/course_2025_slam_pkgs/workspace/install/perception_bolide/lib/python3.12/site-packages/perception_bolide-0.1.0-py3.12.egg-info\n'}
[12.126490] (perception_bolide) StdoutLine: {'line': b'running install_scripts\n'}
[12.165282] (-) TimerEvent: {}
[12.265909] (-) TimerEvent: {}
[12.374475] (-) TimerEvent: {}
[12.475154] (-) TimerEvent: {}
[12.490554] (perception_bolide) StdoutLine: {'line': b'Installing calibrate_color script to /home/voiture/course_2025_slam_pkgs/workspace/install/perception_bolide/lib/perception_bolide\n'}
[12.491202] (perception_bolide) StdoutLine: {'line': b'Installing camera_info script to /home/voiture/course_2025_slam_pkgs/workspace/install/perception_bolide/lib/perception_bolide\n'}
[12.491382] (perception_bolide) StdoutLine: {'line': b'Installing camera_opencv script to /home/voiture/course_2025_slam_pkgs/workspace/install/perception_bolide/lib/perception_bolide\n'}
[12.491496] (perception_bolide) StdoutLine: {'line': b'Installing camera_publisher script to /home/voiture/course_2025_slam_pkgs/workspace/install/perception_bolide/lib/perception_bolide\n'}
[12.495247] (perception_bolide) StdoutLine: {'line': b'Installing dbscan_node script to /home/voiture/course_2025_slam_pkgs/workspace/install/perception_bolide/lib/perception_bolide\n'}
[12.495821] (perception_bolide) StdoutLine: {'line': b'Installing fork_publisher script to /home/voiture/course_2025_slam_pkgs/workspace/install/perception_bolide/lib/perception_bolide\n'}
[12.498059] (perception_bolide) StdoutLine: {'line': b'Installing imu_publisher script to /home/voiture/course_2025_slam_pkgs/workspace/install/perception_bolide/lib/perception_bolide\n'}
[12.498447] (perception_bolide) StdoutLine: {'line': b'Installing launch_ekf_map script to /home/voiture/course_2025_slam_pkgs/workspace/install/perception_bolide/lib/perception_bolide\n'}
[12.500045] (perception_bolide) StdoutLine: {'line': b'Installing lidar_process script to /home/voiture/course_2025_slam_pkgs/workspace/install/perception_bolide/lib/perception_bolide\n'}
[12.501592] (perception_bolide) StdoutLine: {'line': b'Installing lidar_publisher script to /home/voiture/course_2025_slam_pkgs/workspace/install/perception_bolide/lib/perception_bolide\n'}
[12.502230] (perception_bolide) StdoutLine: {'line': b'Installing lidar_vizu script to /home/voiture/course_2025_slam_pkgs/workspace/install/perception_bolide/lib/perception_bolide\n'}
[12.503844] (perception_bolide) StdoutLine: {'line': b'Installing odom_fork_imu script to /home/voiture/course_2025_slam_pkgs/workspace/install/perception_bolide/lib/perception_bolide\n'}
[12.505835] (perception_bolide) StdoutLine: {'line': b'Installing odom_fork_imu_sim script to /home/voiture/course_2025_slam_pkgs/workspace/install/perception_bolide/lib/perception_bolide\n'}
[12.508261] (perception_bolide) StdoutLine: {'line': b'Installing rear_ranges_publisher script to /home/voiture/course_2025_slam_pkgs/workspace/install/perception_bolide/lib/perception_bolide\n'}
[12.508733] (perception_bolide) StdoutLine: {'line': b'Installing stm32_publisher script to /home/voiture/course_2025_slam_pkgs/workspace/install/perception_bolide/lib/perception_bolide\n'}
[12.509615] (perception_bolide) StdoutLine: {'line': b"writing list of installed files to '/home/voiture/course_2025_slam_pkgs/workspace/build/perception_bolide/install.log'\n"}
[12.576580] (-) TimerEvent: {}
[12.677501] (-) TimerEvent: {}
[12.684126] (perception_bolide) CommandEnded: {'returncode': 0}
[12.710256] (perception_bolide) JobEnded: {'identifier': 'perception_bolide', 'rc': 0}
[12.712652] (-) EventReactorShutdown: {}
